payment_id,customer_id,amount,currency,payment_method,failure_reason,attempt_number,previous_successes,previous_failures,customer_avg_amount,transaction_time,hour,day_of_week,recovered,recovery_amount
pay_demo_000001,cust_0655,5744.29,INR,debit_card,insufficient_funds,1,3,5,22349.7,2026-04-10T21:25:02.086831,21,4,0,0.0
pay_demo_000002,cust_0433,1782.78,INR,upi,insufficient_funds,1,19,0,17056.73,2026-03-14T01:28:02.087072,1,5,1,1627.55
pay_demo_000003,cust_0460,29545.43,INR,upi,insufficient_funds,1,10,2,5086.65,2026-06-02T20:57:02.087124,20,1,1,26797.38
pay_demo_000004,cust_0368,42405.22,INR,debit_card,bank_timeout,2,17,0,29206.92,2026-05-23T21:27:02.087166,21,5,0,0.0
pay_demo_000005,cust_0301,41504.35,INR,debit_card,network_error,1,2,0,20007.27,2026-06-14T21:08:02.087197,21,6,1,36727.97
pay_demo_000006,cust_0104,19130.29,INR,netbanking,authentication_failed,2,5,2,10980.49,2026-03-09T15:18:02.087222,15,0,0,0.0
pay_demo_000007,cust_0960,34240.67,INR,upi,network_error,1,17,5,7721.92,2026-05-01T11:45:02.087241,11,4,1,34186.86
pay_demo_000008,cust_0656,34470.47,INR,credit_card,authentication_failed,1,1,1,24743.18,2026-06-08T11:45:02.087270,11,0,1,29642.13
pay_demo_000009,cust_0936,47156.9,INR,debit_card,insufficient_funds,1,12,5,14036.13,2026-06-21T19:47:02.087312,19,6,0,0.0
pay_demo_000010,cust_0763,28156.13,INR,debit_card,authentication_failed,1,18,3,11178.9,2026-07-23T07:31:02.087341,7,3,1,24316.66
pay_demo_000011,cust_0049,43082.92,INR,credit_card,authentication_failed,1,13,4,2374.07,2026-05-22T04:33:02.087362,4,4,0,0.0
pay_demo_000012,cust_0542,12720.42,INR,upi,authentication_failed,2,17,2,23173.66,2026-06-01T20:44:02.087382,20,0,1,11641.92
pay_demo_000013,cust_0465,361.62,INR,debit_card,network_error,2,16,0,26180.3,2026-06-12T03:30:02.087417,3,4,1,340.41
pay_demo_000014,cust_0157,18820.91,INR,credit_card,network_error,3,16,0,18168.87,2026-04-24T23:55:02.087440,23,4,1,18620.75
pay_demo_000015,cust_0900,49269.0,INR,debit_card,insufficient_funds,1,18,0,3026.78,2026-04-25T21:14:02.087463,21,5,0,0.0
pay_demo_000016,cust_0546,38338.55,INR,credit_card,authentication_failed,1,17,1,8319.17,2026-03-25T10:49:02.087481,10,2,1,37929.75
pay_demo_000017,cust_0774,36550.57,INR,credit_card,authentication_failed,1,20,2,13423.95,2026-04-17T09:55:02.087499,9,4,0,0.0
pay_demo_000018,cust_0254,11389.93,INR,debit_card,bank_timeout,1,7,4,6996.41,2026-08-09T01:22:02.087517,1,6,1,9782.03
pay_demo_000019,cust_0070,45289.92,INR,debit_card,bank_timeout,1,8,5,14819.73,2026-04-11T19:16:02.087535,19,5,1,44851.84
pay_demo_000020,cust_0585,28895.34,INR,credit_card,card_declined,2,6,0,3359.46,2026-05-09T12:35:02.087555,12,5,0,0.0
pay_demo_000021,cust_0421,23457.83,INR,upi,authentication_failed,1,20,0,2288.07,2026-06-02T20:47:02.087588,20,1,1,20613.3
pay_demo_000022,cust_0550,22540.95,INR,netbanking,insufficient_funds,1,7,0,13572.36,2026-04-09T20:59:02.087609,20,3,0,0.0
pay_demo_000023,cust_0668,49964.27,INR,upi,bank_timeout,2,7,1,12489.21,2026-04-26T17:07:02.087629,17,6,0,0.0
pay_demo_000024,cust_0411,45141.65,INR,credit_card,card_declined,1,12,2,27832.28,2026-05-03T14:35:02.087650,14,6,0,0.0
pay_demo_000025,cust_0714,47874.42,INR,netbanking,insufficient_funds,1,6,0,17585.82,2026-04-11T22:15:02.087669,22,5,1,42945.3
pay_demo_000026,cust_0052,29292.04,INR,credit_card,bank_timeout,3,2,1,2521.38,2026-08-10T02:07:02.087688,2,0,1,25931.67
pay_demo_000027,cust_0123,47091.49,INR,credit_card,network_error,1,19,0,12867.14,2026-03-31T05:29:02.087707,5,1,1,42262.52
pay_demo_000028,cust_0268,10372.11,INR,debit_card,insufficient_funds,1,4,5,19542.27,2026-05-02T13:03:02.087727,13,5,1,9986.06
pay_demo_000029,cust_0075,663.91,INR,upi,bank_timeout,1,16,2,4407.47,2026-05-30T21:06:02.087754,21,5,1,588.65
pay_demo_000030,cust_0292,8055.79,INR,debit_card,network_error,3,20,4,730.78,2026-04-08T14:03:02.087776,14,2,1,7649.04
pay_demo_000031,cust_0962,43930.72,INR,debit_card,bank_timeout,2,17,1,8534.27,2026-03-26T17:17:02.087794,17,3,1,39600.56
pay_demo_000032,cust_0704,31785.05,INR,debit_card,network_error,1,1,0,19211.39,2026-06-18T23:02:02.087811,23,3,0,0.0
pay_demo_000033,cust_0342,38601.74,INR,debit_card,insufficient_funds,2,17,5,13116.76,2026-08-25T20:58:02.087831,20,1,1,38283.57
pay_demo_000034,cust_0708,45215.64,INR,upi,upi_failure,1,4,3,4259.64,2026-06-10T12:05:02.087849,12,2,0,0.0
pay_demo_000035,cust_0956,39846.89,INR,upi,upi_failure,1,7,5,3532.41,2026-04-06T10:23:02.087867,10,0,0,0.0
pay_demo_000036,cust_0768,7896.76,INR,credit_card,insufficient_funds,3,5,3,1231.2,2026-06-03T10:11:02.087884,10,2,1,7505.76
pay_demo_000037,cust_0753,40575.32,INR,debit_card,insufficient_funds,2,3,3,26228.92,2026-04-29T16:50:02.087905,16,2,0,0.0
pay_demo_000038,cust_0837,45938.9,INR,debit_card,upi_failure,2,7,1,1198.1,2026-07-09T11:41:02.087921,11,3,0,0.0
pay_demo_000039,cust_0286,43244.78,INR,debit_card,upi_failure,1,12,5,29443.92,2026-04-12T14:01:02.087939,14,6,1,37506.25
pay_demo_000040,cust_0994,13208.52,INR,debit_card,bank_timeout,1,13,2,21992.08,2026-06-08T10:24:02.087957,10,0,1,13177.29
pay_demo_000041,cust_0119,19382.73,INR,credit_card,upi_failure,1,13,0,15837.65,2026-04-12T02:16:02.087974,2,6,0,0.0
pay_demo_000042,cust_0963,37149.11,INR,credit_card,upi_failure,1,10,4,9760.51,2026-07-27T00:05:02.087990,0,0,1,33250.25
pay_demo_000043,cust_0317,33411.27,INR,debit_card,card_declined,1,17,1,6159.28,2026-03-10T11:19:02.088010,11,1,0,0.0
pay_demo_000044,cust_0767,45159.72,INR,debit_card,card_declined,1,0,2,8963.95,2026-05-09T05:24:02.088026,5,5,0,0.0
pay_demo_000045,cust_0671,16248.01,INR,netbanking,card_declined,1,16,3,23915.19,2026-07-15T02:57:02.088042,2,2,0,0.0
pay_demo_000046,cust_0291,25869.51,INR,debit_card,bank_timeout,2,7,5,9657.37,2026-07-08T20:01:02.088058,20,2,1,22168.41
pay_demo_000047,cust_0487,30641.44,INR,upi,card_declined,1,20,4,6235.84,2026-03-02T11:31:02.088075,11,0,1,27882.11
pay_demo_000048,cust_0152,32871.69,INR,upi,bank_timeout,2,7,1,24221.24,2026-03-02T07:33:02.088093,7,0,1,28188.55
pay_demo_000049,cust_0256,45890.01,INR,upi,card_declined,1,14,5,16168.39,2026-04-06T04:42:02.088109,4,0,0,0.0
pay_demo_000050,cust_0973,37811.45,INR,netbanking,network_error,2,16,3,25001.79,2026-04-09T09:05:02.088125,9,3,0,0.0
pay_demo_000051,cust_0163,37234.04,INR,netbanking,card_declined,1,7,5,8680.68,2026-04-16T08:22:02.088141,8,3,0,0.0
pay_demo_000052,cust_0245,13874.95,INR,upi,authentication_failed,1,8,2,9931.43,2026-04-11T21:54:02.088157,21,5,0,0.0
pay_demo_000053,cust_0155,11716.82,INR,credit_card,authentication_failed,1,13,3,10261.0,2026-04-30T10:59:02.088177,10,3,0,0.0
pay_demo_000054,cust_0212,41677.98,INR,netbanking,network_error,2,0,4,11721.24,2026-08-26T12:43:02.088195,12,2,1,40136.78
pay_demo_000055,cust_0874,44603.75,INR,netbanking,network_error,2,17,4,26985.43,2026-04-25T16:45:02.088212,16,5,0,0.0
pay_demo_000056,cust_0447,24384.97,INR,netbanking,upi_failure,1,12,5,5368.82,2026-04-30T19:23:02.088228,19,3,0,0.0
pay_demo_000057,cust_0547,1542.93,INR,netbanking,network_error,1,0,0,19461.11,2026-07-24T09:51:02.088244,9,4,1,1323.13
pay_demo_000058,cust_0389,16502.16,INR,netbanking,upi_failure,1,12,2,22684.29,2026-05-12T15:09:02.088262,15,1,1,14229.58
pay_demo_000059,cust_0020,37501.41,INR,upi,upi_failure,1,2,5,1687.62,2026-08-20T16:50:02.088285,16,3,1,36597.04
pay_demo_000060,cust_0637,7788.64,INR,credit_card,card_declined,1,18,1,14218.5,2026-06-23T12:52:02.088305,12,1,1,7328.21
pay_demo_000061,cust_0987,37446.7,INR,upi,insufficient_funds,3,3,4,1257.51,2026-06-09T05:19:02.088323,5,1,0,0.0
pay_demo_000062,cust_0930,47917.01,INR,netbanking,authentication_failed,1,18,5,25001.86,2026-06-26T20:18:02.088339,20,4,0,0.0
pay_demo_000063,cust_0792,15218.82,INR,upi,network_error,2,11,4,13137.15,2026-05-25T21:30:02.088357,21,0,1,14414.22
pay_demo_000064,cust_0013,42508.87,INR,netbanking,bank_timeout,1,11,5,26801.46,2026-05-02T01:53:02.088374,1,5,0,0.0
pay_demo_000065,cust_0446,8971.62,INR,debit_card,network_error,2,17,3,14213.78,2026-03-29T15:42:02.088398,15,6,0,0.0
pay_demo_000066,cust_0873,12425.66,INR,upi,upi_failure,2,7,3,17310.56,2026-03-09T11:41:02.088430,11,0,1,10615.3
pay_demo_000067,cust_0872,16385.71,INR,netbanking,insufficient_funds,1,8,2,8749.93,2026-03-28T01:06:02.088466,1,5,1,14606.88
pay_demo_000068,cust_0011,25928.04,INR,credit_card,bank_timeout,1,13,3,16877.7,2026-06-27T01:32:02.088522,1,5,1,24550.88
pay_demo_000069,cust_0503,22519.09,INR,upi,bank_timeout,1,12,5,7677.5,2026-03-11T05:39:02.088570,5,2,1,20739.84
pay_demo_000070,cust_0544,17319.12,INR,debit_card,upi_failure,2,8,2,7916.41,2026-07-28T00:50:02.088607,0,1,1,15541.0
pay_demo_000071,cust_0761,26886.03,INR,credit_card,insufficient_funds,1,15,2,21875.26,2026-04-15T04:44:02.088647,4,2,1,26807.43
pay_demo_000072,cust_0853,9867.06,INR,credit_card,upi_failure,1,0,5,16256.99,2026-06-18T22:59:02.088678,22,3,0,0.0
pay_demo_000073,cust_0567,14748.4,INR,credit_card,authentication_failed,2,15,0,26245.23,2026-04-03T14:32:02.088700,14,4,1,13595.18
pay_demo_000074,cust_0349,9381.31,INR,upi,upi_failure,2,15,0,24752.41,2026-05-17T08:58:02.088718,8,6,1,8786.1
pay_demo_000075,cust_0703,2869.73,INR,credit_card,network_error,2,2,1,3994.32,2026-05-13T04:24:02.088735,4,2,1,2779.65
pay_demo_000076,cust_0232,38829.54,INR,netbanking,card_declined,2,9,4,29705.92,2026-06-10T05:23:02.088753,5,2,0,0.0
pay_demo_000077,cust_0062,30559.62,INR,upi,insufficient_funds,1,8,5,2895.03,2026-06-27T18:27:02.088769,18,5,1,26319.77
pay_demo_000078,cust_0003,20544.18,INR,netbanking,upi_failure,1,9,5,8840.19,2026-05-03T21:19:02.088789,21,6,0,0.0
pay_demo_000079,cust_0240,46210.77,INR,credit_card,card_declined,1,7,5,4895.19,2026-06-20T19:58:02.088806,19,5,0,0.0
pay_demo_000080,cust_0062,8462.95,INR,debit_card,network_error,2,18,2,13455.03,2026-04-30T01:43:02.088822,1,3,1,8081.78
pay_demo_000081,cust_0966,13757.86,INR,netbanking,card_declined,1,1,3,22168.75,2026-03-26T16:01:02.088839,16,3,0,0.0
pay_demo_000082,cust_0094,11600.44,INR,upi,authentication_failed,2,18,0,23011.72,2026-07-14T08:29:02.088856,8,1,1,10994.04
pay_demo_000083,cust_0939,14052.2,INR,netbanking,authentication_failed,2,2,3,10764.85,2026-06-03T13:20:02.088879,13,2,0,0.0
pay_demo_000084,cust_0108,42915.11,INR,debit_card,card_declined,1,9,5,28383.21,2026-04-09T22:33:02.088895,22,3,0,0.0
pay_demo_000085,cust_0091,15862.95,INR,debit_card,bank_timeout,3,12,4,24835.35,2026-08-27T02:07:02.088911,2,3,0,0.0
pay_demo_000086,cust_0556,23206.42,INR,upi,insufficient_funds,1,19,3,18949.56,2026-08-14T17:45:02.088928,17,4,0,0.0
pay_demo_000087,cust_0563,6724.46,INR,debit_card,card_declined,2,15,0,1351.65,2026-03-19T04:11:02.088944,4,3,1,5957.16
pay_demo_000088,cust_0163,15675.36,INR,upi,network_error,1,7,0,14112.71,2026-07-28T03:09:02.088963,3,1,0,0.0
pay_demo_000089,cust_0158,25019.1,INR,debit_card,network_error,2,13,3,29417.22,2026-06-26T09:27:02.088981,9,4,1,21809.06
pay_demo_000090,cust_0196,46109.03,INR,credit_card,bank_timeout,1,13,2,28060.33,2026-04-20T15:10:02.088999,15,0,1,39210.42
pay_demo_000091,cust_0744,15068.08,INR,netbanking,insufficient_funds,1,15,2,10306.98,2026-04-10T11:33:02.089019,11,4,0,0.0
pay_demo_000092,cust_0956,16224.51,INR,credit_card,authentication_failed,1,12,1,25752.38,2026-05-14T22:42:02.089036,22,3,0,0.0
pay_demo_000093,cust_0763,23754.22,INR,netbanking,card_declined,3,20,1,15112.2,2026-08-18T19:30:02.089055,19,1,1,23630.77
pay_demo_000094,cust_0340,43511.08,INR,netbanking,bank_timeout,1,14,0,21812.09,2026-05-15T03:53:02.089073,3,4,0,0.0
pay_demo_000095,cust_0077,23580.63,INR,debit_card,upi_failure,1,12,5,2869.3,2026-06-04T02:08:02.089089,2,3,1,21931.01
pay_demo_000096,cust_0978,15969.73,INR,netbanking,network_error,1,2,1,19119.25,2026-06-15T16:15:02.089109,16,0,1,13790.77
pay_demo_000097,cust_0101,38066.41,INR,upi,card_declined,1,9,0,1856.73,2026-08-13T14:40:02.089129,14,3,0,0.0
pay_demo_000098,cust_0384,21648.2,INR,credit_card,network_error,1,5,1,5664.55,2026-03-24T11:23:02.089145,11,1,1,20619.27
pay_demo_000099,cust_0510,45658.88,INR,credit_card,insufficient_funds,1,8,3,8032.14,2026-08-25T09:05:02.089164,9,1,0,0.0
pay_demo_000100,cust_0295,33945.02,INR,credit_card,bank_timeout,1,11,4,9325.05,2026-05-11T01:46:02.089182,1,0,0,0.0
pay_demo_000101,cust_0468,42296.14,INR,credit_card,card_declined,2,3,1,11750.25,2026-05-28T05:44:02.089199,5,3,0,0.0
pay_demo_000102,cust_0717,14902.49,INR,netbanking,upi_failure,1,1,4,22482.58,2026-06-15T16:24:02.089216,16,0,0,0.0
pay_demo_000103,cust_0822,17745.58,INR,credit_card,network_error,1,4,5,3366.34,2026-03-20T04:00:02.089236,4,4,1,15906.07
pay_demo_000104,cust_0452,1861.55,INR,debit_card,authentication_failed,1,9,2,22550.69,2026-07-14T17:54:02.089254,17,1,1,1801.94
pay_demo_000105,cust_0898,48580.18,INR,debit_card,insufficient_funds,1,15,2,22523.5,2026-06-02T20:33:02.089273,20,1,0,0.0
pay_demo_000106,cust_0987,3949.91,INR,credit_card,authentication_failed,2,12,4,11290.36,2026-05-18T23:46:02.089291,23,0,0,0.0
pay_demo_000107,cust_0550,6354.72,INR,debit_card,authentication_failed,2,8,4,11740.25,2026-03-17T12:56:02.089313,12,1,0,0.0
pay_demo_000108,cust_0692,11844.33,INR,upi,network_error,2,17,2,27500.05,2026-07-02T03:58:02.089330,3,3,1,11196.57
pay_demo_000109,cust_0476,45487.5,INR,debit_card,authentication_failed,1,4,0,28414.72,2026-06-11T08:55:02.089350,8,3,1,39327.53
pay_demo_000110,cust_0909,26969.82,INR,netbanking,card_declined,1,17,3,17826.54,2026-07-19T10:21:02.089369,10,6,1,23324.94
pay_demo_000111,cust_0502,30859.48,INR,debit_card,bank_timeout,1,6,3,13618.53,2026-06-28T12:56:02.089387,12,6,0,0.0
pay_demo_000112,cust_0703,18493.28,INR,debit_card,bank_timeout,1,6,0,28495.82,2026-05-03T21:20:02.089405,21,6,0,0.0
pay_demo_000113,cust_0218,32156.88,INR,upi,bank_timeout,2,7,1,23715.85,2026-07-06T21:09:02.089426,21,0,1,31024.11
pay_demo_000114,cust_0213,29401.88,INR,credit_card,upi_failure,2,19,0,8679.61,2026-07-21T19:28:02.089445,19,1,0,0.0
pay_demo_000115,cust_0257,39965.99,INR,upi,authentication_failed,2,4,0,11068.15,2026-06-28T05:42:02.089464,5,6,0,0.0
pay_demo_000116,cust_0017,8877.46,INR,upi,insufficient_funds,2,16,0,22497.13,2026-04-28T09:13:02.089485,9,1,0,0.0
pay_demo_000117,cust_0371,25759.25,INR,upi,card_declined,1,19,0,21953.67,2026-03-12T07:43:02.089501,7,3,0,0.0
pay_demo_000118,cust_0470,32238.37,INR,upi,bank_timeout,3,12,3,20739.88,2026-04-24T01:04:02.089518,1,4,0,0.0
pay_demo_000119,cust_0455,3859.84,INR,upi,upi_failure,1,2,1,8612.97,2026-03-18T05:27:02.089534,5,2,0,0.0
pay_demo_000120,cust_0730,16394.24,INR,debit_card,card_declined,1,13,0,23896.33,2026-07-29T03:21:02.089550,3,2,0,0.0
pay_demo_000121,cust_0899,38494.34,INR,credit_card,card_declined,1,7,3,10498.48,2026-05-03T11:36:02.089567,11,6,0,0.0
pay_demo_000122,cust_0748,4935.27,INR,netbanking,upi_failure,1,11,1,20761.22,2026-04-28T21:57:02.089586,21,1,0,0.0
pay_demo_000123,cust_0852,4451.14,INR,netbanking,bank_timeout,2,11,1,16912.94,2026-03-30T06:27:02.089605,6,0,0,0.0
pay_demo_000124,cust_0338,33566.66,INR,netbanking,upi_failure,2,13,5,2017.66,2026-06-15T04:43:02.089621,4,0,0,0.0
pay_demo_000125,cust_0361,5359.31,INR,credit_card,insufficient_funds,1,7,0,10828.36,2026-04-07T12:55:02.089643,12,1,1,5168.47
pay_demo_000126,cust_0588,11462.72,INR,netbanking,network_error,3,19,4,20411.81,2026-04-07T23:24:02.089662,23,1,1,11340.79
pay_demo_000127,cust_0850,34734.87,INR,upi,insufficient_funds,1,9,2,10855.19,2026-07-12T19:26:02.089683,19,6,0,0.0
pay_demo_000128,cust_0674,20159.06,INR,credit_card,authentication_failed,1,0,0,22510.3,2026-07-03T11:36:02.089701,11,4,0,0.0
pay_demo_000129,cust_0465,17176.62,INR,debit_card,upi_failure,2,18,4,3006.23,2026-08-14T19:52:02.089722,19,4,0,0.0
pay_demo_000130,cust_0773,30968.34,INR,upi,upi_failure,1,13,3,18408.74,2026-05-13T15:49:02.089740,15,2,1,29829.99
pay_demo_000131,cust_0117,17389.61,INR,upi,upi_failure,1,18,3,16044.56,2026-06-10T22:48:02.089763,22,2,0,0.0
pay_demo_000132,cust_0405,49225.39,INR,upi,bank_timeout,1,6,1,23042.75,2026-06-14T13:55:02.089782,13,6,1,41898.66
pay_demo_000133,cust_0765,21646.62,INR,credit_card,card_declined,1,7,4,16982.35,2026-03-09T12:58:02.089802,12,0,0,0.0
pay_demo_000134,cust_0407,43115.87,INR,upi,card_declined,1,2,2,17484.9,2026-04-03T11:17:02.089820,11,4,1,40788.53
pay_demo_000135,cust_0297,5935.63,INR,upi,upi_failure,1,19,3,25044.76,2026-05-27T21:35:02.089837,21,2,1,5797.17
pay_demo_000136,cust_0250,21896.69,INR,netbanking,network_error,1,9,5,10515.64,2026-06-03T18:58:02.089856,18,2,0,0.0
pay_demo_000137,cust_0523,31734.59,INR,credit_card,upi_failure,1,20,1,7469.93,2026-07-21T15:50:02.089873,15,1,1,27800.29
pay_demo_000138,cust_0157,38058.72,INR,upi,insufficient_funds,3,20,3,14186.62,2026-04-05T05:34:02.089890,5,6,0,0.0
pay_demo_000139,cust_0698,46222.88,INR,debit_card,authentication_failed,1,14,0,14333.17,2026-03-19T14:12:02.089906,14,3,0,0.0
pay_demo_000140,cust_0282,29652.7,INR,debit_card,network_error,1,14,3,1609.41,2026-05-25T14:58:02.089922,14,0,1,28072.21
pay_demo_000141,cust_0876,4696.77,INR,netbanking,card_declined,1,1,3,27316.97,2026-04-03T03:50:02.089943,3,4,0,0.0
pay_demo_000142,cust_0330,30329.29,INR,credit_card,bank_timeout,1,10,5,2987.71,2026-03-15T19:00:02.089960,19,6,0,0.0
pay_demo_000143,cust_0254,35439.56,INR,netbanking,network_error,1,5,2,11499.13,2026-06-16T11:36:02.089978,11,1,0,0.0
pay_demo_000144,cust_0794,17050.68,INR,upi,authentication_failed,1,2,2,3287.93,2026-03-07T11:44:02.089995,11,5,1,15137.58
pay_demo_000145,cust_0873,32896.89,INR,credit_card,upi_failure,1,4,2,9651.84,2026-03-13T01:20:02.090012,1,4,1,29896.49
pay_demo_000146,cust_0610,35499.93,INR,upi,upi_failure,1,20,2,24488.95,2026-03-09T01:09:02.090030,1,0,0,0.0
pay_demo_000147,cust_0970,36990.98,INR,upi,authentication_failed,1,16,2,1037.8,2026-06-09T18:49:02.090046,18,1,1,33338.49
pay_demo_000148,cust_0785,24416.29,INR,credit_card,insufficient_funds,1,9,0,15476.85,2026-04-11T00:06:02.090063,0,5,1,22682.24
pay_demo_000149,cust_0678,16970.87,INR,credit_card,network_error,1,5,1,25024.68,2026-03-21T18:16:02.090082,18,5,1,15539.39
pay_demo_000150,cust_0421,18342.11,INR,credit_card,card_declined,1,14,1,16253.33,2026-06-09T08:05:02.090101,8,1,0,0.0
pay_demo_000151,cust_0856,9862.01,INR,netbanking,card_declined,2,12,4,16060.06,2026-07-17T17:11:02.090121,17,4,0,0.0
pay_demo_000152,cust_0620,7092.25,INR,debit_card,bank_timeout,1,11,4,28061.66,2026-04-17T20:44:02.090140,20,4,1,6117.64
pay_demo_000153,cust_0165,13785.01,INR,credit_card,card_declined,1,7,3,26596.58,2026-08-21T10:59:02.090160,10,4,1,12537.03
pay_demo_000154,cust_0383,11941.75,INR,upi,upi_failure,1,10,0,25255.7,2026-03-14T13:12:02.090177,13,5,1,10412.1
pay_demo_000155,cust_0040,14486.59,INR,netbanking,authentication_failed,2,15,3,18652.77,2026-08-07T23:46:02.090193,23,4,1,12782.22
pay_demo_000156,cust_0154,27530.45,INR,netbanking,bank_timeout,2,7,2,4094.53,2026-06-27T10:22:02.090211,10,5,1,26679.34
pay_demo_000157,cust_0469,3327.8,INR,netbanking,network_error,1,20,4,17463.9,2026-07-22T14:35:02.090227,14,2,1,2829.41
pay_demo_000158,cust_0362,12180.1,INR,netbanking,insufficient_funds,1,2,4,29252.31,2026-08-10T07:28:02.090244,7,0,1,11279.98
pay_demo_000159,cust_0520,27796.77,INR,netbanking,card_declined,1,12,2,7982.68,2026-08-23T12:12:02.090261,12,6,1,23908.95
pay_demo_000160,cust_0247,36700.46,INR,upi,network_error,2,10,1,1807.9,2026-04-10T13:10:02.090278,13,4,1,34734.03
pay_demo_000161,cust_0851,39001.3,INR,netbanking,authentication_failed,1,5,1,2361.47,2026-05-02T22:44:02.090294,22,5,0,0.0
pay_demo_000162,cust_0207,2381.55,INR,credit_card,bank_timeout,1,9,4,12247.61,2026-04-10T08:46:02.090311,8,4,1,2037.4
pay_demo_000163,cust_0663,9716.95,INR,debit_card,bank_timeout,2,10,2,4172.01,2026-05-25T10:06:02.090329,10,0,1,8842.46
pay_demo_000164,cust_0451,44752.95,INR,netbanking,upi_failure,3,15,5,15176.94,2026-04-17T15:11:02.090347,15,4,0,0.0
pay_demo_000165,cust_0085,36408.65,INR,upi,card_declined,1,5,4,9166.11,2026-08-01T21:42:02.090362,21,5,1,34556.83
pay_demo_000166,cust_0314,22406.61,INR,netbanking,insufficient_funds,1,11,3,1749.48,2026-05-29T04:35:02.090379,4,4,0,0.0
pay_demo_000167,cust_0282,32045.57,INR,upi,bank_timeout,1,12,2,15636.04,2026-03-07T19:01:02.090395,19,5,0,0.0
pay_demo_000168,cust_0147,42463.73,INR,netbanking,bank_timeout,1,7,5,11306.69,2026-05-21T06:00:02.090411,6,3,0,0.0
pay_demo_000169,cust_0620,7841.22,INR,netbanking,upi_failure,1,2,4,4562.01,2026-05-26T11:42:02.090427,11,1,1,7429.04
pay_demo_000170,cust_0256,48033.9,INR,upi,authentication_failed,1,16,3,27449.5,2026-07-28T15:13:02.090447,15,1,0,0.0
pay_demo_000171,cust_0267,35261.08,INR,credit_card,network_error,1,15,1,4117.8,2026-08-09T09:51:02.090463,9,6,0,0.0
pay_demo_000172,cust_0921,35725.82,INR,upi,authentication_failed,3,10,5,10749.05,2026-08-11T06:28:02.090479,6,1,0,0.0
pay_demo_000173,cust_0298,44588.32,INR,credit_card,authentication_failed,2,20,1,23914.04,2026-04-19T16:55:02.090512,16,6,1,44488.88
pay_demo_000174,cust_0812,7116.07,INR,netbanking,bank_timeout,1,18,2,14288.47,2026-04-08T19:23:02.090531,19,2,1,6992.51
pay_demo_000175,cust_0068,15602.68,INR,netbanking,network_error,1,13,4,2675.65,2026-06-07T03:58:02.090550,3,6,1,14315.4
pay_demo_000176,cust_0697,25964.53,INR,credit_card,network_error,1,5,1,13262.24,2026-08-13T20:29:02.090567,20,3,1,22665.8
pay_demo_000177,cust_0169,8265.95,INR,credit_card,upi_failure,2,16,2,25455.04,2026-06-24T17:22:02.090587,17,2,0,0.0
pay_demo_000178,cust_0980,27631.9,INR,credit_card,authentication_failed,1,17,0,15325.91,2026-07-15T05:25:02.090602,5,2,0,0.0
pay_demo_000179,cust_0158,8725.79,INR,debit_card,network_error,1,0,0,1841.12,2026-03-16T05:46:02.090619,5,0,0,0.0
pay_demo_000180,cust_0667,10698.26,INR,netbanking,network_error,1,15,5,16594.54,2026-03-16T14:32:02.090638,14,0,0,0.0
pay_demo_000181,cust_0251,40273.47,INR,netbanking,upi_failure,1,1,1,13468.36,2026-04-26T09:49:02.090655,9,6,1,36287.56
pay_demo_000182,cust_0148,15766.61,INR,debit_card,authentication_failed,3,11,3,4357.6,2026-05-25T07:27:02.090674,7,0,0,0.0
pay_demo_000183,cust_0109,16091.97,INR,netbanking,bank_timeout,1,7,1,3355.94,2026-06-14T11:07:02.090695,11,6,0,0.0
pay_demo_000184,cust_0631,21023.11,INR,credit_card,upi_failure,2,10,1,23012.08,2026-04-22T07:33:02.090711,7,2,1,19442.47
pay_demo_000185,cust_0316,24969.04,INR,upi,card_declined,1,7,1,17708.65,2026-08-15T22:44:02.090728,22,5,1,23077.24
pay_demo_000186,cust_0904,42173.91,INR,netbanking,upi_failure,1,3,3,4451.08,2026-06-21T00:39:02.090747,0,6,0,0.0
pay_demo_000187,cust_0783,20282.05,INR,upi,card_declined,1,17,1,11194.45,2026-06-15T21:38:02.090763,21,0,1,18773.84
pay_demo_000188,cust_0783,27582.88,INR,upi,insufficient_funds,3,12,2,23949.47,2026-06-02T06:39:02.090780,6,1,0,0.0
pay_demo_000189,cust_0774,7384.51,INR,netbanking,network_error,1,1,1,21550.96,2026-04-28T07:33:02.090798,7,1,0,0.0
pay_demo_000190,cust_0153,30391.77,INR,credit_card,upi_failure,2,10,1,12092.16,2026-03-23T00:09:02.090814,0,0,0,0.0
pay_demo_000191,cust_0307,29767.49,INR,netbanking,authentication_failed,1,15,0,11366.56,2026-03-08T20:36:02.090830,20,6,1,27908.67
pay_demo_000192,cust_0816,44958.6,INR,upi,network_error,1,20,4,17540.21,2026-08-14T05:32:02.090850,5,4,1,39364.71
pay_demo_000193,cust_0645,36114.91,INR,netbanking,insufficient_funds,2,7,0,17390.82,2026-03-01T20:50:02.090869,20,6,0,0.0
pay_demo_000194,cust_0020,22163.72,INR,netbanking,insufficient_funds,1,6,3,15303.68,2026-03-24T08:07:02.090887,8,1,0,0.0
pay_demo_000195,cust_0869,36844.7,INR,upi,authentication_failed,1,6,4,10088.96,2026-03-11T08:29:02.090903,8,2,1,33400.59
pay_demo_000196,cust_0980,8824.48,INR,debit_card,network_error,1,20,5,8298.68,2026-04-26T17:47:02.090920,17,6,1,7870.12
pay_demo_000197,cust_0306,11398.38,INR,debit_card,upi_failure,2,15,2,14654.2,2026-04-06T00:45:02.090937,0,0,1,10180.67
pay_demo_000198,cust_0588,33895.79,INR,netbanking,card_declined,2,4,2,1740.96,2026-08-07T12:03:02.090955,12,4,1,31060.62
pay_demo_000199,cust_0263,37417.46,INR,credit_card,insufficient_funds,2,8,4,21037.05,2026-07-23T20:23:02.090974,20,3,0,0.0
pay_demo_000200,cust_0759,29424.16,INR,credit_card,bank_timeout,1,16,1,19319.36,2026-08-14T20:36:02.090990,20,4,1,26468.33
pay_demo_000201,cust_0484,5207.14,INR,credit_card,bank_timeout,3,5,3,19760.34,2026-04-28T08:21:02.091006,8,1,1,4581.86
pay_demo_000202,cust_0988,14504.8,INR,debit_card,authentication_failed,1,2,5,17436.93,2026-04-13T00:16:02.091024,0,0,0,0.0
pay_demo_000203,cust_0871,46846.14,INR,credit_card,card_declined,2,5,0,29916.57,2026-05-18T08:51:02.091042,8,0,1,46400.69
pay_demo_000204,cust_0986,43640.08,INR,debit_card,bank_timeout,1,18,4,3665.37,2026-06-03T14:33:02.091060,14,2,0,0.0
pay_demo_000205,cust_0657,27256.36,INR,netbanking,insufficient_funds,2,14,2,6187.94,2026-07-30T13:52:02.091076,13,3,0,0.0
pay_demo_000206,cust_0749,23053.94,INR,debit_card,authentication_failed,1,10,2,17249.55,2026-07-09T18:23:02.091092,18,3,0,0.0
pay_demo_000207,cust_0877,32008.54,INR,netbanking,card_declined,1,2,3,20243.05,2026-07-11T19:32:02.091108,19,5,0,0.0
pay_demo_000208,cust_0332,46804.1,INR,upi,upi_failure,1,14,2,28644.03,2026-06-11T05:16:02.091124,5,3,1,43805.44
pay_demo_000209,cust_0268,32753.43,INR,credit_card,bank_timeout,1,14,2,5211.65,2026-03-05T07:03:02.091142,7,3,1,32238.15
pay_demo_000210,cust_0721,38538.08,INR,upi,authentication_failed,2,9,2,18631.45,2026-07-02T19:32:02.091159,19,3,0,0.0
pay_demo_000211,cust_0157,22857.94,INR,debit_card,card_declined,2,15,4,24158.85,2026-07-03T16:19:02.091176,16,4,1,22017.02
pay_demo_000212,cust_0895,39411.06,INR,netbanking,network_error,2,2,4,3810.16,2026-04-09T07:50:02.091194,7,3,1,36885.02
pay_demo_000213,cust_0154,8393.95,INR,netbanking,bank_timeout,1,18,3,3182.78,2026-04-19T09:11:02.091216,9,6,1,7204.91
pay_demo_000214,cust_0136,25759.74,INR,netbanking,network_error,1,14,5,24304.0,2026-08-22T11:46:02.091234,11,5,1,25050.52
pay_demo_000215,cust_0764,11051.49,INR,upi,bank_timeout,1,2,4,29826.65,2026-08-10T09:00:02.091253,9,0,1,9869.68
pay_demo_000216,cust_0185,38494.81,INR,netbanking,upi_failure,3,12,3,26153.8,2026-05-23T11:57:02.091274,11,5,0,0.0
pay_demo_000217,cust_0700,48214.39,INR,credit_card,authentication_failed,2,3,1,29788.98,2026-05-19T07:54:02.091290,7,1,1,46246.22
pay_demo_000218,cust_0229,41774.12,INR,upi,upi_failure,1,17,3,16192.04,2026-06-30T16:33:02.091307,16,1,1,37677.08
pay_demo_000219,cust_0283,9586.33,INR,upi,bank_timeout,2,13,4,23098.58,2026-08-23T16:49:02.091324,16,6,1,8245.14
pay_demo_000220,cust_0609,1872.1,INR,upi,insufficient_funds,2,12,3,7413.01,2026-07-03T22:54:02.091343,22,4,0,0.0
pay_demo_000221,cust_0516,49675.48,INR,credit_card,authentication_failed,1,18,4,23289.88,2026-06-06T16:43:02.091360,16,5,0,0.0
pay_demo_000222,cust_0898,7334.37,INR,credit_card,card_declined,1,1,4,28481.35,2026-07-14T03:19:02.091376,3,1,0,0.0
pay_demo_000223,cust_0438,27881.36,INR,upi,upi_failure,2,12,4,9902.67,2026-05-13T10:53:02.091395,10,2,1,24953.35
pay_demo_000224,cust_0189,37769.92,INR,netbanking,insufficient_funds,2,9,5,4758.38,2026-05-01T22:27:02.091413,22,4,0,0.0
pay_demo_000225,cust_0423,48395.75,INR,credit_card,card_declined,1,6,2,19577.82,2026-05-04T12:57:02.091430,12,0,0,0.0
pay_demo_000226,cust_0549,36284.32,INR,credit_card,bank_timeout,1,19,4,1666.65,2026-08-09T17:11:02.091468,17,6,1,34987.32
pay_demo_000227,cust_0742,33638.24,INR,credit_card,card_declined,1,10,2,28732.08,2026-08-24T17:03:02.091521,17,0,1,29551.31
pay_demo_000228,cust_0760,6042.35,INR,netbanking,insufficient_funds,1,6,3,27496.23,2026-04-08T13:13:02.091574,13,2,0,0.0
pay_demo_000229,cust_0290,19156.95,INR,debit_card,upi_failure,1,16,3,14247.12,2026-04-29T13:04:02.091619,13,2,0,0.0
pay_demo_000230,cust_0209,18661.11,INR,netbanking,bank_timeout,1,7,5,4804.72,2026-06-22T06:03:02.091654,6,0,0,0.0
pay_demo_000231,cust_0599,29041.32,INR,netbanking,upi_failure,1,10,1,11705.27,2026-06-26T08:27:02.091730,8,4,0,0.0
pay_demo_000232,cust_0671,47184.53,INR,debit_card,upi_failure,2,15,5,19429.99,2026-04-24T09:52:02.091765,9,4,0,0.0
pay_demo_000233,cust_0751,39789.78,INR,credit_card,insufficient_funds,2,15,1,27548.53,2026-04-11T03:59:02.091804,3,5,0,0.0
pay_demo_000234,cust_0537,1884.42,INR,upi,authentication_failed,1,0,3,4556.0,2026-03-19T16:58:02.091845,16,3,1,1801.65
pay_demo_000235,cust_0010,11092.24,INR,netbanking,upi_failure,1,20,5,28050.16,2026-04-26T02:31:02.091880,2,6,0,0.0
pay_demo_000236,cust_0017,529.3,INR,netbanking,bank_timeout,1,8,4,29335.64,2026-08-23T07:10:02.091915,7,6,0,0.0
pay_demo_000237,cust_0715,33766.84,INR,credit_card,bank_timeout,2,16,1,7608.58,2026-03-22T07:46:02.091958,7,6,1,32830.9
pay_demo_000238,cust_0274,39787.83,INR,upi,upi_failure,3,14,4,7674.63,2026-03-02T16:43:02.091998,16,0,1,37902.14
pay_demo_000239,cust_0869,4214.72,INR,upi,bank_timeout,1,12,4,14542.15,2026-03-17T23:18:02.092055,23,1,1,3690.86
pay_demo_000240,cust_0512,42297.42,INR,debit_card,network_error,3,3,4,27614.99,2026-06-30T17:05:02.092097,17,1,0,0.0
pay_demo_000241,cust_0889,34675.93,INR,netbanking,upi_failure,1,2,5,27804.75,2026-04-10T05:20:02.092131,5,4,0,0.0
pay_demo_000242,cust_0034,9131.85,INR,debit_card,bank_timeout,3,18,1,22691.51,2026-05-18T21:43:02.092164,21,0,1,7984.59
pay_demo_000243,cust_0247,28421.46,INR,netbanking,authentication_failed,2,10,3,22790.47,2026-07-23T01:16:02.092208,1,3,1,24492.6
pay_demo_000244,cust_0764,48721.3,INR,upi,bank_timeout,1,2,2,18352.48,2026-03-23T04:37:02.092245,4,0,0,0.0
pay_demo_000245,cust_0993,38723.03,INR,upi,authentication_failed,1,14,3,7230.08,2026-04-08T11:35:02.092278,11,2,1,33993.43
pay_demo_000246,cust_0600,33101.46,INR,upi,network_error,1,7,5,2668.45,2026-06-20T19:38:02.092316,19,5,0,0.0
pay_demo_000247,cust_0729,39237.74,INR,credit_card,authentication_failed,1,11,0,3199.85,2026-06-10T09:39:02.092353,9,2,1,37833.11
pay_demo_000248,cust_0105,6798.85,INR,credit_card,card_declined,1,17,4,12537.3,2026-08-21T21:40:02.092396,21,4,0,0.0
pay_demo_000249,cust_0568,4834.6,INR,debit_card,card_declined,1,13,3,23485.49,2026-04-06T16:26:02.092433,16,0,0,0.0
pay_demo_000250,cust_0534,8645.23,INR,netbanking,insufficient_funds,1,9,2,15047.16,2026-08-11T18:35:02.092473,18,1,1,7706.31
pay_demo_000251,cust_0307,24314.72,INR,upi,upi_failure,1,7,5,18938.49,2026-03-28T04:50:02.092535,4,5,0,0.0
pay_demo_000252,cust_0469,5527.22,INR,debit_card,bank_timeout,2,10,4,11706.75,2026-06-04T09:41:02.092569,9,3,1,5055.15
pay_demo_000253,cust_0844,43003.52,INR,credit_card,upi_failure,1,6,3,9768.41,2026-05-18T13:44:02.092606,13,0,1,41293.32
pay_demo_000254,cust_0649,24652.16,INR,credit_card,upi_failure,1,12,2,3859.69,2026-04-05T17:25:02.092647,17,6,1,24642.05
pay_demo_000255,cust_0185,34149.29,INR,upi,authentication_failed,1,6,3,24031.72,2026-03-03T21:10:02.092685,21,1,0,0.0
pay_demo_000256,cust_0869,39823.71,INR,netbanking,authentication_failed,1,20,2,7639.62,2026-03-12T19:17:02.092719,19,3,0,0.0
pay_demo_000257,cust_0434,39496.02,INR,upi,card_declined,3,15,4,12323.75,2026-04-20T01:36:02.092753,1,0,0,0.0
pay_demo_000258,cust_0557,2030.91,INR,debit_card,authentication_failed,2,17,4,19326.32,2026-08-06T20:13:02.092795,20,3,0,0.0
pay_demo_000259,cust_0255,32948.56,INR,debit_card,insufficient_funds,1,1,4,29516.44,2026-03-07T03:37:02.092830,3,5,0,0.0
pay_demo_000260,cust_0991,37683.6,INR,netbanking,bank_timeout,1,8,1,15564.95,2026-04-17T06:25:02.092861,6,4,0,0.0
pay_demo_000261,cust_0705,28846.72,INR,netbanking,upi_failure,1,18,5,15263.74,2026-05-31T23:32:02.092887,23,6,0,0.0
pay_demo_000262,cust_0108,14912.52,INR,upi,bank_timeout,2,4,2,9700.77,2026-05-03T17:29:02.092915,17,6,1,13755.89
pay_demo_000263,cust_0488,5061.63,INR,netbanking,upi_failure,1,1,5,3895.02,2026-06-01T03:56:02.092952,3,0,1,4816.5
pay_demo_000264,cust_0169,46510.14,INR,credit_card,network_error,1,5,2,17015.54,2026-05-01T16:11:02.092981,16,4,1,42359.44
pay_demo_000265,cust_0189,9482.07,INR,netbanking,card_declined,1,19,1,13762.46,2026-05-10T12:02:02.093010,12,6,0,0.0
pay_demo_000266,cust_0722,10896.85,INR,debit_card,authentication_failed,2,2,4,3501.69,2026-04-12T18:39:02.093039,18,6,1,9795.15
pay_demo_000267,cust_0469,5874.96,INR,netbanking,network_error,3,10,4,11964.86,2026-05-19T05:55:02.093070,5,1,1,5300.32
pay_demo_000268,cust_0866,23001.46,INR,credit_card,authentication_failed,2,9,4,17909.97,2026-03-08T19:42:02.093100,19,6,1,19957.89
pay_demo_000269,cust_0313,6024.06,INR,debit_card,authentication_failed,1,12,3,18094.56,2026-04-02T11:35:02.093130,11,3,1,5288.3
pay_demo_000270,cust_0651,26961.49,INR,credit_card,network_error,1,9,1,6019.41,2026-05-04T04:59:02.093167,4,0,1,26417.63
pay_demo_000271,cust_0975,677.26,INR,credit_card,insufficient_funds,2,17,4,19765.56,2026-05-15T02:31:02.093203,2,4,1,617.89
pay_demo_000272,cust_0861,22303.82,INR,credit_card,bank_timeout,1,7,2,1464.51,2026-07-01T06:44:02.093243,6,2,0,0.0
pay_demo_000273,cust_0173,39080.86,INR,netbanking,network_error,1,18,0,8402.72,2026-04-10T12:28:02.093293,12,4,0,0.0
pay_demo_000274,cust_0843,37887.95,INR,netbanking,network_error,1,13,0,22211.67,2026-03-13T16:43:02.093327,16,4,0,0.0
pay_demo_000275,cust_0896,49965.77,INR,netbanking,upi_failure,1,2,3,26026.07,2026-07-28T16:49:02.093359,16,1,0,0.0
pay_demo_000276,cust_0831,36933.13,INR,debit_card,authentication_failed,1,13,1,18676.46,2026-07-06T17:11:02.093392,17,0,0,0.0
pay_demo_000277,cust_0061,28589.7,INR,debit_card,network_error,1,10,5,9132.72,2026-04-03T15:08:02.093425,15,4,1,26507.29
pay_demo_000278,cust_0922,34029.11,INR,upi,insufficient_funds,3,13,0,29778.34,2026-03-13T19:18:02.093467,19,4,0,0.0
pay_demo_000279,cust_0887,6808.0,INR,credit_card,authentication_failed,1,7,5,12084.67,2026-07-22T05:22:02.093509,5,2,0,0.0
pay_demo_000280,cust_0276,31465.08,INR,netbanking,card_declined,1,2,3,15710.6,2026-06-17T01:03:02.093545,1,2,0,0.0
pay_demo_000281,cust_0899,18579.74,INR,netbanking,upi_failure,1,2,5,29178.43,2026-03-18T02:18:02.093577,2,2,0,0.0
pay_demo_000282,cust_0367,42535.29,INR,netbanking,insufficient_funds,3,6,3,8421.84,2026-06-16T13:27:02.093616,13,1,0,0.0
pay_demo_000283,cust_0592,6703.59,INR,netbanking,upi_failure,2,1,0,3437.45,2026-05-02T23:55:02.093661,23,5,0,0.0
pay_demo_000284,cust_0952,42911.05,INR,netbanking,card_declined,1,13,1,29872.98,2026-07-25T03:43:02.093694,3,5,1,37497.68
pay_demo_000285,cust_0956,43854.43,INR,upi,authentication_failed,1,2,2,20103.01,2026-03-14T18:59:02.093723,18,5,1,39883.47
pay_demo_000286,cust_0313,36354.22,INR,credit_card,card_declined,1,3,0,6795.92,2026-08-08T19:25:02.093752,19,5,0,0.0
pay_demo_000287,cust_0232,26068.32,INR,netbanking,bank_timeout,1,10,0,29650.57,2026-05-11T01:54:02.093781,1,0,1,24026.0
pay_demo_000288,cust_0235,19276.88,INR,upi,bank_timeout,1,9,1,11790.27,2026-07-24T03:19:02.093816,3,4,0,0.0
pay_demo_000289,cust_0147,3606.9,INR,upi,network_error,1,14,2,21811.74,2026-03-20T00:53:02.093853,0,4,1,3563.56
pay_demo_000290,cust_0631,34391.0,INR,credit_card,bank_timeout,2,4,0,17892.43,2026-05-21T12:35:02.093900,12,3,1,30854.76
pay_demo_000291,cust_0144,12539.76,INR,upi,insufficient_funds,1,19,5,18424.0,2026-03-04T23:08:02.093934,23,2,0,0.0
pay_demo_000292,cust_0868,32988.59,INR,debit_card,insufficient_funds,1,16,1,22561.39,2026-06-13T03:59:02.093972,3,5,0,0.0
pay_demo_000293,cust_0803,44916.05,INR,credit_card,card_declined,1,7,3,19323.43,2026-08-09T07:06:02.094018,7,6,0,0.0
pay_demo_000294,cust_0013,49346.75,INR,debit_card,insufficient_funds,1,18,3,11279.67,2026-03-06T18:14:02.094054,18,4,1,45431.19
pay_demo_000295,cust_0789,3834.99,INR,upi,bank_timeout,1,1,0,28486.06,2026-05-18T07:44:02.094098,7,0,1,3621.33
pay_demo_000296,cust_0514,38402.08,INR,netbanking,authentication_failed,1,20,4,16360.83,2026-07-19T15:57:02.094135,15,6,0,0.0
pay_demo_000297,cust_0318,4135.27,INR,credit_card,insufficient_funds,1,12,4,19211.68,2026-03-14T02:21:02.094172,2,5,1,3555.99
pay_demo_000298,cust_0716,21986.8,INR,credit_card,bank_timeout,1,13,0,13874.47,2026-03-25T22:43:02.094212,22,2,1,20885.52
pay_demo_000299,cust_0674,37084.78,INR,upi,bank_timeout,2,0,1,15144.18,2026-05-31T07:29:02.094247,7,6,1,35877.6
pay_demo_000300,cust_0739,13110.5,INR,debit_card,insufficient_funds,2,8,5,26649.24,2026-08-20T13:11:02.094281,13,3,0,0.0
pay_demo_000301,cust_0440,13744.63,INR,upi,upi_failure,2,18,5,2773.57,2026-05-03T07:39:02.094315,7,6,1,11797.23
pay_demo_000302,cust_0880,28430.93,INR,debit_card,insufficient_funds,1,3,4,20386.55,2026-07-29T16:15:02.094352,16,2,0,0.0
pay_demo_000303,cust_0522,327.91,INR,upi,insufficient_funds,1,11,3,27646.68,2026-07-13T22:27:02.094383,22,0,0,0.0
pay_demo_000304,cust_0823,45714.59,INR,netbanking,insufficient_funds,1,13,5,9938.09,2026-08-08T05:39:02.094413,5,5,0,0.0
pay_demo_000305,cust_0123,25201.64,INR,upi,insufficient_funds,1,16,0,28645.34,2026-08-10T09:07:02.094445,9,0,1,22488.58
pay_demo_000306,cust_0866,15672.75,INR,upi,network_error,1,11,1,9102.06,2026-06-11T00:23:02.094482,0,3,1,13892.13
pay_demo_000307,cust_0378,29666.21,INR,netbanking,insufficient_funds,2,17,1,4941.71,2026-05-15T23:48:02.094536,23,4,0,0.0
pay_demo_000308,cust_0555,17451.9,INR,upi,upi_failure,1,12,5,21952.84,2026-08-01T17:29:02.094577,17,5,1,17407.7
pay_demo_000309,cust_0430,24703.04,INR,upi,insufficient_funds,2,2,0,27677.59,2026-04-16T10:18:02.094612,10,3,1,24316.11
pay_demo_000310,cust_0470,48732.83,INR,upi,network_error,1,4,5,24688.91,2026-08-08T05:26:02.094653,5,5,1,41878.19
pay_demo_000311,cust_0679,48218.07,INR,credit_card,upi_failure,1,10,3,21171.41,2026-06-05T13:34:02.094690,13,4,1,42952.34
pay_demo_000312,cust_0077,47189.02,INR,credit_card,network_error,1,3,1,13762.22,2026-06-08T10:55:02.094731,10,0,1,43904.13
pay_demo_000313,cust_0988,38562.77,INR,netbanking,upi_failure,1,3,0,5149.65,2026-03-05T14:10:02.094773,14,3,1,36854.66
pay_demo_000314,cust_0618,2208.42,INR,debit_card,insufficient_funds,1,7,2,12189.21,2026-08-15T02:43:02.094811,2,5,0,0.0
pay_demo_000315,cust_0267,41040.46,INR,credit_card,bank_timeout,3,14,4,22568.31,2026-06-25T20:33:02.094842,20,3,1,35511.74
pay_demo_000316,cust_0813,7161.69,INR,upi,bank_timeout,2,7,1,6344.92,2026-05-17T12:19:02.094879,12,6,1,6764.54
pay_demo_000317,cust_0661,4385.16,INR,debit_card,bank_timeout,1,2,1,27123.63,2026-05-06T19:57:02.094913,19,2,1,4322.72
pay_demo_000318,cust_0850,40482.58,INR,upi,bank_timeout,2,1,1,27761.89,2026-05-09T00:37:02.094945,0,5,0,0.0
pay_demo_000319,cust_0509,1668.22,INR,netbanking,insufficient_funds,1,5,2,8755.71,2026-07-20T22:23:02.094978,22,0,1,1572.93
pay_demo_000320,cust_0252,32434.46,INR,netbanking,card_declined,2,15,0,3087.79,2026-05-21T19:36:02.095017,19,3,1,28539.69
pay_demo_000321,cust_0906,39900.46,INR,credit_card,authentication_failed,3,17,0,29687.41,2026-05-28T08:28:02.095053,8,3,0,0.0
pay_demo_000322,cust_0801,24337.04,INR,debit_card,card_declined,1,0,2,18114.93,2026-08-20T15:59:02.095092,15,3,0,0.0
pay_demo_000323,cust_0829,49578.26,INR,debit_card,network_error,3,5,0,7811.78,2026-06-27T15:28:02.095132,15,5,0,0.0
pay_demo_000324,cust_0836,39603.61,INR,upi,insufficient_funds,1,12,2,28088.58,2026-07-14T18:47:02.095165,18,1,1,37182.96
pay_demo_000325,cust_0826,36957.63,INR,debit_card,network_error,1,11,4,17126.39,2026-04-05T17:09:02.095295,17,6,1,36891.14
pay_demo_000326,cust_0903,48525.31,INR,debit_card,insufficient_funds,1,2,0,7362.39,2026-07-02T23:29:02.095383,23,3,0,0.0
pay_demo_000327,cust_0490,234.04,INR,credit_card,insufficient_funds,1,5,2,2256.9,2026-07-21T05:17:02.095458,5,1,1,231.13
pay_demo_000328,cust_0793,5723.85,INR,debit_card,bank_timeout,1,12,4,3480.45,2026-06-11T13:54:02.095534,13,3,1,5703.12
pay_demo_000329,cust_0750,47444.94,INR,netbanking,authentication_failed,1,17,5,26743.21,2026-03-23T12:48:02.095596,12,0,0,0.0
pay_demo_000330,cust_0682,29529.72,INR,credit_card,card_declined,1,9,1,5742.39,2026-08-27T01:26:02.095646,1,3,0,0.0
pay_demo_000331,cust_0401,42567.7,INR,upi,insufficient_funds,1,19,1,19369.58,2026-08-01T08:53:02.095699,8,5,1,38297.11
pay_demo_000332,cust_0080,12052.2,INR,debit_card,insufficient_funds,1,2,5,20265.72,2026-06-03T10:02:02.095737,10,2,0,0.0
pay_demo_000333,cust_0272,10642.28,INR,upi,upi_failure,1,3,5,537.79,2026-05-21T09:16:02.095808,9,3,0,0.0
pay_demo_000334,cust_0430,48461.27,INR,netbanking,card_declined,2,11,4,11572.75,2026-04-27T05:21:02.095843,5,0,0,0.0
pay_demo_000335,cust_0777,34420.59,INR,credit_card,card_declined,1,1,2,1092.3,2026-06-22T20:58:02.095863,20,0,0,0.0
pay_demo_000336,cust_0351,8671.24,INR,netbanking,insufficient_funds,2,17,0,10469.54,2026-03-23T08:17:02.095886,8,0,0,0.0
pay_demo_000337,cust_0032,21679.9,INR,credit_card,network_error,2,5,0,3487.11,2026-07-06T17:36:02.095926,17,0,0,0.0
pay_demo_000338,cust_0714,27794.8,INR,debit_card,authentication_failed,1,7,0,1964.25,2026-04-03T06:09:02.095957,6,4,0,0.0
pay_demo_000339,cust_0503,7848.78,INR,debit_card,bank_timeout,1,9,5,18940.18,2026-04-27T17:56:02.096009,17,0,1,6701.76
pay_demo_000340,cust_0175,31981.89,INR,upi,card_declined,2,9,3,14392.86,2026-03-11T15:57:02.096043,15,2,0,0.0
pay_demo_000341,cust_0658,27297.48,INR,credit_card,upi_failure,2,11,1,13650.37,2026-06-21T09:33:02.096089,9,6,0,0.0
pay_demo_000342,cust_0270,11466.87,INR,debit_card,network_error,1,3,0,20210.16,2026-04-11T10:14:02.096139,10,5,1,10761.19
pay_demo_000343,cust_0567,3236.99,INR,netbanking,network_error,1,17,5,26073.37,2026-04-28T05:06:02.096182,5,1,1,2865.86
pay_demo_000344,cust_0307,4131.96,INR,upi,network_error,1,16,4,20487.28,2026-03-22T19:55:02.096206,19,6,1,4100.51
pay_demo_000345,cust_0460,8809.37,INR,credit_card,insufficient_funds,2,4,0,12989.56,2026-03-06T10:50:02.096239,10,4,0,0.0
pay_demo_000346,cust_0843,31435.87,INR,debit_card,upi_failure,2,2,0,11948.93,2026-05-18T06:42:02.096265,6,0,0,0.0
pay_demo_000347,cust_0878,13954.8,INR,netbanking,bank_timeout,2,19,4,15915.58,2026-05-12T20:36:02.096294,20,1,1,12174.81
pay_demo_000348,cust_0581,29479.12,INR,upi,bank_timeout,1,3,2,26090.52,2026-05-31T10:46:02.096317,10,6,0,0.0
pay_demo_000349,cust_0393,32808.43,INR,netbanking,bank_timeout,1,12,1,18738.21,2026-03-06T01:37:02.096334,1,4,0,0.0
pay_demo_000350,cust_0040,19910.48,INR,debit_card,authentication_failed,1,15,2,26962.43,2026-08-22T13:10:02.096351,13,5,1,19294.21
pay_demo_000351,cust_0319,14161.26,INR,netbanking,authentication_failed,1,7,1,9364.17,2026-05-06T13:45:02.096381,13,2,0,0.0
pay_demo_000352,cust_0747,20955.28,INR,upi,insufficient_funds,1,13,5,14791.58,2026-04-17T12:10:02.096422,12,4,0,0.0
pay_demo_000353,cust_0058,25860.43,INR,credit_card,bank_timeout,1,16,3,4501.67,2026-04-15T06:01:02.096720,6,2,1,22655.3
pay_demo_000354,cust_0897,41679.91,INR,upi,insufficient_funds,1,1,2,21286.7,2026-06-18T12:10:02.096817,12,3,1,38330.21
pay_demo_000355,cust_0407,31843.41,INR,upi,authentication_failed,1,11,3,18024.29,2026-07-13T08:25:02.096867,8,0,0,0.0
pay_demo_000356,cust_0565,17618.04,INR,credit_card,upi_failure,2,2,2,1309.79,2026-08-15T18:08:02.096908,18,5,0,0.0
pay_demo_000357,cust_0586,39035.54,INR,credit_card,insufficient_funds,1,6,2,19721.83,2026-04-18T23:07:02.096942,23,5,0,0.0
pay_demo_000358,cust_0800,48363.49,INR,upi,card_declined,2,20,1,18233.69,2026-08-25T16:46:02.096977,16,1,0,0.0
pay_demo_000359,cust_0623,40293.26,INR,debit_card,authentication_failed,3,20,2,13002.3,2026-05-23T12:33:02.097008,12,5,0,0.0
pay_demo_000360,cust_0259,11066.81,INR,debit_card,authentication_failed,1,19,3,17742.37,2026-08-26T07:20:02.097043,7,2,0,0.0
pay_demo_000361,cust_0990,42195.54,INR,debit_card,network_error,1,19,2,9305.04,2026-07-31T08:58:02.097072,8,4,1,37994.66
pay_demo_000362,cust_0284,32101.62,INR,debit_card,upi_failure,1,20,2,6056.62,2026-04-17T16:05:02.097109,16,4,1,27559.76
pay_demo_000363,cust_0878,40157.71,INR,netbanking,authentication_failed,1,4,5,1250.93,2026-04-22T14:46:02.097149,14,2,0,0.0
pay_demo_000364,cust_0929,21044.57,INR,netbanking,authentication_failed,1,18,1,10623.43,2026-07-02T02:28:02.097186,2,3,0,0.0
pay_demo_000365,cust_0654,39287.87,INR,debit_card,network_error,1,5,5,26356.6,2026-07-12T14:56:02.097222,14,6,0,0.0
pay_demo_000366,cust_0483,6571.62,INR,debit_card,authentication_failed,2,5,5,27037.94,2026-03-13T21:48:02.097255,21,4,0,0.0
pay_demo_000367,cust_0364,11321.73,INR,debit_card,card_declined,2,10,2,8186.5,2026-06-13T09:08:02.097291,9,5,0,0.0
pay_demo_000368,cust_0121,23632.72,INR,upi,card_declined,2,16,0,26091.18,2026-05-22T07:43:02.097327,7,4,1,21552.24
pay_demo_000369,cust_0892,42741.14,INR,credit_card,insufficient_funds,1,18,3,4725.11,2026-07-12T21:31:02.097366,21,6,0,0.0
pay_demo_000370,cust_0341,31625.43,INR,credit_card,upi_failure,1,0,3,8569.07,2026-07-15T05:14:02.097407,5,2,1,27633.2
pay_demo_000371,cust_0805,38225.74,INR,upi,insufficient_funds,1,20,3,12400.11,2026-04-27T12:02:02.097446,12,0,0,0.0
pay_demo_000372,cust_0039,26782.37,INR,debit_card,bank_timeout,2,16,1,1028.53,2026-08-26T03:16:02.097513,3,2,0,0.0
pay_demo_000373,cust_0255,11468.03,INR,debit_card,upi_failure,1,12,4,17865.79,2026-07-16T21:10:02.097574,21,3,0,0.0
pay_demo_000374,cust_0047,15050.47,INR,debit_card,card_declined,2,19,4,10466.14,2026-03-05T19:41:02.097618,19,3,0,0.0
pay_demo_000375,cust_0924,24610.9,INR,credit_card,insufficient_funds,2,12,0,7238.34,2026-07-25T17:16:02.097645,17,5,1,21000.16
pay_demo_000376,cust_0517,8615.44,INR,debit_card,authentication_failed,1,1,3,26358.05,2026-06-23T06:23:02.097665,6,1,0,0.0
pay_demo_000377,cust_0050,29777.42,INR,upi,authentication_failed,1,0,0,20847.62,2026-05-13T09:38:02.097684,9,2,0,0.0
pay_demo_000378,cust_0127,27454.66,INR,netbanking,authentication_failed,1,20,0,9382.94,2026-03-11T20:20:02.097704,20,2,1,25479.2
pay_demo_000379,cust_0638,30360.59,INR,credit_card,card_declined,2,3,4,21703.6,2026-07-28T14:55:02.097723,14,1,1,29380.37
pay_demo_000380,cust_0510,10092.6,INR,credit_card,upi_failure,2,6,2,21251.38,2026-06-13T19:00:02.097744,19,5,0,0.0
pay_demo_000381,cust_0562,24918.46,INR,credit_card,authentication_failed,2,10,1,580.77,2026-03-09T21:04:02.097763,21,0,1,21593.46
pay_demo_000382,cust_0588,33517.29,INR,credit_card,bank_timeout,2,2,5,21845.5,2026-06-23T03:48:02.097785,3,1,0,0.0
pay_demo_000383,cust_0468,49435.56,INR,debit_card,upi_failure,1,3,1,26287.14,2026-06-14T12:11:02.097808,12,6,1,47038.68
pay_demo_000384,cust_0437,36979.3,INR,upi,bank_timeout,1,4,5,19592.36,2026-06-04T12:05:02.097829,12,3,0,0.0
pay_demo_000385,cust_0449,47763.44,INR,debit_card,authentication_failed,1,10,1,3858.04,2026-05-17T09:45:02.097871,9,6,1,46586.37
pay_demo_000386,cust_0707,42563.44,INR,netbanking,authentication_failed,2,5,0,4409.09,2026-08-12T18:56:02.097941,18,2,1,38835.06
pay_demo_000387,cust_0605,24237.21,INR,netbanking,insufficient_funds,1,11,4,1350.08,2026-03-05T00:05:02.098005,0,3,0,0.0
pay_demo_000388,cust_0134,24257.37,INR,netbanking,bank_timeout,2,14,0,2368.41,2026-03-13T14:02:02.098052,14,4,1,23182.41
pay_demo_000389,cust_0695,26335.93,INR,credit_card,authentication_failed,2,16,4,20803.13,2026-03-22T20:35:02.098097,20,6,0,0.0
pay_demo_000390,cust_0678,36387.27,INR,netbanking,upi_failure,1,20,3,4885.31,2026-04-07T04:59:02.098136,4,1,1,30992.74
pay_demo_000391,cust_0957,8014.98,INR,netbanking,card_declined,2,2,3,9958.7,2026-06-04T15:59:02.098191,15,3,1,7422.19
pay_demo_000392,cust_0564,32237.2,INR,netbanking,insufficient_funds,1,14,4,13718.91,2026-04-22T09:42:02.098255,9,2,1,27975.64
pay_demo_000393,cust_0510,37312.9,INR,upi,bank_timeout,1,1,4,16698.41,2026-08-04T04:23:02.098328,4,1,0,0.0
pay_demo_000394,cust_0653,15368.98,INR,credit_card,authentication_failed,1,10,2,24846.67,2026-07-01T09:41:02.098384,9,2,1,14354.98
pay_demo_000395,cust_0635,30077.57,INR,debit_card,authentication_failed,1,3,5,7041.54,2026-06-01T12:09:02.098459,12,0,1,28424.78
pay_demo_000396,cust_0820,14740.78,INR,debit_card,authentication_failed,1,5,3,4643.25,2026-05-15T20:46:02.098534,20,4,1,13880.33
pay_demo_000397,cust_0193,6213.14,INR,netbanking,insufficient_funds,1,6,5,10469.04,2026-05-13T22:03:02.098598,22,2,1,5871.33
pay_demo_000398,cust_0689,29522.79,INR,netbanking,card_declined,1,16,1,28933.72,2026-08-26T07:15:02.098658,7,2,1,25309.47
pay_demo_000399,cust_0958,21753.96,INR,netbanking,network_error,2,5,5,17567.35,2026-07-26T20:38:02.098722,20,6,0,0.0
pay_demo_000400,cust_0674,30107.19,INR,debit_card,network_error,2,13,4,27519.35,2026-06-25T15:37:02.098772,15,3,1,29942.78
pay_demo_000401,cust_0994,14849.84,INR,credit_card,insufficient_funds,1,16,2,25370.7,2026-04-09T13:17:02.098818,13,3,0,0.0
pay_demo_000402,cust_0755,46788.5,INR,credit_card,insufficient_funds,1,9,5,10686.16,2026-03-08T19:17:02.098868,19,6,0,0.0
pay_demo_000403,cust_0666,48763.94,INR,credit_card,network_error,1,20,2,21455.41,2026-05-29T06:32:02.098913,6,4,1,45712.34
pay_demo_000404,cust_0966,33424.43,INR,netbanking,authentication_failed,2,17,2,26385.58,2026-05-11T23:29:02.098975,23,0,1,28944.57
pay_demo_000405,cust_0391,7437.27,INR,upi,insufficient_funds,1,5,2,20660.01,2026-07-21T22:18:02.099034,22,1,1,7196.7
pay_demo_000406,cust_0209,37728.98,INR,upi,upi_failure,2,3,4,26107.04,2026-04-06T16:15:02.099072,16,0,1,35731.91
pay_demo_000407,cust_0399,12032.25,INR,debit_card,authentication_failed,1,12,3,12788.7,2026-03-05T13:27:02.099120,13,3,1,10324.52
pay_demo_000408,cust_0762,12716.79,INR,netbanking,insufficient_funds,2,20,2,22775.68,2026-04-10T00:24:02.099159,0,4,0,0.0
pay_demo_000409,cust_0202,38852.11,INR,credit_card,upi_failure,1,2,1,28893.02,2026-04-18T20:38:02.099200,20,5,1,33261.1
pay_demo_000410,cust_0286,27918.61,INR,credit_card,insufficient_funds,1,8,0,10251.6,2026-07-19T22:53:02.099227,22,6,1,27619.72
pay_demo_000411,cust_0612,2732.6,INR,debit_card,card_declined,2,17,2,2649.98,2026-06-07T07:48:02.099266,7,6,0,0.0
pay_demo_000412,cust_0980,9356.68,INR,upi,network_error,1,17,4,12400.8,2026-05-30T16:06:02.099296,16,5,1,8252.62
pay_demo_000413,cust_0340,16687.11,INR,debit_card,insufficient_funds,3,19,4,14508.29,2026-04-06T04:02:02.099330,4,0,0,0.0
pay_demo_000414,cust_0118,33513.14,INR,netbanking,insufficient_funds,2,19,4,7692.9,2026-08-17T02:06:02.099372,2,0,0,0.0
pay_demo_000415,cust_0329,19192.36,INR,upi,card_declined,1,9,0,27384.41,2026-05-24T07:11:02.099413,7,6,0,0.0
pay_demo_000416,cust_0521,22388.73,INR,upi,upi_failure,2,6,2,15659.89,2026-08-03T18:13:02.099474,18,0,1,20837.11
pay_demo_000417,cust_0008,31421.27,INR,credit_card,authentication_failed,1,6,5,13014.18,2026-08-01T17:28:02.099534,17,5,0,0.0
pay_demo_000418,cust_0849,35196.59,INR,netbanking,authentication_failed,2,2,5,20738.28,2026-08-21T09:17:02.099592,9,4,1,31668.39
pay_demo_000419,cust_0090,3847.75,INR,credit_card,upi_failure,1,18,1,27374.1,2026-05-15T11:34:02.099640,11,4,1,3634.33
pay_demo_000420,cust_0444,15956.93,INR,netbanking,authentication_failed,1,0,5,21748.43,2026-08-11T00:25:02.099699,0,1,0,0.0
pay_demo_000421,cust_0047,35103.93,INR,upi,upi_failure,2,3,2,23713.31,2026-06-11T04:57:02.099744,4,3,0,0.0
pay_demo_000422,cust_0289,38310.66,INR,netbanking,card_declined,1,0,3,5111.54,2026-07-02T19:15:02.099781,19,3,0,0.0
pay_demo_000423,cust_0401,39879.17,INR,debit_card,authentication_failed,1,20,2,28743.05,2026-08-25T06:07:02.099825,6,1,1,37217.65
pay_demo_000424,cust_0127,2280.3,INR,netbanking,network_error,1,2,2,6696.56,2026-05-31T17:36:02.099864,17,6,0,0.0
pay_demo_000425,cust_0928,32367.39,INR,credit_card,insufficient_funds,1,19,2,6232.62,2026-07-12T02:11:02.099899,2,6,1,30266.55
pay_demo_000426,cust_0056,42599.11,INR,netbanking,authentication_failed,1,9,5,2487.2,2026-08-02T17:16:02.099935,17,6,0,0.0
pay_demo_000427,cust_0595,24462.08,INR,debit_card,upi_failure,1,20,1,3451.33,2026-03-22T21:05:02.099971,21,6,1,21502.77
pay_demo_000428,cust_0498,22642.17,INR,debit_card,authentication_failed,1,18,4,11252.56,2026-06-08T10:52:02.100019,10,0,1,19262.26
pay_demo_000429,cust_0253,39325.87,INR,netbanking,upi_failure,2,4,5,22122.7,2026-04-27T09:34:02.100053,9,0,0,0.0
pay_demo_000430,cust_0368,38783.39,INR,netbanking,network_error,1,20,4,2918.22,2026-06-17T19:05:02.100086,19,2,1,36099.3
pay_demo_000431,cust_0270,36730.52,INR,upi,authentication_failed,1,0,4,19132.98,2026-04-01T05:37:02.100115,5,2,0,0.0
pay_demo_000432,cust_0788,29583.81,INR,upi,network_error,1,17,3,19790.29,2026-07-20T12:37:02.100143,12,0,1,26137.18
pay_demo_000433,cust_0791,29562.12,INR,debit_card,insufficient_funds,1,16,0,12205.16,2026-04-21T23:20:02.100191,23,1,1,26187.08
pay_demo_000434,cust_0988,40365.69,INR,credit_card,network_error,1,5,1,17207.54,2026-04-05T02:07:02.100231,2,6,0,0.0
pay_demo_000435,cust_0991,7480.71,INR,netbanking,upi_failure,1,15,1,2354.4,2026-05-25T17:00:02.100271,17,0,1,7108.83
pay_demo_000436,cust_0531,45404.76,INR,debit_card,card_declined,1,14,0,1677.19,2026-03-14T13:56:02.100299,13,5,1,43386.99
pay_demo_000437,cust_0534,31751.64,INR,debit_card,authentication_failed,1,17,4,5628.57,2026-03-13T11:39:02.100326,11,4,0,0.0
pay_demo_000438,cust_0602,32736.16,INR,upi,network_error,1,7,4,12472.34,2026-05-31T08:12:02.100362,8,6,1,30193.1
pay_demo_000439,cust_0619,528.56,INR,credit_card,card_declined,1,2,4,19482.57,2026-07-04T19:51:02.100426,19,5,0,0.0
pay_demo_000440,cust_0162,18238.7,INR,upi,authentication_failed,1,10,5,3843.49,2026-03-08T08:32:02.100492,8,6,1,16079.34
pay_demo_000441,cust_0166,32433.51,INR,netbanking,bank_timeout,1,4,4,17974.26,2026-07-24T03:30:02.100516,3,4,0,0.0
pay_demo_000442,cust_0041,44561.72,INR,credit_card,bank_timeout,1,5,4,28768.03,2026-03-27T05:22:02.100534,5,4,0,0.0
pay_demo_000443,cust_0020,43949.75,INR,debit_card,bank_timeout,1,19,3,26085.42,2026-07-15T16:09:02.100575,16,2,1,40065.25
pay_demo_000444,cust_0147,39771.88,INR,credit_card,network_error,1,8,1,21863.51,2026-06-01T09:24:02.100615,9,0,1,37329.46
pay_demo_000445,cust_0236,19034.93,INR,credit_card,bank_timeout,1,16,4,20688.85,2026-07-20T04:56:02.100654,4,0,1,16686.27
pay_demo_000446,cust_0924,30814.46,INR,upi,network_error,1,3,0,14726.11,2026-07-25T04:28:02.100684,4,5,1,30017.24
pay_demo_000447,cust_0919,46899.2,INR,netbanking,network_error,1,1,5,16129.59,2026-06-30T08:12:02.100708,8,1,0,0.0
pay_demo_000448,cust_0788,19185.58,INR,upi,card_declined,1,15,1,27347.52,2026-08-06T14:24:02.100726,14,3,0,0.0
pay_demo_000449,cust_0898,27277.8,INR,debit_card,insufficient_funds,1,0,4,15914.95,2026-04-16T23:38:02.100745,23,3,0,0.0
pay_demo_000450,cust_0671,10429.85,INR,debit_card,card_declined,1,4,3,19721.49,2026-06-24T15:08:02.100763,15,2,1,9704.1
pay_demo_000451,cust_0579,18409.08,INR,debit_card,authentication_failed,1,6,3,16787.1,2026-04-07T08:51:02.100781,8,1,1,16670.01
pay_demo_000452,cust_0569,24291.26,INR,debit_card,network_error,1,12,5,4573.02,2026-03-12T20:15:02.100800,20,3,1,21484.79
pay_demo_000453,cust_0802,35025.71,INR,credit_card,bank_timeout,1,12,2,24125.19,2026-03-23T01:19:02.100819,1,0,0,0.0
pay_demo_000454,cust_0724,2792.23,INR,netbanking,authentication_failed,1,2,1,14414.23,2026-03-27T10:57:02.100838,10,4,0,0.0
pay_demo_000455,cust_0066,13301.98,INR,debit_card,bank_timeout,1,12,3,18611.98,2026-04-16T14:17:02.100855,14,3,1,13229.21
pay_demo_000456,cust_0059,47296.65,INR,credit_card,authentication_failed,1,0,1,25591.75,2026-04-17T14:50:02.100873,14,4,0,0.0
pay_demo_000457,cust_0035,39241.18,INR,credit_card,network_error,1,1,2,7558.07,2026-08-27T18:57:02.100889,18,3,1,39222.45
pay_demo_000458,cust_0799,20091.8,INR,netbanking,card_declined,1,16,0,22239.3,2026-08-10T21:27:02.100910,21,0,1,17935.43
pay_demo_000459,cust_0850,28043.87,INR,debit_card,upi_failure,3,8,1,18387.72,2026-07-09T09:03:02.100927,9,3,0,0.0
pay_demo_000460,cust_0414,28830.35,INR,debit_card,insufficient_funds,1,3,4,2635.39,2026-06-13T13:55:02.100943,13,5,0,0.0
pay_demo_000461,cust_0823,25761.68,INR,debit_card,network_error,2,18,2,20978.66,2026-05-23T05:32:02.100960,5,5,0,0.0
pay_demo_000462,cust_0789,12315.01,INR,debit_card,card_declined,1,18,0,14718.12,2026-06-22T21:38:02.100976,21,0,0,0.0
pay_demo_000463,cust_0649,39475.07,INR,credit_card,authentication_failed,2,10,3,28685.65,2026-04-17T07:02:02.100994,7,4,1,37703.54
pay_demo_000464,cust_0270,12563.23,INR,upi,card_declined,1,10,0,16859.27,2026-07-13T08:42:02.101013,8,0,0,0.0
pay_demo_000465,cust_0363,11084.59,INR,debit_card,insufficient_funds,2,6,3,22244.81,2026-06-28T00:47:02.101029,0,6,1,10873.0
pay_demo_000466,cust_0212,11614.54,INR,credit_card,network_error,1,3,0,27645.55,2026-03-07T02:31:02.101047,2,5,1,10941.76
pay_demo_000467,cust_0783,42883.05,INR,upi,card_declined,1,10,3,26994.58,2026-04-02T15:31:02.101065,15,3,1,37626.91
pay_demo_000468,cust_0783,45817.14,INR,debit_card,card_declined,1,18,1,2097.37,2026-05-11T08:28:02.101085,8,0,0,0.0
pay_demo_000469,cust_0034,25223.27,INR,netbanking,authentication_failed,2,14,0,21098.21,2026-05-02T13:18:02.101103,13,5,1,21471.63
pay_demo_000470,cust_0691,10695.47,INR,upi,upi_failure,1,8,1,16682.62,2026-06-28T15:32:02.101121,15,6,1,10628.93
pay_demo_000471,cust_0352,18423.02,INR,netbanking,card_declined,1,11,2,25702.62,2026-06-17T09:51:02.101141,9,2,1,17238.63
pay_demo_000472,cust_0590,34363.39,INR,upi,authentication_failed,1,7,4,13250.45,2026-05-22T17:53:02.101172,17,4,1,33332.68
pay_demo_000473,cust_0757,7647.49,INR,upi,insufficient_funds,1,4,5,15751.71,2026-06-08T08:43:02.101205,8,0,0,0.0
pay_demo_000474,cust_0257,28194.49,INR,upi,card_declined,1,5,0,6856.29,2026-06-23T08:09:02.101229,8,1,0,0.0
pay_demo_000475,cust_0645,4995.83,INR,debit_card,upi_failure,1,17,4,27989.41,2026-06-23T13:01:02.101251,13,1,1,4555.02
pay_demo_000476,cust_0360,43394.96,INR,credit_card,network_error,1,20,4,5648.9,2026-06-16T12:42:02.101275,12,1,1,41267.69
pay_demo_000477,cust_0500,38782.27,INR,netbanking,bank_timeout,1,9,3,19135.51,2026-07-21T18:22:02.101299,18,1,1,37663.7
pay_demo_000478,cust_0346,21206.46,INR,netbanking,bank_timeout,1,10,1,9747.72,2026-03-13T14:17:02.101324,14,4,1,18876.31
pay_demo_000479,cust_0661,19893.68,INR,netbanking,upi_failure,2,16,3,12712.68,2026-07-11T23:54:02.101349,23,5,1,19081.34
pay_demo_000480,cust_0678,12732.02,INR,upi,insufficient_funds,1,3,0,2381.88,2026-04-28T06:59:02.101373,6,1,1,10872.57
pay_demo_000481,cust_0407,26294.34,INR,upi,bank_timeout,1,4,0,19817.56,2026-05-20T14:48:02.101399,14,2,1,23325.96
pay_demo_000482,cust_0291,22269.39,INR,credit_card,insufficient_funds,1,5,0,1537.07,2026-05-28T13:07:02.101428,13,3,1,20519.53
pay_demo_000483,cust_0999,43570.73,INR,debit_card,network_error,1,17,1,17929.51,2026-05-03T03:15:02.101459,3,6,1,41190.8
pay_demo_000484,cust_0578,21861.87,INR,debit_card,upi_failure,1,7,0,13534.88,2026-05-26T10:46:02.101537,10,1,1,19093.23
pay_demo_000485,cust_0011,204.6,INR,credit_card,upi_failure,1,17,0,20789.21,2026-04-24T08:43:02.101558,8,4,0,0.0
pay_demo_000486,cust_0010,38340.29,INR,debit_card,network_error,1,0,4,11522.49,2026-05-14T06:35:02.101575,6,3,0,0.0
pay_demo_000487,cust_0405,12644.83,INR,netbanking,card_declined,1,2,3,18947.03,2026-04-17T04:11:02.101594,4,4,0,0.0
pay_demo_000488,cust_0711,34295.09,INR,debit_card,authentication_failed,2,8,3,6046.02,2026-08-10T18:54:02.101612,18,0,1,30640.58
pay_demo_000489,cust_0653,22876.08,INR,netbanking,upi_failure,2,15,1,9958.99,2026-07-20T22:28:02.101630,22,0,1,19520.61
pay_demo_000490,cust_0996,5293.22,INR,debit_card,insufficient_funds,2,0,1,3160.81,2026-08-24T08:49:02.101659,8,0,0,0.0
pay_demo_000491,cust_0351,21128.1,INR,netbanking,upi_failure,1,1,2,2866.58,2026-07-21T22:45:02.101678,22,1,1,20417.1
pay_demo_000492,cust_0074,27250.96,INR,credit_card,insufficient_funds,2,8,3,24933.44,2026-07-27T01:47:02.101700,1,0,1,24736.23
pay_demo_000493,cust_0999,22259.45,INR,upi,insufficient_funds,1,3,4,20147.23,2026-07-05T08:38:02.101724,8,6,1,21195.81
pay_demo_000494,cust_0320,46823.52,INR,credit_card,authentication_failed,2,17,4,4103.17,2026-04-26T03:43:02.101742,3,6,0,0.0
pay_demo_000495,cust_0204,18149.25,INR,upi,authentication_failed,1,3,1,19170.81,2026-06-05T23:52:02.101759,23,4,0,0.0
pay_demo_000496,cust_0814,13949.78,INR,upi,card_declined,2,0,0,17641.77,2026-03-04T08:18:02.101776,8,2,1,13104.87
pay_demo_000497,cust_0381,38585.69,INR,credit_card,insufficient_funds,1,19,2,27960.04,2026-03-20T22:59:02.101793,22,4,1,34855.52
pay_demo_000498,cust_0158,35126.14,INR,upi,insufficient_funds,1,10,4,23762.57,2026-05-31T09:16:02.101810,9,6,0,0.0
pay_demo_000499,cust_0198,1263.37,INR,netbanking,upi_failure,2,8,0,14816.41,2026-05-07T06:44:02.101842,6,3,1,1176.72
pay_demo_000500,cust_0502,9650.84,INR,credit_card,network_error,1,14,2,26096.02,2026-03-27T06:52:02.101873,6,4,1,8302.92
pay_demo_000501,cust_0159,22579.33,INR,debit_card,network_error,1,0,5,15425.75,2026-07-11T23:23:02.101903,23,5,0,0.0
pay_demo_000502,cust_0878,18330.94,INR,credit_card,upi_failure,2,17,3,6101.15,2026-03-06T08:13:02.101932,8,4,0,0.0
pay_demo_000503,cust_0565,7875.75,INR,debit_card,upi_failure,1,10,0,3339.56,2026-03-12T22:00:02.101971,22,3,1,7681.05
pay_demo_000504,cust_0133,9096.21,INR,upi,insufficient_funds,1,6,0,1438.61,2026-03-16T11:20:02.102012,11,0,1,8400.23
pay_demo_000505,cust_0639,35125.44,INR,debit_card,bank_timeout,1,19,5,2590.78,2026-07-05T03:31:02.102045,3,6,1,34748.21
pay_demo_000506,cust_0853,4181.85,INR,upi,upi_failure,1,13,2,23930.36,2026-08-13T04:45:02.102075,4,3,1,3886.42
pay_demo_000507,cust_0752,3705.33,INR,debit_card,bank_timeout,2,16,0,3486.14,2026-06-29T06:38:02.102105,6,0,1,3254.83
pay_demo_000508,cust_0539,32912.45,INR,credit_card,network_error,2,13,5,3612.67,2026-03-17T05:40:02.102135,5,1,1,31305.46
pay_demo_000509,cust_0720,33329.07,INR,upi,insufficient_funds,2,17,3,15388.44,2026-03-12T18:28:02.102170,18,3,0,0.0
pay_demo_000510,cust_0615,22262.01,INR,debit_card,upi_failure,1,10,2,12664.13,2026-03-18T10:10:02.102203,10,2,1,21346.6
pay_demo_000511,cust_0624,12187.98,INR,credit_card,card_declined,2,8,2,28868.73,2026-05-05T12:02:02.102234,12,1,0,0.0
pay_demo_000512,cust_0744,1926.21,INR,debit_card,network_error,1,4,2,693.78,2026-07-02T17:08:02.102263,17,3,1,1728.26
pay_demo_000513,cust_0791,41132.61,INR,debit_card,network_error,1,18,4,5064.09,2026-08-18T09:40:02.102302,9,1,1,35925.88
pay_demo_000514,cust_0272,18480.73,INR,credit_card,insufficient_funds,1,9,0,17329.37,2026-04-04T17:16:02.102335,17,5,0,0.0
pay_demo_000515,cust_0080,36234.31,INR,netbanking,insufficient_funds,1,18,0,18059.32,2026-06-12T22:16:02.102364,22,4,0,0.0
pay_demo_000516,cust_0828,28898.93,INR,upi,bank_timeout,2,10,2,26453.88,2026-05-08T10:03:02.102394,10,4,0,0.0
pay_demo_000517,cust_0889,6202.92,INR,credit_card,authentication_failed,1,19,0,19199.67,2026-03-19T11:59:02.102427,11,3,1,5556.06
pay_demo_000518,cust_0043,16101.96,INR,credit_card,upi_failure,1,7,1,1990.33,2026-05-19T09:14:02.102482,9,1,1,15124.09
pay_demo_000519,cust_0517,4686.13,INR,netbanking,upi_failure,2,4,1,10416.96,2026-04-28T05:15:02.102517,5,1,1,4017.87
pay_demo_000520,cust_0409,13275.39,INR,netbanking,network_error,1,4,1,14687.21,2026-07-08T08:37:02.102550,8,2,0,0.0
pay_demo_000521,cust_0668,28652.27,INR,credit_card,insufficient_funds,1,13,2,20699.77,2026-04-02T21:55:02.102585,21,3,1,27241.49
pay_demo_000522,cust_0434,18390.33,INR,credit_card,upi_failure,1,20,0,23205.6,2026-07-15T12:23:02.102621,12,2,1,17898.16
pay_demo_000523,cust_0823,22222.06,INR,credit_card,card_declined,1,7,1,20718.1,2026-07-19T00:08:02.102661,0,6,0,0.0
pay_demo_000524,cust_0088,5796.11,INR,upi,insufficient_funds,2,4,2,905.13,2026-03-03T20:43:02.102700,20,1,0,0.0
pay_demo_000525,cust_0461,23665.28,INR,debit_card,insufficient_funds,2,6,1,16619.51,2026-06-22T06:32:02.102730,6,0,0,0.0
pay_demo_000526,cust_0638,36550.19,INR,credit_card,authentication_failed,1,0,3,17698.65,2026-03-11T08:00:02.102761,8,2,0,0.0
pay_demo_000527,cust_0262,8681.92,INR,debit_card,insufficient_funds,2,19,2,2066.01,2026-03-13T23:58:02.102792,23,4,0,0.0
pay_demo_000528,cust_0398,33086.57,INR,debit_card,bank_timeout,1,20,3,7319.47,2026-05-22T07:17:02.102823,7,4,1,28617.92
pay_demo_000529,cust_0324,24336.18,INR,upi,insufficient_funds,1,14,4,27827.32,2026-08-22T22:47:02.102861,22,5,0,0.0
pay_demo_000530,cust_0945,26564.89,INR,debit_card,card_declined,1,5,0,10730.01,2026-05-29T12:22:02.102893,12,4,1,23784.85
pay_demo_000531,cust_0514,13938.74,INR,upi,authentication_failed,1,12,0,28352.03,2026-06-17T16:53:02.102925,16,2,1,12562.54
pay_demo_000532,cust_0403,32915.2,INR,upi,authentication_failed,1,19,5,20752.44,2026-05-13T16:26:02.102955,16,2,0,0.0
pay_demo_000533,cust_0157,21437.96,INR,debit_card,network_error,1,17,1,6599.34,2026-07-23T05:28:02.102989,5,3,1,20421.96
pay_demo_000534,cust_0208,43156.87,INR,debit_card,authentication_failed,2,16,1,13186.9,2026-07-21T03:03:02.103023,3,1,0,0.0
pay_demo_000535,cust_0579,45872.18,INR,debit_card,bank_timeout,1,3,1,9869.13,2026-07-21T01:01:02.103053,1,1,1,44258.18
pay_demo_000536,cust_0902,48650.22,INR,netbanking,upi_failure,1,20,5,8576.99,2026-07-10T20:54:02.103085,20,4,0,0.0
pay_demo_000537,cust_0190,1504.67,INR,debit_card,network_error,1,7,4,7349.38,2026-03-05T23:40:02.103113,23,3,0,0.0
pay_demo_000538,cust_0082,34469.44,INR,netbanking,insufficient_funds,1,19,3,21504.56,2026-05-24T18:08:02.103143,18,6,1,31302.35
pay_demo_000539,cust_0486,7048.13,INR,credit_card,insufficient_funds,1,0,2,28530.84,2026-07-02T00:20:02.103172,0,3,0,0.0
pay_demo_000540,cust_0208,37937.27,INR,upi,insufficient_funds,2,14,4,14953.32,2026-06-05T09:06:02.103202,9,4,0,0.0
pay_demo_000541,cust_0253,21492.27,INR,upi,network_error,2,12,5,9730.48,2026-03-24T00:26:02.103232,0,1,1,20182.76
pay_demo_000542,cust_0538,32141.41,INR,upi,network_error,1,14,0,26394.51,2026-06-26T07:28:02.103263,7,4,0,0.0
pay_demo_000543,cust_0406,49194.77,INR,upi,network_error,1,20,0,6100.59,2026-05-07T11:06:02.103299,11,3,1,44062.93
pay_demo_000544,cust_0848,14438.55,INR,credit_card,card_declined,1,1,5,15750.6,2026-07-22T09:09:02.103331,9,2,0,0.0
pay_demo_000545,cust_0662,22694.56,INR,upi,insufficient_funds,2,17,1,12095.47,2026-06-06T10:01:02.103362,10,5,0,0.0
pay_demo_000546,cust_0184,22793.3,INR,credit_card,card_declined,1,10,5,19633.0,2026-07-17T01:16:02.103395,1,4,1,19796.7
pay_demo_000547,cust_0117,35370.09,INR,debit_card,bank_timeout,1,12,5,23836.46,2026-04-19T04:52:02.103523,4,6,1,32073.66
pay_demo_000548,cust_0390,2386.52,INR,credit_card,upi_failure,1,4,1,26130.15,2026-07-13T01:59:02.103569,1,0,1,2178.74
pay_demo_000549,cust_0317,36562.06,INR,netbanking,upi_failure,1,3,1,28832.8,2026-08-27T04:14:02.103613,4,3,0,0.0
pay_demo_000550,cust_0260,807.95,INR,netbanking,card_declined,1,0,4,26539.74,2026-06-28T17:25:02.103645,17,6,0,0.0
pay_demo_000551,cust_0676,23890.46,INR,netbanking,card_declined,1,19,0,7719.04,2026-04-09T15:23:02.103674,15,3,1,22559.65
pay_demo_000552,cust_0840,41297.57,INR,upi,insufficient_funds,1,20,2,1583.27,2026-08-19T02:26:02.103705,2,2,1,40294.13
pay_demo_000553,cust_0306,16689.33,INR,upi,bank_timeout,1,5,1,20326.67,2026-03-24T02:18:02.103739,2,1,0,0.0
pay_demo_000554,cust_0717,29829.46,INR,credit_card,card_declined,2,11,0,3247.23,2026-06-12T13:39:02.103774,13,4,1,29370.97
pay_demo_000555,cust_0840,3569.8,INR,netbanking,network_error,1,15,1,4099.69,2026-06-18T13:29:02.103807,13,3,1,3255.88
pay_demo_000556,cust_0215,34852.31,INR,upi,bank_timeout,1,20,4,29622.08,2026-04-26T00:18:02.103848,0,6,0,0.0
pay_demo_000557,cust_0620,46707.81,INR,debit_card,card_declined,1,10,2,15999.04,2026-03-21T12:03:02.103893,12,5,1,40610.43
pay_demo_000558,cust_0577,24920.57,INR,netbanking,card_declined,2,19,1,21403.32,2026-07-09T23:55:02.103927,23,3,1,21272.15
pay_demo_000559,cust_0641,39877.28,INR,credit_card,network_error,3,13,0,10346.87,2026-04-06T03:49:02.103957,3,0,0,0.0
pay_demo_000560,cust_0012,32102.79,INR,debit_card,upi_failure,2,9,2,15447.34,2026-06-06T23:55:02.103994,23,5,0,0.0
pay_demo_000561,cust_0703,16797.49,INR,netbanking,authentication_failed,1,0,1,6223.46,2026-06-02T02:32:02.104025,2,1,1,16586.25
pay_demo_000562,cust_0817,1970.8,INR,credit_card,card_declined,1,14,4,26929.89,2026-05-01T10:03:02.104058,10,4,1,1894.7
pay_demo_000563,cust_0856,26149.45,INR,debit_card,network_error,1,6,4,20722.05,2026-05-29T21:53:02.104098,21,4,1,23327.11
pay_demo_000564,cust_0032,17089.79,INR,netbanking,authentication_failed,1,5,4,18367.83,2026-07-11T04:55:02.104132,4,5,0,0.0
pay_demo_000565,cust_0886,39160.73,INR,debit_card,authentication_failed,2,1,2,12709.15,2026-04-22T16:39:02.104150,16,2,1,35941.17
pay_demo_000566,cust_0974,15270.91,INR,debit_card,insufficient_funds,1,1,1,27443.94,2026-05-06T08:01:02.104168,8,2,1,14810.55
pay_demo_000567,cust_0927,25102.7,INR,credit_card,upi_failure,2,16,2,23378.23,2026-07-22T20:10:02.104185,20,2,1,25035.95
pay_demo_000568,cust_0529,33900.52,INR,credit_card,insufficient_funds,2,14,3,21553.48,2026-04-16T21:02:02.104203,21,3,0,0.0
pay_demo_000569,cust_0319,46630.4,INR,upi,upi_failure,1,1,0,15857.04,2026-03-12T00:43:02.104219,0,3,0,0.0
pay_demo_000570,cust_0024,28962.48,INR,debit_card,authentication_failed,2,10,1,6180.1,2026-06-18T06:42:02.104235,6,3,1,27975.38
pay_demo_000571,cust_0688,6059.01,INR,credit_card,insufficient_funds,1,0,4,17008.96,2026-08-01T17:28:02.104252,17,5,0,0.0
pay_demo_000572,cust_0359,27558.41,INR,debit_card,insufficient_funds,2,9,4,7722.34,2026-08-09T14:23:02.104267,14,6,0,0.0
pay_demo_000573,cust_0914,17069.2,INR,netbanking,bank_timeout,1,15,5,1988.45,2026-05-21T22:57:02.104286,22,3,1,15600.73
pay_demo_000574,cust_0184,35292.94,INR,netbanking,network_error,1,10,1,21530.51,2026-03-09T06:57:02.104304,6,0,0,0.0
pay_demo_000575,cust_0998,46154.64,INR,netbanking,network_error,1,14,0,13939.73,2026-03-05T03:17:02.104320,3,3,1,44538.03
pay_demo_000576,cust_0482,11738.37,INR,credit_card,insufficient_funds,2,19,2,27429.42,2026-05-19T18:18:02.104336,18,1,0,0.0
pay_demo_000577,cust_0940,33325.99,INR,debit_card,card_declined,1,2,3,3830.17,2026-04-27T09:08:02.104354,9,0,1,29180.91
pay_demo_000578,cust_0787,17561.05,INR,credit_card,network_error,1,3,2,16906.42,2026-08-09T14:28:02.104372,14,6,1,16141.17
pay_demo_000579,cust_0605,20789.41,INR,credit_card,network_error,1,15,3,2448.77,2026-07-05T01:25:02.104388,1,6,1,19015.5
pay_demo_000580,cust_0446,28447.12,INR,debit_card,network_error,1,5,5,20253.35,2026-04-03T08:55:02.104405,8,4,0,0.0
pay_demo_000581,cust_0607,29884.56,INR,debit_card,network_error,1,14,1,9587.05,2026-05-16T21:24:02.104421,21,5,1,25889.34
pay_demo_000582,cust_0834,29900.99,INR,netbanking,upi_failure,1,1,0,6919.55,2026-07-23T05:05:02.104437,5,3,1,28802.08
pay_demo_000583,cust_0830,209.18,INR,credit_card,authentication_failed,1,17,2,12004.49,2026-04-02T09:50:02.104456,9,3,1,184.26
pay_demo_000584,cust_0899,15966.57,INR,debit_card,card_declined,2,11,0,17690.45,2026-03-24T07:37:02.104498,7,1,0,0.0
pay_demo_000585,cust_0868,6552.27,INR,debit_card,bank_timeout,1,17,0,524.88,2026-04-06T12:55:02.104525,12,0,1,6415.9
pay_demo_000586,cust_0887,1753.0,INR,netbanking,authentication_failed,1,20,2,21497.32,2026-05-16T11:35:02.104544,11,5,0,0.0
pay_demo_000587,cust_0559,10718.56,INR,credit_card,card_declined,1,17,3,25378.17,2026-05-27T10:53:02.104568,10,2,1,9574.57
pay_demo_000588,cust_0894,33569.29,INR,credit_card,bank_timeout,1,0,1,21779.51,2026-04-25T02:35:02.104592,2,5,0,0.0
pay_demo_000589,cust_0999,49512.84,INR,upi,insufficient_funds,1,13,3,26860.68,2026-03-02T04:03:02.104607,4,0,1,45247.59
pay_demo_000590,cust_0185,22828.84,INR,netbanking,network_error,2,12,2,7159.36,2026-05-11T05:02:02.104624,5,0,1,21383.56
pay_demo_000591,cust_0868,36599.49,INR,debit_card,card_declined,2,18,2,1487.13,2026-08-18T05:32:02.104640,5,1,1,34979.32
pay_demo_000592,cust_0116,29097.39,INR,upi,insufficient_funds,2,16,2,14215.62,2026-08-07T07:06:02.104659,7,4,1,27395.5
pay_demo_000593,cust_0252,23728.09,INR,upi,authentication_failed,1,18,2,18584.65,2026-06-01T06:13:02.104682,6,0,0,0.0
pay_demo_000594,cust_0012,23549.67,INR,netbanking,network_error,2,13,2,28837.15,2026-06-13T14:52:02.104702,14,5,1,20142.01
pay_demo_000595,cust_0946,29962.3,INR,debit_card,authentication_failed,2,8,0,19064.35,2026-04-01T18:26:02.104719,18,2,0,0.0
pay_demo_000596,cust_0053,32884.73,INR,debit_card,authentication_failed,1,9,3,2934.05,2026-04-20T21:08:02.104735,21,0,0,0.0
pay_demo_000597,cust_0803,14036.87,INR,credit_card,network_error,1,8,0,22372.16,2026-03-26T18:04:02.104750,18,3,1,13177.33
pay_demo_000598,cust_0155,33025.95,INR,debit_card,insufficient_funds,1,7,3,5833.87,2026-04-14T22:41:02.104770,22,1,0,0.0
pay_demo_000599,cust_0087,48373.81,INR,credit_card,card_declined,2,13,3,7519.45,2026-05-07T00:22:02.104788,0,3,0,0.0
pay_demo_000600,cust_0172,10700.67,INR,debit_card,bank_timeout,1,3,0,5444.21,2026-05-17T08:43:02.104807,8,6,1,9860.02
pay_demo_000601,cust_0972,37670.91,INR,credit_card,card_declined,1,12,3,8247.44,2026-04-14T11:02:02.104824,11,1,0,0.0
pay_demo_000602,cust_0296,46375.68,INR,netbanking,card_declined,1,16,5,28698.19,2026-08-03T06:22:02.104841,6,0,0,0.0
pay_demo_000603,cust_0363,47817.95,INR,netbanking,network_error,2,8,2,8474.62,2026-08-02T15:21:02.104861,15,6,1,44835.38
pay_demo_000604,cust_0473,38702.92,INR,credit_card,authentication_failed,1,6,4,10453.49,2026-03-04T18:42:02.104879,18,2,1,36076.61
pay_demo_000605,cust_0689,622.11,INR,upi,bank_timeout,1,16,0,20722.24,2026-05-30T16:16:02.104896,16,5,1,555.23
pay_demo_000606,cust_0198,1895.28,INR,upi,bank_timeout,2,6,4,19323.45,2026-07-28T21:08:02.104914,21,1,0,0.0
pay_demo_000607,cust_0620,6669.38,INR,credit_card,bank_timeout,1,8,2,14275.19,2026-08-08T03:33:02.104931,3,5,0,0.0
pay_demo_000608,cust_0945,49763.32,INR,netbanking,authentication_failed,2,10,2,5278.0,2026-08-09T15:13:02.104948,15,6,0,0.0
pay_demo_000609,cust_0064,19263.39,INR,debit_card,bank_timeout,1,8,1,13496.96,2026-04-24T17:23:02.104964,17,4,0,0.0
pay_demo_000610,cust_0403,9086.42,INR,netbanking,bank_timeout,1,13,1,18612.01,2026-07-31T09:17:02.104979,9,4,1,8076.46
pay_demo_000611,cust_0036,3831.39,INR,debit_card,card_declined,1,15,1,19759.53,2026-08-27T22:20:02.104996,22,3,0,0.0
pay_demo_000612,cust_0400,13468.54,INR,debit_card,card_declined,1,16,5,28227.38,2026-04-24T08:35:02.105012,8,4,1,12264.28
pay_demo_000613,cust_0746,39090.66,INR,upi,network_error,1,12,5,24630.31,2026-04-26T20:26:02.105032,20,6,1,36365.87
pay_demo_000614,cust_0368,16805.3,INR,debit_card,card_declined,1,20,0,11277.98,2026-06-01T21:09:02.105049,21,0,1,15443.16
pay_demo_000615,cust_0785,14639.94,INR,credit_card,insufficient_funds,1,12,5,6134.59,2026-03-02T11:05:02.105067,11,0,1,12678.41
pay_demo_000616,cust_0706,18091.2,INR,upi,authentication_failed,1,6,1,1553.1,2026-08-21T00:25:02.105084,0,4,0,0.0
pay_demo_000617,cust_0245,24563.78,INR,upi,network_error,1,15,4,28966.14,2026-05-05T00:00:02.105100,0,1,1,22129.33
pay_demo_000618,cust_0346,39431.37,INR,upi,card_declined,1,20,5,15932.03,2026-03-07T06:53:02.105117,6,5,0,0.0
pay_demo_000619,cust_0759,29051.42,INR,upi,bank_timeout,2,15,5,1062.36,2026-03-22T22:47:02.105136,22,6,0,0.0
pay_demo_000620,cust_0719,32509.56,INR,upi,insufficient_funds,1,9,0,13957.45,2026-07-15T05:58:02.105153,5,2,1,31621.07
pay_demo_000621,cust_0109,5886.15,INR,credit_card,bank_timeout,2,13,2,24439.87,2026-03-07T11:42:02.105169,11,5,0,0.0
pay_demo_000622,cust_0124,48797.49,INR,credit_card,upi_failure,2,6,0,17996.01,2026-06-03T21:55:02.105186,21,2,1,43482.66
pay_demo_000623,cust_0776,20874.69,INR,debit_card,network_error,1,7,4,1700.62,2026-08-02T03:23:02.105205,3,6,1,18921.23
pay_demo_000624,cust_0162,978.39,INR,netbanking,bank_timeout,1,5,0,21348.87,2026-03-29T14:36:02.105222,14,6,1,933.41
pay_demo_000625,cust_0812,38673.62,INR,credit_card,insufficient_funds,1,8,4,13787.36,2026-06-27T18:23:02.105239,18,5,1,36885.01
pay_demo_000626,cust_0611,9164.02,INR,netbanking,network_error,3,20,2,10761.68,2026-08-26T06:47:02.105257,6,2,0,0.0
pay_demo_000627,cust_0197,6051.89,INR,upi,network_error,1,17,4,6968.65,2026-03-20T02:49:02.105273,2,4,0,0.0
pay_demo_000628,cust_0284,2842.84,INR,upi,insufficient_funds,1,15,3,5701.55,2026-03-09T22:59:02.105289,22,0,0,0.0
pay_demo_000629,cust_0661,18336.81,INR,credit_card,card_declined,1,19,3,1777.87,2026-08-14T06:51:02.105304,6,4,1,16021.0
pay_demo_000630,cust_0030,24356.06,INR,upi,bank_timeout,2,14,4,17602.97,2026-05-12T17:15:02.105321,17,1,0,0.0
pay_demo_000631,cust_0694,44938.96,INR,credit_card,bank_timeout,1,3,1,22263.56,2026-07-07T11:05:02.105337,11,1,0,0.0
pay_demo_000632,cust_0226,3861.78,INR,netbanking,bank_timeout,2,4,1,27872.67,2026-05-03T18:38:02.105352,18,6,1,3498.86
pay_demo_000633,cust_0469,36047.1,INR,debit_card,upi_failure,1,4,0,20920.21,2026-08-12T15:54:02.105371,15,2,1,31240.81
pay_demo_000634,cust_0477,23037.23,INR,credit_card,upi_failure,1,9,4,5125.25,2026-03-17T04:05:02.105388,4,1,1,20168.87
pay_demo_000635,cust_0994,27727.23,INR,credit_card,bank_timeout,1,16,3,25934.87,2026-07-03T05:32:02.105408,5,4,1,27049.25
pay_demo_000636,cust_0286,922.29,INR,netbanking,authentication_failed,2,7,2,13310.34,2026-07-02T05:53:02.105425,5,3,0,0.0
pay_demo_000637,cust_0936,28770.3,INR,upi,card_declined,3,1,3,22137.55,2026-04-20T22:35:02.105441,22,0,0,0.0
pay_demo_000638,cust_0544,19837.14,INR,upi,card_declined,1,2,4,22715.82,2026-03-03T00:36:02.105459,0,1,0,0.0
pay_demo_000639,cust_0973,11056.72,INR,debit_card,upi_failure,1,2,0,14653.6,2026-06-10T18:17:02.105475,18,2,1,10159.94
pay_demo_000640,cust_0585,37414.88,INR,upi,card_declined,1,4,5,12458.13,2026-05-25T03:33:02.105493,3,0,0,0.0
pay_demo_000641,cust_0721,31743.43,INR,upi,card_declined,2,10,4,1465.07,2026-05-10T15:18:02.105512,15,6,1,31486.76
pay_demo_000642,cust_0556,28846.42,INR,credit_card,authentication_failed,1,10,5,28001.18,2026-04-18T02:39:02.105529,2,5,1,28361.7
pay_demo_000643,cust_0114,19271.16,INR,netbanking,network_error,1,11,1,19621.09,2026-02-28T21:27:02.105548,21,5,1,18430.95
pay_demo_000644,cust_0210,7092.61,INR,debit_card,insufficient_funds,1,20,3,22252.71,2026-04-01T01:49:02.105564,1,2,0,0.0
pay_demo_000645,cust_0772,37301.83,INR,credit_card,upi_failure,1,8,4,20566.69,2026-06-18T22:58:02.105580,22,3,0,0.0
pay_demo_000646,cust_0382,17392.28,INR,netbanking,network_error,1,3,3,21439.85,2026-03-07T06:05:02.105595,6,5,1,15545.91
pay_demo_000647,cust_0636,18533.66,INR,upi,insufficient_funds,2,14,0,2865.03,2026-07-13T14:58:02.105612,14,0,0,0.0
pay_demo_000648,cust_0112,8405.36,INR,upi,authentication_failed,1,4,1,15860.29,2026-03-20T23:44:02.105628,23,4,0,0.0
pay_demo_000649,cust_0427,48484.82,INR,credit_card,card_declined,1,14,5,19518.19,2026-06-14T17:58:02.105644,17,6,0,0.0
pay_demo_000650,cust_0023,43615.33,INR,credit_card,network_error,1,13,4,10612.38,2026-03-15T13:31:02.105659,13,6,1,40954.95
pay_demo_000651,cust_0714,26602.28,INR,netbanking,card_declined,1,4,2,5566.25,2026-06-22T16:32:02.105677,16,0,1,24095.96
pay_demo_000652,cust_0296,38533.54,INR,upi,insufficient_funds,1,14,1,18749.59,2026-07-17T01:28:02.105697,1,4,0,0.0
pay_demo_000653,cust_0293,9277.57,INR,credit_card,authentication_failed,1,4,1,7518.21,2026-08-17T13:26:02.105717,13,0,1,8061.94
pay_demo_000654,cust_0267,18609.67,INR,credit_card,network_error,2,10,2,4864.35,2026-05-05T06:52:02.105736,6,1,0,0.0
pay_demo_000655,cust_0547,15217.68,INR,upi,card_declined,2,4,3,27870.43,2026-07-19T23:15:02.105752,23,6,0,0.0
pay_demo_000656,cust_0560,48784.93,INR,debit_card,authentication_failed,2,15,2,29103.36,2026-04-03T02:53:02.105767,2,4,0,0.0
pay_demo_000657,cust_0819,28348.53,INR,netbanking,upi_failure,1,15,0,4612.99,2026-04-08T20:43:02.105783,20,2,1,24201.69
pay_demo_000658,cust_0633,42075.67,INR,netbanking,upi_failure,1,1,4,19418.72,2026-03-31T07:48:02.105799,7,1,0,0.0
pay_demo_000659,cust_0801,46796.12,INR,debit_card,insufficient_funds,1,17,3,20473.37,2026-08-05T07:37:02.105821,7,2,0,0.0
pay_demo_000660,cust_0200,24625.17,INR,upi,authentication_failed,1,4,5,25687.22,2026-05-25T11:39:02.105837,11,0,0,0.0
pay_demo_000661,cust_0013,14375.59,INR,debit_card,upi_failure,3,17,0,6863.01,2026-05-06T00:36:02.105854,0,2,0,0.0
pay_demo_000662,cust_0823,22236.72,INR,credit_card,authentication_failed,3,13,5,26944.65,2026-07-23T05:24:02.105874,5,3,1,19188.33
pay_demo_000663,cust_0213,15300.91,INR,debit_card,bank_timeout,2,18,3,3109.22,2026-05-15T03:04:02.106024,3,4,1,13633.1
pay_demo_000664,cust_0180,27879.53,INR,credit_card,insufficient_funds,1,12,2,16839.07,2026-08-17T14:09:02.106046,14,0,1,26144.9
pay_demo_000665,cust_0506,28052.2,INR,netbanking,insufficient_funds,1,0,1,8248.97,2026-03-17T03:32:02.106068,3,1,1,24366.89
pay_demo_000666,cust_0682,44655.79,INR,netbanking,insufficient_funds,1,20,1,1339.06,2026-06-18T08:58:02.106088,8,3,0,0.0
pay_demo_000667,cust_0614,37329.17,INR,netbanking,network_error,1,8,5,20734.43,2026-03-03T20:39:02.106107,20,1,1,34599.62
pay_demo_000668,cust_0590,1073.75,INR,debit_card,insufficient_funds,1,4,2,14100.8,2026-03-03T19:40:02.106124,19,1,1,938.99
pay_demo_000669,cust_0280,18185.94,INR,debit_card,bank_timeout,1,16,5,28121.35,2026-04-18T17:13:02.106141,17,5,1,17171.25
pay_demo_000670,cust_0784,4906.53,INR,credit_card,network_error,1,10,5,24096.38,2026-06-19T02:18:02.106158,2,4,1,4677.16
pay_demo_000671,cust_0099,26814.13,INR,debit_card,insufficient_funds,1,16,2,11503.92,2026-04-25T10:41:02.106175,10,5,1,26496.01
pay_demo_000672,cust_0167,5300.41,INR,credit_card,network_error,1,6,4,18596.14,2026-04-15T06:17:02.106194,6,2,1,4943.52
pay_demo_000673,cust_0775,40168.5,INR,netbanking,card_declined,2,3,1,27740.59,2026-04-27T12:43:02.106214,12,0,0,0.0
pay_demo_000674,cust_0708,18255.91,INR,netbanking,network_error,1,10,1,21441.9,2026-08-20T00:10:02.106238,0,3,1,15842.29
pay_demo_000675,cust_0132,42869.4,INR,credit_card,authentication_failed,1,4,1,4341.44,2026-08-07T10:18:02.106259,10,4,0,0.0
pay_demo_000676,cust_0782,39244.68,INR,upi,bank_timeout,2,13,0,6292.35,2026-08-19T02:30:02.106275,2,2,1,36849.83
pay_demo_000677,cust_0481,6122.33,INR,debit_card,bank_timeout,1,0,0,23579.94,2026-03-26T17:25:02.106291,17,3,1,6031.57
pay_demo_000678,cust_0190,33595.91,INR,upi,bank_timeout,1,8,4,10761.18,2026-07-17T07:13:02.106308,7,4,0,0.0
pay_demo_000679,cust_0747,30725.23,INR,upi,bank_timeout,2,0,4,6901.44,2026-07-09T14:52:02.106324,14,3,0,0.0
pay_demo_000680,cust_0924,37750.09,INR,upi,authentication_failed,1,6,4,25613.26,2026-04-28T12:18:02.106339,12,1,0,0.0
pay_demo_000681,cust_0604,9419.26,INR,upi,insufficient_funds,2,12,3,6821.08,2026-06-30T10:55:02.106355,10,1,0,0.0
pay_demo_000682,cust_0780,49233.71,INR,upi,card_declined,1,4,3,22987.07,2026-02-28T14:27:02.106370,14,5,0,0.0
pay_demo_000683,cust_0740,2222.31,INR,debit_card,card_declined,1,9,3,18211.49,2026-06-09T02:09:02.106390,2,1,0,0.0
pay_demo_000684,cust_0455,11448.5,INR,netbanking,upi_failure,3,13,1,25774.83,2026-04-28T02:39:02.106406,2,1,1,10039.13
pay_demo_000685,cust_0691,24684.09,INR,upi,card_declined,1,2,0,4729.34,2026-05-17T01:25:02.106424,1,6,1,24601.04
pay_demo_000686,cust_0760,46279.46,INR,credit_card,bank_timeout,1,6,2,6407.77,2026-05-16T20:48:02.106441,20,5,0,0.0
pay_demo_000687,cust_0859,21350.27,INR,netbanking,upi_failure,2,18,4,8552.7,2026-03-16T11:40:02.106457,11,0,0,0.0
pay_demo_000688,cust_0488,33400.52,INR,netbanking,card_declined,1,4,3,3687.08,2026-06-24T08:31:02.106485,8,2,1,29546.88
pay_demo_000689,cust_0966,6903.5,INR,upi,authentication_failed,1,2,3,20504.17,2026-07-13T11:24:02.106503,11,0,0,0.0
pay_demo_000690,cust_0696,16482.4,INR,debit_card,network_error,1,2,5,22672.49,2026-04-23T09:50:02.106519,9,3,1,14735.83
pay_demo_000691,cust_0510,24614.47,INR,debit_card,network_error,1,17,4,1021.28,2026-08-19T10:06:02.106537,10,2,1,24300.41
pay_demo_000692,cust_0393,22615.75,INR,netbanking,card_declined,1,1,1,16921.66,2026-06-11T01:52:02.106555,1,3,0,0.0
pay_demo_000693,cust_0504,21647.92,INR,debit_card,authentication_failed,1,3,4,20413.23,2026-03-12T06:19:02.106574,6,3,0,0.0
pay_demo_000694,cust_0553,28696.07,INR,netbanking,network_error,2,16,0,12045.85,2026-04-23T05:38:02.106590,5,3,0,0.0
pay_demo_000695,cust_0632,33889.09,INR,debit_card,upi_failure,1,18,0,4281.84,2026-05-26T12:11:02.106617,12,1,1,32577.87
pay_demo_000696,cust_0028,38306.66,INR,debit_card,card_declined,1,11,2,12651.92,2026-08-13T02:47:02.106651,2,3,0,0.0
pay_demo_000697,cust_0254,11884.18,INR,debit_card,network_error,1,2,2,3876.9,2026-07-15T23:28:02.106684,23,2,0,0.0
pay_demo_000698,cust_0334,2061.41,INR,netbanking,network_error,1,13,2,1101.87,2026-04-29T06:01:02.106738,6,2,1,2057.01
pay_demo_000699,cust_0387,28603.61,INR,debit_card,network_error,1,15,0,20880.49,2026-07-06T13:31:02.106777,13,0,1,26470.22
pay_demo_000700,cust_0784,33435.9,INR,credit_card,network_error,1,13,1,15160.08,2026-08-08T06:49:02.106797,6,5,1,29861.71
pay_demo_000701,cust_0049,15006.55,INR,netbanking,insufficient_funds,1,2,5,25403.51,2026-08-03T05:41:02.106816,5,0,0,0.0
pay_demo_000702,cust_0280,3550.03,INR,netbanking,card_declined,1,2,5,24800.3,2026-04-20T14:35:02.106833,14,0,1,3370.82
pay_demo_000703,cust_0321,10163.83,INR,netbanking,upi_failure,1,14,5,23021.55,2026-07-12T23:22:02.106858,23,6,1,9711.54
pay_demo_000704,cust_0884,9489.64,INR,netbanking,insufficient_funds,1,14,2,28146.31,2026-04-13T04:08:02.106892,4,0,1,9160.99
pay_demo_000705,cust_0445,46744.87,INR,upi,network_error,1,14,1,7591.03,2026-03-05T14:08:02.106914,14,3,1,42785.97
pay_demo_000706,cust_0327,43037.26,INR,upi,authentication_failed,1,13,2,24799.47,2026-03-15T18:46:02.106932,18,6,0,0.0
pay_demo_000707,cust_0704,30141.37,INR,netbanking,insufficient_funds,1,6,0,7744.8,2026-06-09T09:31:02.106948,9,1,0,0.0
pay_demo_000708,cust_0574,49566.4,INR,netbanking,authentication_failed,2,6,1,8545.0,2026-08-20T15:12:02.106965,15,3,0,0.0
pay_demo_000709,cust_0823,14033.05,INR,credit_card,authentication_failed,2,15,0,2132.15,2026-08-06T13:24:02.106982,13,3,1,12555.33
pay_demo_000710,cust_0066,45048.63,INR,netbanking,upi_failure,1,2,3,28323.28,2026-07-23T16:55:02.107000,16,3,0,0.0
pay_demo_000711,cust_0585,36777.12,INR,upi,network_error,1,18,4,7928.34,2026-08-04T16:24:02.107017,16,1,1,31935.1
pay_demo_000712,cust_0827,15807.83,INR,netbanking,authentication_failed,2,13,1,4756.2,2026-07-14T17:45:02.107034,17,1,1,14478.73
pay_demo_000713,cust_0261,43172.42,INR,upi,card_declined,1,3,2,16599.48,2026-04-28T02:47:02.107066,2,1,0,0.0
pay_demo_000714,cust_0987,14031.14,INR,credit_card,upi_failure,1,11,2,1121.69,2026-03-25T22:09:02.107085,22,2,1,13482.77
pay_demo_000715,cust_0819,47054.24,INR,credit_card,upi_failure,1,9,5,28775.27,2026-05-27T02:55:02.107103,2,2,1,43771.58
pay_demo_000716,cust_0243,42910.83,INR,netbanking,bank_timeout,2,12,2,9376.2,2026-06-28T14:49:02.107121,14,6,0,0.0
pay_demo_000717,cust_0881,44534.29,INR,netbanking,authentication_failed,1,20,3,23784.86,2026-06-18T21:10:02.107138,21,3,0,0.0
pay_demo_000718,cust_0799,47036.67,INR,netbanking,authentication_failed,1,10,5,12959.8,2026-08-02T18:18:02.107154,18,6,0,0.0
pay_demo_000719,cust_0268,25415.46,INR,debit_card,card_declined,1,17,5,10139.67,2026-03-03T23:14:02.107170,23,1,0,0.0
pay_demo_000720,cust_0054,32140.37,INR,credit_card,authentication_failed,1,20,1,590.74,2026-07-07T03:43:02.107197,3,1,0,0.0
pay_demo_000721,cust_0322,28875.31,INR,upi,insufficient_funds,1,20,1,25485.33,2026-03-05T10:12:02.107229,10,3,1,28612.91
pay_demo_000722,cust_0463,24022.6,INR,credit_card,upi_failure,1,18,2,24086.1,2026-07-08T21:36:02.107253,21,2,1,21743.81
pay_demo_000723,cust_0403,43844.22,INR,credit_card,bank_timeout,2,17,5,18554.09,2026-06-30T21:33:02.107275,21,1,1,38571.51
pay_demo_000724,cust_0719,42621.18,INR,upi,card_declined,1,19,2,4902.91,2026-05-25T18:26:02.107293,18,0,0,0.0
pay_demo_000725,cust_0121,902.92,INR,netbanking,card_declined,2,15,0,7122.28,2026-07-06T17:07:02.107310,17,0,1,877.65
pay_demo_000726,cust_0273,14540.51,INR,netbanking,card_declined,1,6,4,6859.21,2026-06-16T00:19:02.107329,0,1,0,0.0
pay_demo_000727,cust_0194,21032.88,INR,netbanking,insufficient_funds,1,8,1,18721.57,2026-06-25T12:25:02.107346,12,3,0,0.0
pay_demo_000728,cust_0701,32432.33,INR,upi,bank_timeout,1,10,5,12227.86,2026-07-04T01:38:02.107363,1,5,0,0.0
pay_demo_000729,cust_0726,21279.89,INR,debit_card,bank_timeout,1,1,0,10319.44,2026-06-28T08:04:02.107379,8,6,0,0.0
pay_demo_000730,cust_0363,49837.62,INR,upi,bank_timeout,1,19,3,9423.97,2026-05-18T02:39:02.107396,2,0,0,0.0
pay_demo_000731,cust_0136,48409.28,INR,upi,network_error,1,5,4,15038.77,2026-06-02T09:54:02.107413,9,1,1,41798.86
pay_demo_000732,cust_0728,26615.11,INR,credit_card,upi_failure,1,1,1,15226.71,2026-06-17T00:39:02.107458,0,2,0,0.0
pay_demo_000733,cust_0949,21618.28,INR,debit_card,network_error,2,8,4,9733.8,2026-07-16T13:15:02.107509,13,3,1,21600.66
pay_demo_000734,cust_0783,47512.52,INR,netbanking,bank_timeout,1,1,1,5902.67,2026-04-29T15:52:02.107556,15,2,0,0.0
pay_demo_000735,cust_0723,23463.22,INR,upi,card_declined,1,11,5,17045.21,2026-05-02T08:55:02.107613,8,5,1,22920.65
pay_demo_000736,cust_0888,7573.07,INR,debit_card,bank_timeout,1,9,1,25131.13,2026-04-19T15:26:02.107661,15,6,1,7449.13
pay_demo_000737,cust_0600,10777.33,INR,upi,network_error,2,5,3,27652.19,2026-06-25T08:19:02.107701,8,3,1,9313.18
pay_demo_000738,cust_0337,1492.92,INR,upi,card_declined,1,3,2,5036.38,2026-08-07T09:09:02.107740,9,4,0,0.0
pay_demo_000739,cust_0725,33045.06,INR,netbanking,authentication_failed,3,19,5,671.26,2026-08-16T03:23:02.107777,3,6,0,0.0
pay_demo_000740,cust_0974,22764.48,INR,credit_card,insufficient_funds,2,20,2,10033.54,2026-08-13T00:58:02.107816,0,3,1,21218.17
pay_demo_000741,cust_0617,19193.27,INR,netbanking,upi_failure,1,12,0,1105.11,2026-07-05T18:38:02.107853,18,6,0,0.0
pay_demo_000742,cust_0799,20239.33,INR,credit_card,bank_timeout,1,13,5,24287.42,2026-06-09T02:24:02.107897,2,1,1,17602.0
pay_demo_000743,cust_0682,4986.35,INR,debit_card,network_error,1,14,3,14554.97,2026-04-05T04:35:02.107947,4,6,1,4305.88
pay_demo_000744,cust_0433,40587.52,INR,credit_card,card_declined,1,2,0,15643.57,2026-05-01T02:48:02.107989,2,4,0,0.0
pay_demo_000745,cust_0664,34374.58,INR,credit_card,card_declined,1,20,4,2977.12,2026-04-30T10:57:02.108034,10,3,0,0.0
pay_demo_000746,cust_0929,40116.93,INR,debit_card,insufficient_funds,3,9,1,15931.22,2026-06-13T05:59:02.108072,5,5,0,0.0
pay_demo_000747,cust_0565,4011.32,INR,upi,network_error,1,13,3,3287.29,2026-03-11T00:26:02.108115,0,2,1,3898.7
pay_demo_000748,cust_0364,12892.04,INR,upi,network_error,1,14,1,23692.22,2026-05-19T22:57:02.108156,22,1,1,11763.18
pay_demo_000749,cust_0722,15022.85,INR,netbanking,authentication_failed,1,8,2,29018.23,2026-07-11T17:51:02.108193,17,5,0,0.0
pay_demo_000750,cust_0081,37402.06,INR,debit_card,authentication_failed,1,17,0,672.49,2026-07-29T23:52:02.108230,23,2,0,0.0
pay_demo_000751,cust_0672,23960.57,INR,netbanking,authentication_failed,3,19,5,14858.31,2026-03-22T04:39:02.108263,4,6,0,0.0
pay_demo_000752,cust_0708,33755.4,INR,netbanking,upi_failure,1,4,0,6128.66,2026-08-23T01:50:02.108306,1,6,0,0.0
pay_demo_000753,cust_0880,1535.4,INR,netbanking,authentication_failed,1,7,3,25341.65,2026-04-12T17:57:02.108349,17,6,1,1374.39
pay_demo_000754,cust_0475,7578.65,INR,netbanking,bank_timeout,1,4,5,21226.64,2026-04-25T09:01:02.108387,9,5,1,7419.27
pay_demo_000755,cust_0600,12282.96,INR,debit_card,network_error,2,12,0,10348.58,2026-08-01T03:08:02.108423,3,5,1,11754.35
pay_demo_000756,cust_0426,42461.09,INR,debit_card,bank_timeout,1,15,4,17935.66,2026-03-24T02:05:02.108461,2,1,1,41293.55
pay_demo_000757,cust_0500,11748.91,INR,upi,network_error,1,18,2,16821.04,2026-06-20T03:36:02.108521,3,5,0,0.0
pay_demo_000758,cust_0911,23772.23,INR,netbanking,network_error,2,11,3,21076.68,2026-08-22T18:44:02.108561,18,5,1,22795.94
pay_demo_000759,cust_0481,17323.6,INR,credit_card,network_error,1,10,4,25676.89,2026-03-12T09:54:02.108603,9,3,1,17020.02
pay_demo_000760,cust_0741,35626.98,INR,netbanking,authentication_failed,1,11,3,24092.77,2026-07-17T04:49:02.108648,4,4,1,31792.4
pay_demo_000761,cust_0768,4492.36,INR,netbanking,insufficient_funds,1,5,4,15019.48,2026-05-13T08:43:02.108689,8,2,0,0.0
pay_demo_000762,cust_0241,10629.76,INR,upi,bank_timeout,1,8,2,20469.37,2026-07-14T08:00:02.108750,8,1,1,10321.73
pay_demo_000763,cust_0346,21644.9,INR,credit_card,bank_timeout,1,15,2,29813.05,2026-05-29T22:13:02.108799,22,4,1,21247.87
pay_demo_000764,cust_0274,44836.62,INR,upi,authentication_failed,1,14,3,28898.09,2026-07-30T20:12:02.108844,20,3,0,0.0
pay_demo_000765,cust_0626,30560.86,INR,upi,network_error,1,3,1,19082.82,2026-07-06T12:52:02.108885,12,0,0,0.0
pay_demo_000766,cust_0746,14747.72,INR,netbanking,network_error,1,3,1,19589.24,2026-06-03T19:55:02.108923,19,2,1,14412.79
pay_demo_000767,cust_0450,48487.91,INR,upi,insufficient_funds,2,15,2,8959.37,2026-07-15T21:45:02.108963,21,2,0,0.0
pay_demo_000768,cust_0382,35816.95,INR,netbanking,upi_failure,1,7,1,22719.58,2026-04-14T10:12:02.109005,10,1,1,31670.33
pay_demo_000769,cust_0822,21555.38,INR,netbanking,card_declined,3,16,5,11172.34,2026-08-20T09:53:02.109042,9,3,0,0.0
pay_demo_000770,cust_0789,695.45,INR,upi,bank_timeout,1,12,1,13305.13,2026-05-19T22:20:02.109075,22,1,1,687.37
pay_demo_000771,cust_0155,45145.05,INR,upi,authentication_failed,3,16,2,12869.51,2026-03-06T01:27:02.109112,1,4,0,0.0
pay_demo_000772,cust_0895,15355.29,INR,debit_card,upi_failure,1,8,4,18506.83,2026-07-21T01:37:02.109146,1,1,0,0.0
pay_demo_000773,cust_0457,32265.19,INR,netbanking,authentication_failed,1,20,3,23374.31,2026-06-11T22:00:02.109190,22,3,0,0.0
pay_demo_000774,cust_0551,16857.75,INR,credit_card,network_error,3,9,1,3238.18,2026-04-08T14:29:02.109229,14,2,1,15190.63
pay_demo_000775,cust_0651,8169.36,INR,upi,network_error,1,7,2,21932.02,2026-04-20T20:16:02.109267,20,0,1,7017.41
pay_demo_000776,cust_0382,13135.87,INR,debit_card,bank_timeout,1,20,0,13737.74,2026-04-03T01:02:02.109304,1,4,1,12058.36
pay_demo_000777,cust_0242,40308.3,INR,credit_card,upi_failure,1,18,5,4629.16,2026-05-23T07:15:02.109341,7,5,1,35759.31
pay_demo_000778,cust_0336,25919.3,INR,credit_card,upi_failure,1,4,5,13057.92,2026-05-14T21:57:02.109376,21,3,0,0.0
pay_demo_000779,cust_0064,21359.36,INR,credit_card,card_declined,1,2,2,20466.26,2026-05-16T05:27:02.109410,5,5,0,0.0
pay_demo_000780,cust_0532,38985.47,INR,debit_card,network_error,1,13,3,20826.03,2026-04-24T00:36:02.109444,0,4,1,37955.15
pay_demo_000781,cust_0148,25388.14,INR,netbanking,authentication_failed,1,16,4,3982.72,2026-07-04T09:32:02.109480,9,5,1,21704.1
pay_demo_000782,cust_0161,47214.66,INR,debit_card,bank_timeout,1,13,0,4065.56,2026-04-03T15:00:02.109517,15,4,1,43834.88
pay_demo_000783,cust_0121,18699.07,INR,debit_card,upi_failure,1,0,1,4693.12,2026-03-30T10:59:02.109560,10,0,1,18521.86
pay_demo_000784,cust_0313,44475.05,INR,credit_card,insufficient_funds,2,15,0,4108.67,2026-05-30T21:07:02.109597,21,5,0,0.0
pay_demo_000785,cust_0046,20995.24,INR,debit_card,network_error,1,10,3,14519.21,2026-03-25T19:14:02.109631,19,2,0,0.0
pay_demo_000786,cust_0142,25337.24,INR,netbanking,card_declined,1,4,5,10093.88,2026-03-21T02:23:02.109665,2,5,0,0.0
pay_demo_000787,cust_0420,19484.31,INR,netbanking,upi_failure,1,14,5,8682.57,2026-08-05T18:17:02.109699,18,2,1,16634.16
pay_demo_000788,cust_0646,39848.71,INR,debit_card,network_error,1,20,4,3011.98,2026-03-22T06:26:02.109736,6,6,0,0.0
pay_demo_000789,cust_0776,2833.14,INR,credit_card,card_declined,1,0,0,19918.51,2026-04-13T19:01:02.109774,19,0,0,0.0
pay_demo_000790,cust_0282,39380.5,INR,credit_card,authentication_failed,2,18,3,2997.11,2026-04-13T04:42:02.109809,4,0,0,0.0
pay_demo_000791,cust_0412,29526.87,INR,netbanking,bank_timeout,1,5,3,1209.68,2026-04-14T13:38:02.109845,13,1,1,26236.89
pay_demo_000792,cust_0118,48993.35,INR,credit_card,upi_failure,1,8,0,5049.71,2026-05-15T02:52:02.109881,2,4,0,0.0
pay_demo_000793,cust_0061,30800.88,INR,debit_card,insufficient_funds,1,1,2,12003.22,2026-06-07T19:36:02.109921,19,6,0,0.0
pay_demo_000794,cust_0915,16346.05,INR,netbanking,bank_timeout,1,7,4,17787.86,2026-04-23T07:14:02.109955,7,3,0,0.0
pay_demo_000795,cust_0517,19375.42,INR,upi,upi_failure,1,14,4,12508.76,2026-04-26T23:36:02.109990,23,6,1,18310.38
pay_demo_000796,cust_0936,44330.56,INR,debit_card,network_error,3,3,1,23007.86,2026-03-14T19:43:02.110034,19,5,0,0.0
pay_demo_000797,cust_0582,20455.95,INR,upi,authentication_failed,1,4,2,16442.97,2026-07-15T16:28:02.110070,16,2,0,0.0
pay_demo_000798,cust_0976,21302.87,INR,netbanking,bank_timeout,1,14,4,9032.86,2026-07-16T23:59:02.110106,23,3,1,21090.4
pay_demo_000799,cust_0494,13810.49,INR,debit_card,authentication_failed,1,11,5,6776.25,2026-04-19T15:00:02.110143,15,6,1,12073.3
pay_demo_000800,cust_0547,28241.46,INR,debit_card,bank_timeout,1,3,1,21889.68,2026-06-17T10:49:02.110184,10,2,1,26591.22
pay_demo_000801,cust_0981,40142.42,INR,debit_card,authentication_failed,1,14,2,7754.88,2026-06-06T13:49:02.110223,13,5,0,0.0
pay_demo_000802,cust_0471,47957.84,INR,debit_card,bank_timeout,2,4,5,27706.6,2026-03-25T09:02:02.110261,9,2,0,0.0
pay_demo_000803,cust_0924,677.01,INR,credit_card,card_declined,1,15,3,16374.88,2026-03-14T03:58:02.110304,3,5,1,630.16
pay_demo_000804,cust_0914,41637.78,INR,netbanking,authentication_failed,1,12,4,11059.99,2026-07-13T02:02:02.110345,2,0,1,36171.35
pay_demo_000805,cust_0380,46825.14,INR,netbanking,bank_timeout,1,0,2,20576.35,2026-05-28T17:57:02.110382,17,3,1,45534.74
pay_demo_000806,cust_0641,15298.29,INR,credit_card,insufficient_funds,3,11,0,8782.31,2026-02-28T01:24:02.110419,1,5,1,13483.35
pay_demo_000807,cust_0201,49216.32,INR,netbanking,bank_timeout,2,18,4,15073.33,2026-04-08T17:20:02.110464,17,2,1,47288.13
pay_demo_000808,cust_0689,34182.7,INR,credit_card,bank_timeout,1,2,1,8158.92,2026-04-04T16:06:02.110521,16,5,1,31737.34
pay_demo_000809,cust_0802,13861.53,INR,upi,authentication_failed,1,19,2,20580.07,2026-05-03T23:35:02.110566,23,6,0,0.0
pay_demo_000810,cust_0657,33720.37,INR,upi,upi_failure,1,13,2,4090.67,2026-04-17T09:31:02.110603,9,4,0,0.0
pay_demo_000811,cust_0371,25959.39,INR,upi,authentication_failed,1,8,3,16206.1,2026-06-08T23:37:02.110643,23,0,1,22823.27
pay_demo_000812,cust_0084,44028.9,INR,upi,authentication_failed,1,13,0,27551.36,2026-07-08T18:41:02.110681,18,2,0,0.0
pay_demo_000813,cust_0319,3329.64,INR,upi,bank_timeout,1,0,4,24018.02,2026-06-03T15:47:02.110722,15,2,0,0.0
pay_demo_000814,cust_0111,23784.11,INR,debit_card,bank_timeout,2,16,1,28334.65,2026-03-27T04:34:02.110758,4,4,1,22942.5
pay_demo_000815,cust_0641,22433.52,INR,upi,bank_timeout,3,1,3,9741.74,2026-03-03T21:12:02.110792,21,1,0,0.0
pay_demo_000816,cust_0131,3287.71,INR,netbanking,bank_timeout,1,20,3,2440.81,2026-03-07T22:27:02.110830,22,5,1,2820.3
pay_demo_000817,cust_0871,19196.48,INR,upi,network_error,2,7,4,23730.51,2026-03-21T23:33:02.110865,23,5,0,0.0
pay_demo_000818,cust_0394,23317.61,INR,netbanking,network_error,1,10,5,28158.75,2026-08-21T09:29:02.110899,9,4,1,20967.87
pay_demo_000819,cust_0198,5578.73,INR,upi,network_error,2,18,1,27178.91,2026-07-26T03:30:02.110934,3,6,1,4956.38
pay_demo_000820,cust_0432,24173.69,INR,netbanking,insufficient_funds,1,1,0,4266.58,2026-03-31T10:30:02.110981,10,1,0,0.0
pay_demo_000821,cust_0983,32654.91,INR,debit_card,upi_failure,1,17,1,4848.57,2026-06-09T04:41:02.111016,4,1,0,0.0
pay_demo_000822,cust_0299,18567.73,INR,upi,network_error,1,4,0,7502.93,2026-04-06T22:35:02.111049,22,0,1,16740.15
pay_demo_000823,cust_1000,10178.52,INR,credit_card,bank_timeout,1,15,5,20909.31,2026-04-30T04:18:02.111091,4,3,0,0.0
pay_demo_000824,cust_0340,42630.03,INR,debit_card,network_error,1,10,1,3593.01,2026-08-17T08:48:02.111125,8,0,0,0.0
pay_demo_000825,cust_0943,384.11,INR,credit_card,authentication_failed,1,19,1,7551.06,2026-06-04T00:38:02.111157,0,3,0,0.0
pay_demo_000826,cust_0211,20135.57,INR,upi,upi_failure,1,11,0,16863.4,2026-07-22T14:34:02.111195,14,2,1,17702.4
pay_demo_000827,cust_0600,45652.9,INR,debit_card,bank_timeout,3,6,1,8880.98,2026-07-02T15:16:02.111234,15,3,0,0.0
pay_demo_000828,cust_0179,17122.91,INR,credit_card,insufficient_funds,1,5,2,27364.14,2026-08-22T02:54:02.111254,2,5,0,0.0
pay_demo_000829,cust_0389,32812.49,INR,upi,upi_failure,2,9,3,7584.42,2026-05-24T02:52:02.111270,2,6,0,0.0
pay_demo_000830,cust_0964,26440.95,INR,netbanking,authentication_failed,1,4,1,23949.49,2026-07-09T06:38:02.111287,6,3,0,0.0
pay_demo_000831,cust_0712,18837.91,INR,netbanking,authentication_failed,1,1,4,17826.11,2026-04-12T14:12:02.111303,14,6,0,0.0
pay_demo_000832,cust_0153,16518.49,INR,upi,authentication_failed,2,4,4,29067.34,2026-04-24T17:16:02.111327,17,4,0,0.0
pay_demo_000833,cust_0084,39276.33,INR,upi,insufficient_funds,1,20,4,11540.85,2026-04-17T09:51:02.111347,9,4,0,0.0
pay_demo_000834,cust_0330,35681.85,INR,netbanking,authentication_failed,3,15,2,17645.01,2026-03-17T05:21:02.111382,5,1,0,0.0
pay_demo_000835,cust_0038,10518.54,INR,credit_card,card_declined,2,12,1,9526.97,2026-05-23T05:52:02.111413,5,5,1,10416.77
pay_demo_000836,cust_0384,12875.56,INR,upi,insufficient_funds,2,9,3,15805.21,2026-06-30T06:00:02.111434,6,1,1,11842.79
pay_demo_000837,cust_0637,16951.42,INR,netbanking,card_declined,1,11,3,9852.1,2026-05-22T23:51:02.111452,23,4,0,0.0
pay_demo_000838,cust_0453,11842.76,INR,upi,upi_failure,2,9,4,15627.33,2026-03-16T21:12:02.111470,21,0,0,0.0
pay_demo_000839,cust_0284,46344.97,INR,upi,bank_timeout,1,1,4,6409.04,2026-07-08T02:41:02.111486,2,2,1,41131.33
pay_demo_000840,cust_0764,40815.13,INR,debit_card,insufficient_funds,2,4,5,22324.72,2026-06-22T23:13:02.111505,23,0,0,0.0
pay_demo_000841,cust_0307,14235.89,INR,debit_card,card_declined,2,18,5,850.78,2026-03-13T07:14:02.111522,7,4,0,0.0
pay_demo_000842,cust_0975,7634.2,INR,netbanking,insufficient_funds,1,6,3,7394.83,2026-03-30T06:14:02.111538,6,0,1,7025.84
pay_demo_000843,cust_0834,23177.78,INR,upi,upi_failure,2,13,5,12821.79,2026-05-07T09:08:02.111559,9,3,1,21642.65
pay_demo_000844,cust_0384,7119.72,INR,credit_card,upi_failure,2,0,3,24406.84,2026-05-29T13:48:02.111576,13,4,1,6499.39
pay_demo_000845,cust_0703,37680.78,INR,debit_card,upi_failure,1,18,0,27703.25,2026-07-19T13:26:02.111593,13,6,1,35588.59
pay_demo_000846,cust_0618,45704.86,INR,netbanking,card_declined,1,12,0,16267.47,2026-07-10T08:56:02.111612,8,4,1,41103.58
pay_demo_000847,cust_0986,22686.46,INR,debit_card,bank_timeout,1,17,1,1445.75,2026-03-04T04:31:02.111629,4,2,0,0.0
pay_demo_000848,cust_0028,9497.27,INR,upi,card_declined,1,7,2,19957.31,2026-08-10T09:59:02.111645,9,0,1,8597.86
pay_demo_000849,cust_0012,8756.92,INR,netbanking,card_declined,1,3,1,16325.36,2026-04-27T00:58:02.111662,0,0,0,0.0
pay_demo_000850,cust_0399,47763.82,INR,credit_card,insufficient_funds,2,9,3,24627.94,2026-03-10T08:52:02.111679,8,1,0,0.0
pay_demo_000851,cust_0619,28839.55,INR,debit_card,network_error,1,14,2,6450.23,2026-07-22T09:58:02.111696,9,2,1,28080.71
pay_demo_000852,cust_0620,40416.78,INR,debit_card,network_error,2,14,3,17495.92,2026-08-04T14:21:02.111714,14,1,0,0.0
pay_demo_000853,cust_0903,45961.01,INR,debit_card,authentication_failed,2,9,3,18584.31,2026-07-14T10:47:02.111748,10,1,0,0.0
pay_demo_000854,cust_0184,45018.24,INR,netbanking,card_declined,1,5,5,17274.15,2026-05-19T02:00:02.111808,2,1,1,39884.1
pay_demo_000855,cust_0892,8065.02,INR,debit_card,authentication_failed,2,6,3,12632.71,2026-04-08T20:39:02.111853,20,2,0,0.0
pay_demo_000856,cust_0079,37818.76,INR,debit_card,card_declined,1,8,1,15428.9,2026-05-01T23:58:02.111893,23,4,1,35770.12
pay_demo_000857,cust_0692,37536.86,INR,netbanking,upi_failure,2,6,3,1614.35,2026-06-24T20:17:02.111938,20,2,0,0.0
pay_demo_000858,cust_0940,6996.73,INR,netbanking,card_declined,1,2,4,19882.17,2026-05-07T19:32:02.111976,19,3,1,6808.27
pay_demo_000859,cust_0862,8236.05,INR,upi,network_error,1,9,0,16272.29,2026-05-19T18:58:02.112021,18,1,1,7830.09
pay_demo_000860,cust_0012,33933.68,INR,credit_card,card_declined,1,6,5,1516.12,2026-03-08T06:49:02.112066,6,6,0,0.0
pay_demo_000861,cust_0453,34897.77,INR,upi,card_declined,1,14,0,18147.06,2026-08-15T11:13:02.112104,11,5,1,30719.14
pay_demo_000862,cust_0256,18857.31,INR,credit_card,insufficient_funds,1,13,0,29684.07,2026-06-02T17:19:02.112150,17,1,0,0.0
pay_demo_000863,cust_0686,3345.94,INR,upi,authentication_failed,1,5,0,12762.56,2026-07-31T13:42:02.112195,13,4,1,3126.14
pay_demo_000864,cust_0195,31308.73,INR,netbanking,card_declined,1,6,0,11019.0,2026-07-14T23:37:02.112235,23,1,0,0.0
pay_demo_000865,cust_0670,15948.76,INR,netbanking,insufficient_funds,1,2,5,24545.0,2026-03-14T04:39:02.112271,4,5,0,0.0
pay_demo_000866,cust_0045,3553.1,INR,credit_card,card_declined,1,19,3,29501.52,2026-08-01T01:28:02.112309,1,5,1,3441.85
pay_demo_000867,cust_0945,42553.16,INR,credit_card,upi_failure,3,19,2,29451.77,2026-03-02T11:19:02.112349,11,0,0,0.0
pay_demo_000868,cust_0947,48623.87,INR,credit_card,upi_failure,1,10,5,14722.85,2026-06-03T23:24:02.112389,23,2,0,0.0
pay_demo_000869,cust_0934,29334.84,INR,netbanking,network_error,1,7,4,17830.32,2026-08-24T17:01:02.112420,17,0,1,27646.69
pay_demo_000870,cust_0919,6378.0,INR,credit_card,authentication_failed,1,7,4,2841.99,2026-07-23T12:31:02.112454,12,3,0,0.0
pay_demo_000871,cust_0304,10260.19,INR,netbanking,insufficient_funds,1,7,5,18143.22,2026-05-06T00:06:02.112489,0,2,0,0.0
pay_demo_000872,cust_0337,6886.5,INR,debit_card,authentication_failed,2,1,4,23857.5,2026-05-13T03:10:02.112555,3,2,0,0.0
pay_demo_000873,cust_0296,37577.44,INR,credit_card,authentication_failed,1,7,1,16409.7,2026-03-10T16:11:02.112603,16,1,0,0.0
pay_demo_000874,cust_0704,34874.65,INR,credit_card,network_error,2,16,2,5914.59,2026-03-19T23:58:02.112649,23,3,1,34193.9
pay_demo_000875,cust_0072,47692.33,INR,upi,authentication_failed,3,6,1,3206.9,2026-03-29T06:09:02.112705,6,6,1,46227.46
pay_demo_000876,cust_0210,11968.24,INR,upi,card_declined,2,9,1,21789.38,2026-06-26T10:51:02.112752,10,4,1,11260.65
pay_demo_000877,cust_0311,14410.57,INR,netbanking,authentication_failed,1,15,0,28554.89,2026-05-27T11:38:02.112800,11,2,1,12611.63
pay_demo_000878,cust_0452,21250.32,INR,netbanking,insufficient_funds,2,15,0,22976.91,2026-05-10T21:14:02.112852,21,6,0,0.0
pay_demo_000879,cust_0929,46092.32,INR,credit_card,network_error,2,8,3,14177.71,2026-05-03T14:38:02.112901,14,6,0,0.0
pay_demo_000880,cust_0576,30380.06,INR,upi,upi_failure,1,15,1,5064.37,2026-07-11T00:02:02.112943,0,5,0,0.0
pay_demo_000881,cust_0883,25134.85,INR,debit_card,card_declined,1,13,3,29129.53,2026-05-24T11:31:02.112979,11,6,1,22525.14
pay_demo_000882,cust_0603,3747.47,INR,upi,bank_timeout,1,18,1,6229.73,2026-05-08T15:13:02.113026,15,4,1,3698.61
pay_demo_000883,cust_0740,17559.22,INR,netbanking,authentication_failed,1,1,5,11867.33,2026-05-11T00:47:02.113077,0,0,0,0.0
pay_demo_000884,cust_0249,23990.73,INR,debit_card,authentication_failed,2,0,5,20137.43,2026-07-21T15:24:02.113120,15,1,0,0.0
pay_demo_000885,cust_0467,47224.41,INR,credit_card,upi_failure,1,18,5,25324.72,2026-08-24T20:13:02.113161,20,0,0,0.0
pay_demo_000886,cust_0095,32290.99,INR,netbanking,card_declined,2,2,4,27343.5,2026-05-11T18:09:02.113203,18,0,0,0.0
pay_demo_000887,cust_0438,12792.99,INR,debit_card,network_error,3,12,4,9585.38,2026-05-14T00:07:02.113245,0,3,0,0.0
pay_demo_000888,cust_0092,5641.85,INR,debit_card,insufficient_funds,1,6,5,12240.12,2026-06-10T23:52:02.113286,23,2,1,5486.46
pay_demo_000889,cust_0002,5024.16,INR,netbanking,network_error,1,9,5,13213.01,2026-07-13T12:51:02.113329,12,0,1,4801.12
pay_demo_000890,cust_0203,24426.27,INR,upi,card_declined,1,6,1,6427.76,2026-07-12T17:46:02.113372,17,6,1,24363.79
pay_demo_000891,cust_0893,20557.86,INR,upi,authentication_failed,1,9,0,11642.99,2026-06-18T21:41:02.113418,21,3,1,17565.66
pay_demo_000892,cust_0241,23999.28,INR,upi,bank_timeout,1,0,5,17682.14,2026-08-17T20:49:02.113458,20,0,0,0.0
pay_demo_000893,cust_0535,39630.97,INR,netbanking,network_error,1,8,3,14460.34,2026-06-02T04:35:02.113507,4,1,1,35687.0
pay_demo_000894,cust_0699,44529.58,INR,debit_card,insufficient_funds,2,12,3,18518.87,2026-05-28T13:11:02.113550,13,3,0,0.0
pay_demo_000895,cust_0103,353.62,INR,netbanking,authentication_failed,2,4,0,18256.32,2026-04-14T15:18:02.113592,15,1,0,0.0
pay_demo_000896,cust_0770,40789.58,INR,debit_card,card_declined,1,15,4,12687.23,2026-07-10T23:22:02.113650,23,4,0,0.0
pay_demo_000897,cust_0981,47108.5,INR,debit_card,bank_timeout,1,1,5,10102.99,2026-05-06T16:24:02.113693,16,2,0,0.0
pay_demo_000898,cust_0497,20128.23,INR,upi,upi_failure,1,15,5,25784.45,2026-08-02T00:38:02.113733,0,6,1,17996.24
pay_demo_000899,cust_0200,35654.71,INR,upi,insufficient_funds,1,2,2,25054.45,2026-04-09T09:52:02.113769,9,3,0,0.0
pay_demo_000900,cust_0918,22425.08,INR,upi,card_declined,1,7,1,6743.4,2026-03-12T01:57:02.113805,1,3,0,0.0
pay_demo_000901,cust_0109,21857.69,INR,upi,insufficient_funds,2,10,3,23106.11,2026-07-02T00:46:02.113846,0,3,1,20762.4
pay_demo_000902,cust_0975,44896.04,INR,upi,authentication_failed,1,17,5,21899.72,2026-08-04T01:41:02.113884,1,1,0,0.0
pay_demo_000903,cust_0893,11345.55,INR,upi,authentication_failed,1,12,5,19442.01,2026-04-06T10:11:02.113919,10,0,0,0.0
pay_demo_000904,cust_0239,11332.83,INR,upi,upi_failure,1,2,2,22347.15,2026-07-10T00:55:02.113949,0,4,1,10606.69
pay_demo_000905,cust_0131,42695.85,INR,netbanking,network_error,2,9,0,17906.76,2026-07-10T11:35:02.113989,11,4,0,0.0
pay_demo_000906,cust_0328,38609.79,INR,credit_card,network_error,1,18,1,3644.28,2026-08-25T06:08:02.114041,6,1,1,35485.89
pay_demo_000907,cust_0149,40844.17,INR,debit_card,insufficient_funds,1,14,1,18243.23,2026-07-21T00:20:02.114086,0,1,0,0.0
pay_demo_000908,cust_0870,40104.33,INR,upi,network_error,1,16,5,4142.19,2026-02-28T05:32:02.114127,5,5,0,0.0
pay_demo_000909,cust_0647,41468.63,INR,netbanking,upi_failure,2,12,0,29443.71,2026-06-03T19:10:02.114167,19,2,1,39706.83
pay_demo_000910,cust_0869,36686.37,INR,credit_card,authentication_failed,2,5,3,21958.17,2026-06-12T02:04:02.114208,2,4,1,35852.77
pay_demo_000911,cust_0023,27487.56,INR,debit_card,card_declined,1,11,3,12036.36,2026-04-14T00:44:02.114250,0,1,1,24528.65
pay_demo_000912,cust_0946,9915.59,INR,netbanking,bank_timeout,1,18,0,25569.39,2026-06-11T09:21:02.114294,9,3,0,0.0
pay_demo_000913,cust_0168,28942.44,INR,netbanking,authentication_failed,1,4,1,6935.03,2026-07-08T00:21:02.114335,0,2,0,0.0
pay_demo_000914,cust_0010,18238.84,INR,upi,authentication_failed,2,4,3,28536.75,2026-05-10T02:09:02.114371,2,6,0,0.0
pay_demo_000915,cust_0173,46314.07,INR,upi,upi_failure,3,5,0,3961.73,2026-04-18T03:41:02.114399,3,5,1,43489.32
pay_demo_000916,cust_0994,7598.7,INR,netbanking,insufficient_funds,1,7,3,14914.46,2026-03-04T04:51:02.114433,4,2,1,7202.96
pay_demo_000917,cust_0385,38837.32,INR,upi,card_declined,2,20,3,8618.87,2026-03-13T09:39:02.114471,9,4,1,33079.31
pay_demo_000918,cust_0120,4315.32,INR,netbanking,authentication_failed,1,16,1,1179.29,2026-04-03T05:32:02.114528,5,4,0,0.0
pay_demo_000919,cust_0281,34747.55,INR,upi,network_error,1,15,5,21230.74,2026-06-12T05:54:02.114575,5,4,1,30053.72
pay_demo_000920,cust_0066,35745.65,INR,credit_card,card_declined,2,0,3,16903.77,2026-04-12T07:31:02.114619,7,6,0,0.0
pay_demo_000921,cust_0066,26041.28,INR,upi,insufficient_funds,3,3,1,25929.1,2026-03-03T19:02:02.114660,19,1,1,24301.94
pay_demo_000922,cust_0820,15851.94,INR,upi,insufficient_funds,1,20,1,3090.72,2026-06-23T22:57:02.114705,22,1,0,0.0
pay_demo_000923,cust_0128,25406.19,INR,debit_card,network_error,1,0,1,9367.7,2026-04-17T14:20:02.114756,14,4,0,0.0
pay_demo_000924,cust_0547,22357.03,INR,netbanking,authentication_failed,1,11,4,16377.18,2026-07-05T01:56:02.114788,1,6,0,0.0
pay_demo_000925,cust_0679,41024.21,INR,credit_card,bank_timeout,1,9,1,28743.98,2026-03-26T06:49:02.114820,6,3,1,38512.19
pay_demo_000926,cust_0285,6598.91,INR,netbanking,bank_timeout,1,8,3,19668.18,2026-07-17T11:33:02.114857,11,4,1,5691.48
pay_demo_000927,cust_0261,33890.98,INR,credit_card,network_error,1,20,5,8447.29,2026-03-18T01:21:02.114897,1,2,0,0.0
pay_demo_000928,cust_0198,35779.36,INR,credit_card,card_declined,2,10,3,11678.79,2026-03-26T16:58:02.114937,16,3,0,0.0
pay_demo_000929,cust_0277,6406.14,INR,upi,authentication_failed,1,2,2,19385.24,2026-05-27T13:13:02.114976,13,2,1,5707.79
pay_demo_000930,cust_0890,39945.25,INR,debit_card,bank_timeout,1,7,3,28577.59,2026-07-27T18:29:02.115022,18,0,0,0.0
pay_demo_000931,cust_0746,43800.49,INR,netbanking,bank_timeout,1,18,2,16770.5,2026-03-25T20:05:02.115065,20,2,1,37545.54
pay_demo_000932,cust_0326,47336.21,INR,netbanking,insufficient_funds,1,17,4,18041.2,2026-05-16T08:25:02.115107,8,5,1,41141.6
pay_demo_000933,cust_0010,34395.59,INR,credit_card,authentication_failed,1,12,4,22194.96,2026-08-14T00:22:02.115155,0,4,1,34264.03
pay_demo_000934,cust_0725,38920.9,INR,netbanking,authentication_failed,1,14,2,24054.83,2026-04-21T14:45:02.115205,14,1,0,0.0
pay_demo_000935,cust_0976,21502.7,INR,credit_card,upi_failure,1,2,2,12492.19,2026-06-08T21:22:02.115244,21,0,0,0.0
pay_demo_000936,cust_0082,4019.32,INR,credit_card,bank_timeout,1,1,0,22430.58,2026-04-08T08:11:02.115292,8,2,0,0.0
pay_demo_000937,cust_0896,732.6,INR,netbanking,authentication_failed,1,4,3,15185.25,2026-03-05T02:06:02.115323,2,3,1,681.22
pay_demo_000938,cust_0128,20392.48,INR,credit_card,authentication_failed,1,13,5,16262.58,2026-05-31T16:15:02.115363,16,6,0,0.0
pay_demo_000939,cust_0678,47553.25,INR,upi,network_error,1,5,5,27940.47,2026-04-15T16:51:02.115404,16,2,0,0.0
pay_demo_000940,cust_0077,18479.14,INR,credit_card,network_error,1,1,3,15117.48,2026-07-15T12:55:02.115445,12,2,1,16644.05
pay_demo_000941,cust_0696,12638.31,INR,upi,upi_failure,1,9,2,6785.45,2026-03-19T05:37:02.115479,5,3,0,0.0
pay_demo_000942,cust_0223,46168.21,INR,upi,card_declined,2,15,0,10994.45,2026-03-23T09:41:02.115519,9,0,1,41309.13
pay_demo_000943,cust_0110,456.69,INR,credit_card,card_declined,1,3,3,15015.36,2026-08-06T07:30:02.115566,7,3,0,0.0
pay_demo_000944,cust_0921,7854.79,INR,upi,card_declined,1,8,1,14385.61,2026-05-24T14:39:02.115609,14,6,1,7181.25
pay_demo_000945,cust_0187,26914.08,INR,debit_card,bank_timeout,3,14,1,4626.29,2026-05-08T23:40:02.115646,23,4,1,26444.06
pay_demo_000946,cust_0727,10083.54,INR,credit_card,upi_failure,1,12,3,22445.76,2026-08-19T18:20:02.115685,18,2,0,0.0
pay_demo_000947,cust_0204,47429.12,INR,debit_card,bank_timeout,1,17,3,24094.69,2026-07-26T13:14:02.115717,13,6,1,45752.92
pay_demo_000948,cust_0903,20113.83,INR,netbanking,insufficient_funds,1,3,0,4220.65,2026-05-31T08:02:02.115753,8,6,0,0.0
pay_demo_000949,cust_0786,34285.0,INR,upi,authentication_failed,2,13,4,22254.23,2026-05-08T08:44:02.115791,8,4,0,0.0
pay_demo_000950,cust_0289,24399.28,INR,netbanking,insufficient_funds,1,16,1,7859.27,2026-07-29T15:18:02.115826,15,2,1,21644.68
pay_demo_000951,cust_0841,21572.11,INR,netbanking,authentication_failed,2,3,5,22048.47,2026-03-24T18:50:02.115865,18,1,0,0.0
pay_demo_000952,cust_0876,29641.57,INR,credit_card,insufficient_funds,1,12,0,8578.92,2026-07-09T19:35:02.115901,19,3,1,25273.86
pay_demo_000953,cust_0205,4728.58,INR,upi,card_declined,1,9,5,19182.64,2026-06-29T16:41:02.115948,16,0,1,4321.5
pay_demo_000954,cust_0063,25591.21,INR,upi,upi_failure,1,11,2,28318.46,2026-05-12T16:42:02.115987,16,1,1,25188.56
pay_demo_000955,cust_0187,2236.28,INR,upi,authentication_failed,2,6,2,14425.72,2026-03-25T20:35:02.116025,20,2,1,1962.84
pay_demo_000956,cust_0972,24666.06,INR,debit_card,upi_failure,1,0,5,16777.16,2026-07-25T13:39:02.116066,13,5,1,23708.86
pay_demo_000957,cust_0371,37198.01,INR,debit_card,insufficient_funds,1,6,4,11829.46,2026-07-31T19:22:02.116105,19,4,0,0.0
pay_demo_000958,cust_0761,30171.39,INR,upi,network_error,3,20,1,6191.36,2026-05-05T20:58:02.116134,20,1,0,0.0
pay_demo_000959,cust_0965,27419.64,INR,debit_card,upi_failure,2,6,4,21762.7,2026-08-16T19:50:02.116165,19,6,1,25026.78
pay_demo_000960,cust_0729,12775.77,INR,debit_card,upi_failure,1,3,3,2497.4,2026-05-12T07:03:02.116223,7,1,0,0.0
pay_demo_000961,cust_0976,25292.7,INR,upi,insufficient_funds,1,4,2,1840.63,2026-04-05T22:12:02.116254,22,6,0,0.0
pay_demo_000962,cust_0996,34751.41,INR,netbanking,card_declined,1,16,0,5382.79,2026-04-19T11:27:02.116289,11,6,1,33601.34
pay_demo_000963,cust_0411,30439.48,INR,credit_card,insufficient_funds,1,18,1,17967.33,2026-08-25T07:33:02.116333,7,1,0,0.0
pay_demo_000964,cust_0516,35446.15,INR,debit_card,upi_failure,2,9,5,8421.18,2026-07-28T18:48:02.116368,18,1,1,30371.75
pay_demo_000965,cust_0244,14733.8,INR,credit_card,upi_failure,2,8,0,19451.19,2026-06-25T17:28:02.116405,17,3,1,12780.51
pay_demo_000966,cust_0665,17503.6,INR,debit_card,upi_failure,1,17,2,21801.35,2026-05-15T04:44:02.116435,4,4,0,0.0
pay_demo_000967,cust_0333,49266.01,INR,upi,upi_failure,1,8,1,8051.62,2026-08-23T06:20:02.116468,6,6,0,0.0
pay_demo_000968,cust_0889,38953.66,INR,upi,authentication_failed,2,12,5,8091.68,2026-03-20T03:24:02.116503,3,4,0,0.0
pay_demo_000969,cust_0565,10466.72,INR,netbanking,insufficient_funds,1,6,4,19079.12,2026-05-18T19:34:02.116554,19,0,1,9260.52
pay_demo_000970,cust_0744,21808.4,INR,credit_card,card_declined,1,5,3,5958.33,2026-07-13T17:26:02.116595,17,0,0,0.0
pay_demo_000971,cust_0503,47179.08,INR,credit_card,authentication_failed,1,9,1,26614.96,2026-05-19T02:24:02.116629,2,1,0,0.0
pay_demo_000972,cust_0193,3658.82,INR,upi,card_declined,1,20,3,3456.9,2026-04-15T19:16:02.116667,19,2,0,0.0
pay_demo_000973,cust_0769,40438.04,INR,upi,card_declined,1,3,0,23021.65,2026-03-16T22:54:02.116710,22,0,1,35878.71
pay_demo_000974,cust_0086,13529.29,INR,upi,bank_timeout,3,3,4,22215.88,2026-06-02T01:57:02.116772,1,1,0,0.0
pay_demo_000975,cust_0208,7133.66,INR,netbanking,insufficient_funds,1,15,1,7692.36,2026-04-10T01:45:02.116810,1,4,1,6735.05
pay_demo_000976,cust_0127,1256.15,INR,upi,bank_timeout,1,3,4,26650.48,2026-05-13T20:02:02.116845,20,2,1,1239.6
pay_demo_000977,cust_0025,11488.42,INR,netbanking,insufficient_funds,1,9,1,27689.88,2026-03-05T11:19:02.116882,11,3,1,11288.91
pay_demo_000978,cust_0843,45100.41,INR,netbanking,insufficient_funds,3,7,0,28715.76,2026-06-16T12:58:02.116920,12,1,0,0.0
pay_demo_000979,cust_0631,16819.49,INR,debit_card,bank_timeout,2,19,1,5753.0,2026-04-14T13:24:02.116956,13,1,1,14754.14
pay_demo_000980,cust_0436,7680.96,INR,debit_card,network_error,2,11,0,8497.25,2026-04-22T02:39:02.116982,2,2,0,0.0
pay_demo_000981,cust_0956,13416.97,INR,upi,bank_timeout,2,4,5,4824.38,2026-07-21T11:34:02.117006,11,1,1,12856.16
pay_demo_000982,cust_0805,48821.69,INR,upi,bank_timeout,1,8,1,3168.19,2026-07-26T18:13:02.117024,18,6,0,0.0
pay_demo_000983,cust_0395,17759.92,INR,netbanking,card_declined,1,13,4,23908.3,2026-06-03T19:11:02.117043,19,2,1,17610.82
pay_demo_000984,cust_0944,12446.22,INR,netbanking,network_error,1,17,3,16208.0,2026-06-30T11:57:02.117060,11,1,0,0.0
pay_demo_000985,cust_0595,35803.07,INR,credit_card,authentication_failed,1,11,0,6496.75,2026-08-23T12:27:02.117076,12,6,0,0.0
pay_demo_000986,cust_0486,47889.27,INR,upi,bank_timeout,2,11,1,9193.57,2026-07-22T06:03:02.117093,6,2,1,47263.98
pay_demo_000987,cust_0249,10694.72,INR,credit_card,bank_timeout,2,3,5,21266.9,2026-05-23T01:01:02.117110,1,5,1,10207.24
pay_demo_000988,cust_0435,18709.87,INR,upi,authentication_failed,1,15,4,26179.07,2026-08-20T19:39:02.117127,19,3,1,16299.88
pay_demo_000989,cust_0251,4037.85,INR,netbanking,insufficient_funds,2,15,5,4633.32,2026-04-14T01:43:02.117144,1,1,1,3716.95
pay_demo_000990,cust_0740,16999.38,INR,upi,upi_failure,1,1,5,1447.51,2026-07-14T07:52:02.117162,7,1,0,0.0
pay_demo_000991,cust_0012,19940.26,INR,netbanking,authentication_failed,2,14,4,21486.5,2026-06-22T05:30:02.117179,5,0,0,0.0
pay_demo_000992,cust_0314,35525.77,INR,netbanking,insufficient_funds,1,2,4,11638.03,2026-07-26T00:49:02.117195,0,6,1,32330.6
pay_demo_000993,cust_0058,11101.54,INR,credit_card,authentication_failed,3,19,0,24588.49,2026-04-30T08:42:02.117214,8,3,0,0.0
pay_demo_000994,cust_0669,32166.16,INR,netbanking,insufficient_funds,1,11,5,13014.55,2026-06-19T20:56:02.117230,20,4,1,27716.66
pay_demo_000995,cust_0618,38984.1,INR,debit_card,bank_timeout,1,5,4,3640.7,2026-07-04T05:02:02.117247,5,5,0,0.0
pay_demo_000996,cust_0775,45502.41,INR,credit_card,network_error,1,1,1,8440.46,2026-04-04T06:00:02.117266,6,5,1,42524.77
pay_demo_000997,cust_0810,24293.59,INR,upi,upi_failure,1,9,0,29425.98,2026-06-16T11:30:02.117283,11,1,1,21359.72
pay_demo_000998,cust_0770,19653.94,INR,debit_card,insufficient_funds,2,3,2,12514.95,2026-04-21T20:30:02.117300,20,1,0,0.0
pay_demo_000999,cust_0827,38798.0,INR,upi,network_error,2,15,4,26129.96,2026-08-18T14:52:02.117316,14,1,1,33860.2
pay_demo_001000,cust_0475,4121.89,INR,upi,authentication_failed,1,6,5,19799.49,2026-07-17T07:29:02.117333,7,4,0,0.0
pay_demo_001001,cust_0747,30515.2,INR,debit_card,card_declined,2,10,2,11129.33,2026-05-09T22:05:02.117353,22,5,0,0.0
pay_demo_001002,cust_0730,38753.92,INR,netbanking,insufficient_funds,1,19,4,2712.45,2026-07-19T05:22:02.117372,5,6,0,0.0
pay_demo_001003,cust_0510,5050.82,INR,upi,insufficient_funds,2,9,4,26092.24,2026-08-05T08:56:02.117390,8,2,0,0.0
pay_demo_001004,cust_0466,15823.19,INR,debit_card,insufficient_funds,1,18,2,10924.37,2026-08-09T18:17:02.117406,18,6,1,15281.9
pay_demo_001005,cust_0265,49309.94,INR,debit_card,card_declined,1,4,0,29164.58,2026-04-25T22:39:02.117423,22,5,0,0.0
pay_demo_001006,cust_0880,14473.93,INR,netbanking,network_error,2,4,3,11318.6,2026-03-21T13:39:02.117439,13,5,1,12484.11
pay_demo_001007,cust_0424,25395.93,INR,debit_card,authentication_failed,1,20,0,22360.76,2026-06-26T01:10:02.117455,1,4,1,23722.85
pay_demo_001008,cust_0159,42682.38,INR,debit_card,card_declined,1,12,0,7080.01,2026-05-01T02:57:02.117474,2,4,0,0.0
pay_demo_001009,cust_0358,23400.7,INR,netbanking,bank_timeout,1,3,3,23162.39,2026-07-07T11:41:02.117490,11,1,1,20116.9
pay_demo_001010,cust_0351,49822.62,INR,netbanking,insufficient_funds,2,15,0,8712.06,2026-08-18T06:53:02.117508,6,1,0,0.0
pay_demo_001011,cust_0972,23604.38,INR,credit_card,upi_failure,1,19,3,2340.81,2026-05-27T10:32:02.117525,10,2,0,0.0
pay_demo_001012,cust_0219,2893.06,INR,upi,authentication_failed,1,8,5,5695.12,2026-07-22T21:45:02.117541,21,2,0,0.0
pay_demo_001013,cust_0415,4269.11,INR,netbanking,card_declined,1,8,1,25001.2,2026-08-04T10:41:02.117564,10,1,0,0.0
pay_demo_001014,cust_0987,37708.17,INR,credit_card,insufficient_funds,1,13,3,14527.23,2026-03-04T18:18:02.117582,18,2,1,34522.49
pay_demo_001015,cust_0935,34706.49,INR,netbanking,bank_timeout,1,19,1,2795.36,2026-03-10T05:23:02.117605,5,1,1,30253.39
pay_demo_001016,cust_0681,49321.12,INR,debit_card,bank_timeout,1,14,1,15233.65,2026-06-07T20:12:02.117638,20,6,1,49099.0
pay_demo_001017,cust_0417,13287.57,INR,upi,card_declined,2,4,5,13755.2,2026-04-01T21:00:02.117666,21,2,0,0.0
pay_demo_001018,cust_0224,37336.24,INR,credit_card,card_declined,1,5,4,11637.92,2026-05-30T17:50:02.117684,17,5,0,0.0
pay_demo_001019,cust_0996,34045.49,INR,upi,upi_failure,2,0,2,26951.32,2026-04-21T20:18:02.117701,20,1,0,0.0
pay_demo_001020,cust_0512,32515.8,INR,netbanking,card_declined,1,11,4,13062.55,2026-06-03T20:03:02.117718,20,2,0,0.0
pay_demo_001021,cust_0181,23049.41,INR,debit_card,insufficient_funds,1,5,4,13358.35,2026-06-16T02:18:02.117735,2,1,1,21944.01
pay_demo_001022,cust_0650,14305.77,INR,upi,bank_timeout,2,3,0,19663.93,2026-03-23T10:56:02.117753,10,0,1,13225.12
pay_demo_001023,cust_0770,31266.52,INR,upi,authentication_failed,1,18,0,20197.45,2026-05-12T17:48:02.117782,17,1,0,0.0
pay_demo_001024,cust_0796,22840.57,INR,netbanking,bank_timeout,1,15,0,10843.1,2026-05-01T10:04:02.117799,10,4,1,22225.31
pay_demo_001025,cust_0721,39274.83,INR,netbanking,bank_timeout,2,7,4,8866.33,2026-03-12T15:43:02.117816,15,3,0,0.0
pay_demo_001026,cust_0859,45153.12,INR,netbanking,authentication_failed,1,13,0,958.14,2026-07-19T12:09:02.117832,12,6,1,43911.68
pay_demo_001027,cust_0840,37114.02,INR,debit_card,upi_failure,1,18,3,7634.02,2026-05-19T17:23:02.117849,17,1,1,35134.55
pay_demo_001028,cust_0849,2768.73,INR,netbanking,insufficient_funds,2,12,5,5624.66,2026-06-07T07:52:02.117866,7,6,0,0.0
pay_demo_001029,cust_0448,11702.28,INR,credit_card,network_error,1,18,3,25369.41,2026-03-20T15:09:02.117882,15,4,1,10917.48
pay_demo_001030,cust_0972,16255.75,INR,upi,bank_timeout,1,0,5,23215.95,2026-07-19T23:23:02.117899,23,6,0,0.0
pay_demo_001031,cust_0725,27274.89,INR,upi,network_error,1,4,3,19216.66,2026-05-28T18:47:02.117916,18,3,1,25853.28
pay_demo_001032,cust_0228,14986.74,INR,credit_card,authentication_failed,2,12,2,19948.1,2026-06-18T21:03:02.117933,21,3,0,0.0
pay_demo_001033,cust_0148,31446.41,INR,upi,bank_timeout,1,19,0,3658.76,2026-06-16T15:05:02.117952,15,1,1,27581.46
pay_demo_001034,cust_0080,24813.4,INR,debit_card,insufficient_funds,1,15,0,12705.48,2026-04-25T03:58:02.117969,3,5,1,21874.11
pay_demo_001035,cust_0430,18887.67,INR,debit_card,authentication_failed,2,5,1,9313.27,2026-07-13T02:26:02.117989,2,0,0,0.0
pay_demo_001036,cust_0647,30411.41,INR,upi,bank_timeout,3,11,3,29850.02,2026-03-27T07:02:02.118006,7,4,1,26572.22
pay_demo_001037,cust_0760,12874.15,INR,upi,insufficient_funds,1,17,0,15780.85,2026-07-19T17:07:02.118024,17,6,1,11647.68
pay_demo_001038,cust_0921,11004.5,INR,debit_card,insufficient_funds,1,4,2,8573.16,2026-07-07T21:40:02.118041,21,1,1,10522.64
pay_demo_001039,cust_0668,14857.18,INR,netbanking,card_declined,1,12,1,7877.75,2026-07-08T02:08:02.118061,2,2,1,14606.05
pay_demo_001040,cust_0288,48101.19,INR,upi,network_error,2,18,2,5386.77,2026-07-06T00:31:02.118085,0,0,1,44013.59
pay_demo_001041,cust_0457,21302.12,INR,debit_card,upi_failure,1,19,3,13164.73,2026-04-04T12:39:02.118102,12,5,1,20975.86
pay_demo_001042,cust_0840,3400.46,INR,credit_card,bank_timeout,3,8,4,12589.34,2026-03-26T03:29:02.118119,3,3,1,3070.06
pay_demo_001043,cust_0031,5909.57,INR,debit_card,card_declined,2,11,1,2642.89,2026-03-12T12:39:02.118139,12,3,0,0.0
pay_demo_001044,cust_0149,39019.82,INR,upi,bank_timeout,1,0,5,10201.65,2026-04-30T05:12:02.118157,5,3,1,35048.94
pay_demo_001045,cust_0239,28169.7,INR,netbanking,upi_failure,1,16,1,3536.15,2026-06-17T01:24:02.118177,1,2,1,27942.67
pay_demo_001046,cust_0827,43023.65,INR,upi,network_error,2,13,5,22807.94,2026-06-07T13:50:02.118194,13,6,0,0.0
pay_demo_001047,cust_0202,2673.06,INR,netbanking,card_declined,1,8,3,4018.14,2026-05-04T18:24:02.118212,18,0,0,0.0
pay_demo_001048,cust_0335,29640.32,INR,credit_card,network_error,1,0,5,23607.52,2026-04-02T23:04:02.118228,23,3,1,27247.33
pay_demo_001049,cust_0135,42113.81,INR,netbanking,bank_timeout,2,16,0,10453.0,2026-08-23T21:32:02.118244,21,6,1,36397.62
pay_demo_001050,cust_0822,20870.93,INR,debit_card,upi_failure,1,11,3,2853.13,2026-06-08T08:23:02.118261,8,0,1,17887.66
pay_demo_001051,cust_0306,34883.56,INR,netbanking,card_declined,2,3,2,28162.26,2026-08-01T23:48:02.118278,23,5,0,0.0
pay_demo_001052,cust_0049,41307.74,INR,credit_card,bank_timeout,3,13,1,5520.65,2026-07-10T00:05:02.118293,0,4,1,40144.61
pay_demo_001053,cust_0836,45163.45,INR,upi,authentication_failed,2,8,0,3768.71,2026-06-11T21:46:02.118313,21,3,0,0.0
pay_demo_001054,cust_0338,34458.5,INR,netbanking,upi_failure,1,4,4,14090.47,2026-07-26T13:07:02.118329,13,6,0,0.0
pay_demo_001055,cust_0152,37701.13,INR,netbanking,authentication_failed,1,3,4,16063.87,2026-04-02T08:20:02.118345,8,3,0,0.0
pay_demo_001056,cust_0502,48822.2,INR,debit_card,authentication_failed,1,2,2,23102.96,2026-08-06T12:27:02.118361,12,3,0,0.0
pay_demo_001057,cust_0856,43669.04,INR,credit_card,authentication_failed,1,15,0,6768.03,2026-03-09T17:33:02.118377,17,0,1,42480.23
pay_demo_001058,cust_0193,24484.75,INR,debit_card,insufficient_funds,2,16,4,25824.54,2026-06-09T01:33:02.118394,1,1,0,0.0
pay_demo_001059,cust_0672,7869.15,INR,upi,insufficient_funds,1,11,3,29264.41,2026-03-22T07:50:02.118415,7,6,0,0.0
pay_demo_001060,cust_0799,20130.2,INR,upi,upi_failure,1,9,4,19627.3,2026-07-21T09:06:02.118432,9,1,0,0.0
pay_demo_001061,cust_0110,37302.29,INR,credit_card,bank_timeout,2,5,2,1343.29,2026-03-11T07:34:02.118448,7,2,1,33676.27
pay_demo_001062,cust_0122,46361.0,INR,upi,upi_failure,1,4,3,15314.62,2026-04-19T13:59:02.118465,13,6,0,0.0
pay_demo_001063,cust_0452,13774.93,INR,upi,bank_timeout,1,13,1,9173.17,2026-05-16T18:24:02.118484,18,5,1,12278.82
pay_demo_001064,cust_0623,24782.09,INR,netbanking,bank_timeout,1,20,1,28789.67,2026-07-02T20:59:02.118521,20,3,1,24391.99
pay_demo_001065,cust_0590,13455.68,INR,upi,network_error,1,7,4,21135.61,2026-05-16T11:37:02.118573,11,5,1,11641.8
pay_demo_001066,cust_0752,41238.62,INR,debit_card,card_declined,1,6,2,19288.53,2026-02-28T04:44:02.118611,4,5,1,39592.47
pay_demo_001067,cust_0097,9416.93,INR,netbanking,authentication_failed,1,7,1,9795.82,2026-08-10T18:51:02.118630,18,0,1,8473.57
pay_demo_001068,cust_0467,7263.32,INR,upi,authentication_failed,1,10,0,5736.69,2026-06-21T21:52:02.118647,21,6,1,6913.81
pay_demo_001069,cust_0874,684.75,INR,debit_card,card_declined,1,15,1,14440.76,2026-08-16T23:26:02.118664,23,6,1,651.89
pay_demo_001070,cust_0298,41800.88,INR,credit_card,insufficient_funds,2,3,2,24214.83,2026-06-03T09:31:02.118682,9,2,1,40138.14
pay_demo_001071,cust_0559,13015.51,INR,netbanking,upi_failure,1,0,2,9383.45,2026-06-03T07:13:02.118699,7,2,0,0.0
pay_demo_001072,cust_0680,42876.42,INR,netbanking,bank_timeout,1,16,5,19374.11,2026-07-21T10:08:02.118715,10,1,0,0.0
pay_demo_001073,cust_0226,33036.47,INR,credit_card,upi_failure,1,7,4,22359.87,2026-05-09T12:49:02.118733,12,5,0,0.0
pay_demo_001074,cust_0763,4645.84,INR,netbanking,authentication_failed,1,8,5,20524.65,2026-05-04T07:51:02.118749,7,0,0,0.0
pay_demo_001075,cust_0272,45534.3,INR,debit_card,upi_failure,1,13,2,9625.04,2026-08-17T05:29:02.118767,5,0,1,43497.79
pay_demo_001076,cust_0855,30695.9,INR,netbanking,card_declined,1,11,2,3750.62,2026-08-25T08:03:02.118784,8,1,1,29247.94
pay_demo_001077,cust_0478,34109.97,INR,debit_card,network_error,1,5,2,14861.33,2026-08-11T15:02:02.118801,15,1,1,31315.64
pay_demo_001078,cust_0223,14294.26,INR,upi,bank_timeout,1,0,3,10891.54,2026-08-27T22:46:02.118818,22,3,1,12445.41
pay_demo_001079,cust_0900,14306.62,INR,credit_card,bank_timeout,2,4,5,6303.46,2026-03-31T21:44:02.118835,21,1,1,12630.29
pay_demo_001080,cust_0485,46660.15,INR,credit_card,authentication_failed,1,13,3,29023.75,2026-08-02T15:04:02.118851,15,6,1,41774.99
pay_demo_001081,cust_0319,8830.44,INR,netbanking,authentication_failed,2,18,1,20657.97,2026-07-07T15:54:02.118868,15,1,1,8057.31
pay_demo_001082,cust_0205,15192.9,INR,upi,upi_failure,1,20,3,16602.0,2026-05-23T10:56:02.118885,10,5,0,0.0
pay_demo_001083,cust_0142,26423.26,INR,debit_card,network_error,2,11,3,10948.72,2026-04-30T10:36:02.118903,10,3,1,24288.06
pay_demo_001084,cust_0935,28033.67,INR,netbanking,bank_timeout,2,19,2,23705.65,2026-04-01T07:39:02.118920,7,2,0,0.0
pay_demo_001085,cust_0131,31120.31,INR,debit_card,bank_timeout,2,12,1,12386.79,2026-08-26T09:11:02.118936,9,2,1,30013.96
pay_demo_001086,cust_0531,23118.99,INR,upi,bank_timeout,1,20,0,10337.76,2026-08-03T14:26:02.118953,14,0,1,21320.8
pay_demo_001087,cust_0340,43242.84,INR,upi,authentication_failed,1,16,5,21650.07,2026-03-01T17:29:02.118975,17,6,0,0.0
pay_demo_001088,cust_0148,28190.05,INR,netbanking,insufficient_funds,1,20,1,9376.32,2026-06-09T00:03:02.118991,0,1,1,23988.82
pay_demo_001089,cust_0497,31258.46,INR,credit_card,bank_timeout,1,4,4,26457.02,2026-04-16T20:47:02.119010,20,3,1,27527.58
pay_demo_001090,cust_0486,1427.89,INR,netbanking,card_declined,1,3,2,12434.44,2026-07-11T16:09:02.119027,16,5,1,1395.28
pay_demo_001091,cust_0267,41119.99,INR,netbanking,authentication_failed,1,13,1,19267.82,2026-07-11T19:10:02.119048,19,5,1,39544.67
pay_demo_001092,cust_0247,8704.62,INR,credit_card,card_declined,1,9,5,3450.58,2026-03-30T08:39:02.119066,8,0,0,0.0
pay_demo_001093,cust_0684,13904.03,INR,netbanking,authentication_failed,2,14,3,24498.06,2026-07-21T23:44:02.119084,23,1,0,0.0
pay_demo_001094,cust_0469,6182.3,INR,netbanking,bank_timeout,1,1,5,19687.46,2026-03-12T04:34:02.119100,4,3,1,5294.49
pay_demo_001095,cust_0929,17865.4,INR,credit_card,card_declined,2,14,2,769.04,2026-07-18T12:30:02.119116,12,5,1,17479.08
pay_demo_001096,cust_0516,10696.85,INR,netbanking,network_error,1,20,1,10880.08,2026-04-05T13:33:02.119133,13,6,1,10239.85
pay_demo_001097,cust_0806,7173.96,INR,debit_card,card_declined,1,20,3,11607.42,2026-04-29T04:20:02.119149,4,2,0,0.0
pay_demo_001098,cust_0185,28886.74,INR,debit_card,insufficient_funds,1,18,4,10768.81,2026-03-22T11:58:02.119165,11,6,1,24748.41
pay_demo_001099,cust_0873,36697.3,INR,credit_card,bank_timeout,1,15,5,14554.18,2026-06-29T00:12:02.119182,0,0,1,32495.19
pay_demo_001100,cust_0922,44061.62,INR,netbanking,card_declined,2,1,4,7889.27,2026-08-18T00:58:02.119199,0,1,0,0.0
pay_demo_001101,cust_0453,38214.93,INR,upi,insufficient_funds,1,14,3,4429.89,2026-03-17T05:27:02.119215,5,1,0,0.0
pay_demo_001102,cust_0205,9946.75,INR,netbanking,card_declined,1,7,1,22393.54,2026-05-08T07:11:02.119250,7,4,0,0.0
pay_demo_001103,cust_0809,9776.33,INR,upi,authentication_failed,3,3,1,1480.56,2026-07-23T23:39:02.119269,23,3,1,9445.48
pay_demo_001104,cust_0582,27419.73,INR,upi,upi_failure,1,20,4,15137.18,2026-07-05T05:10:02.119287,5,6,0,0.0
pay_demo_001105,cust_0486,25142.34,INR,debit_card,network_error,2,4,0,13446.9,2026-03-20T11:07:02.119303,11,4,0,0.0
pay_demo_001106,cust_0073,28543.79,INR,credit_card,network_error,1,3,3,7301.92,2026-03-27T06:41:02.119319,6,4,1,24358.74
pay_demo_001107,cust_0842,47042.75,INR,debit_card,card_declined,2,2,1,29059.39,2026-08-08T06:26:02.119338,6,5,0,0.0
pay_demo_001108,cust_0248,42689.12,INR,debit_card,card_declined,1,17,5,26808.35,2026-03-31T08:03:02.119361,8,1,0,0.0
pay_demo_001109,cust_0940,49249.71,INR,upi,bank_timeout,1,8,1,10368.97,2026-08-12T19:49:02.119377,19,2,1,45903.84
pay_demo_001110,cust_0752,16614.54,INR,upi,insufficient_funds,1,18,4,21241.18,2026-08-18T12:58:02.119395,12,1,1,16489.7
pay_demo_001111,cust_0613,37016.61,INR,upi,network_error,1,4,2,21838.23,2026-08-01T22:31:02.119415,22,5,0,0.0
pay_demo_001112,cust_0520,11417.2,INR,debit_card,card_declined,1,7,0,27971.77,2026-08-21T17:28:02.119434,17,4,1,10746.11
pay_demo_001113,cust_0389,34160.67,INR,upi,network_error,1,12,3,21015.5,2026-05-09T01:35:02.119456,1,5,0,0.0
pay_demo_001114,cust_0563,7060.97,INR,netbanking,bank_timeout,2,11,2,6212.55,2026-05-08T22:47:02.119476,22,4,1,6247.58
pay_demo_001115,cust_0603,700.47,INR,netbanking,authentication_failed,2,17,4,1850.5,2026-08-24T00:47:02.119499,0,0,0,0.0
pay_demo_001116,cust_0833,3032.81,INR,upi,insufficient_funds,1,9,0,9766.71,2026-03-26T03:06:02.119520,3,3,0,0.0
pay_demo_001117,cust_0251,49904.82,INR,credit_card,network_error,1,3,5,2765.71,2026-06-24T06:49:02.119538,6,2,0,0.0
pay_demo_001118,cust_0507,35321.71,INR,debit_card,insufficient_funds,1,9,2,23516.15,2026-06-14T03:47:02.119557,3,6,0,0.0
pay_demo_001119,cust_0540,44670.33,INR,debit_card,authentication_failed,1,3,0,10725.75,2026-05-14T01:23:02.119573,1,3,0,0.0
pay_demo_001120,cust_0498,14133.24,INR,credit_card,insufficient_funds,2,16,1,9495.71,2026-04-08T17:55:02.119589,17,2,0,0.0
pay_demo_001121,cust_0382,36300.56,INR,credit_card,bank_timeout,3,14,5,23043.66,2026-07-29T23:31:02.119605,23,2,0,0.0
pay_demo_001122,cust_0857,1881.06,INR,debit_card,network_error,1,2,0,8733.23,2026-03-24T11:31:02.119621,11,1,1,1604.22
pay_demo_001123,cust_0392,19356.23,INR,upi,insufficient_funds,1,5,5,13217.01,2026-08-14T02:43:02.119640,2,4,0,0.0
pay_demo_001124,cust_0033,27169.15,INR,debit_card,bank_timeout,2,10,2,24402.19,2026-03-29T17:14:02.119656,17,6,1,23205.22
pay_demo_001125,cust_0744,41496.12,INR,netbanking,card_declined,2,1,0,16822.18,2026-03-07T14:08:02.119673,14,5,0,0.0
pay_demo_001126,cust_0961,26831.12,INR,netbanking,network_error,2,16,2,5295.19,2026-05-22T09:15:02.119690,9,4,0,0.0
pay_demo_001127,cust_0947,12063.7,INR,upi,upi_failure,2,8,0,29964.78,2026-04-11T14:41:02.119706,14,5,1,11287.55
pay_demo_001128,cust_0040,30854.25,INR,debit_card,upi_failure,1,20,4,864.0,2026-06-10T05:20:02.119723,5,2,1,27711.7
pay_demo_001129,cust_0271,42410.11,INR,netbanking,card_declined,1,0,3,1591.61,2026-05-28T08:22:02.119741,8,3,0,0.0
pay_demo_001130,cust_0865,27919.1,INR,netbanking,bank_timeout,1,2,2,26962.81,2026-04-08T13:58:02.119756,13,2,1,25575.74
pay_demo_001131,cust_0265,38345.65,INR,debit_card,upi_failure,2,4,1,19094.98,2026-07-21T04:21:02.119774,4,1,0,0.0
pay_demo_001132,cust_0051,11787.09,INR,upi,insufficient_funds,1,14,4,9861.37,2026-04-08T01:48:02.119790,1,2,0,0.0
pay_demo_001133,cust_0063,47594.85,INR,debit_card,upi_failure,1,11,4,21690.42,2026-03-27T16:40:02.119808,16,4,1,41234.97
pay_demo_001134,cust_0520,22301.87,INR,upi,insufficient_funds,1,18,2,24959.57,2026-03-06T10:58:02.119825,10,4,1,21103.88
pay_demo_001135,cust_0897,14297.6,INR,upi,upi_failure,1,11,2,29265.42,2026-03-14T12:32:02.119842,12,5,1,14174.24
pay_demo_001136,cust_0302,31171.44,INR,credit_card,upi_failure,1,4,4,1253.29,2026-03-25T17:11:02.119859,17,2,1,27959.72
pay_demo_001137,cust_0733,39087.51,INR,debit_card,insufficient_funds,1,18,0,19883.25,2026-07-20T11:14:02.119877,11,0,0,0.0
pay_demo_001138,cust_0665,4106.56,INR,upi,insufficient_funds,1,18,5,16672.87,2026-05-12T06:16:02.119893,6,1,0,0.0
pay_demo_001139,cust_0125,42410.23,INR,upi,network_error,1,16,4,13510.01,2026-06-20T17:09:02.119914,17,5,1,39708.13
pay_demo_001140,cust_0933,12352.64,INR,credit_card,upi_failure,1,10,5,29185.71,2026-03-03T16:34:02.119931,16,1,1,11857.54
pay_demo_001141,cust_0902,20614.31,INR,upi,upi_failure,1,2,2,19773.23,2026-03-26T16:34:02.119947,16,3,1,19953.53
pay_demo_001142,cust_0236,28553.24,INR,credit_card,network_error,1,13,5,17750.28,2026-07-23T04:46:02.119964,4,3,1,27678.89
pay_demo_001143,cust_0350,15829.45,INR,upi,card_declined,1,4,4,15078.91,2026-07-08T18:06:02.119984,18,2,0,0.0
pay_demo_001144,cust_0465,972.51,INR,upi,card_declined,1,17,5,27938.69,2026-08-02T19:07:02.120000,19,6,1,831.6
pay_demo_001145,cust_0442,1391.79,INR,credit_card,bank_timeout,1,16,3,27175.68,2026-05-29T19:37:02.120017,19,4,1,1328.52
pay_demo_001146,cust_0248,35656.78,INR,upi,upi_failure,2,10,4,18458.34,2026-07-31T01:00:02.120034,1,4,0,0.0
pay_demo_001147,cust_0076,36989.67,INR,debit_card,card_declined,2,20,3,22350.58,2026-05-08T14:14:02.120050,14,4,0,0.0
pay_demo_001148,cust_0489,35065.66,INR,credit_card,authentication_failed,2,16,0,4991.56,2026-08-26T05:25:02.120066,5,2,0,0.0
pay_demo_001149,cust_0379,33760.57,INR,netbanking,card_declined,1,5,4,21814.73,2026-06-17T20:48:02.120084,20,2,1,30202.28
pay_demo_001150,cust_0350,2604.74,INR,netbanking,upi_failure,1,10,1,28628.65,2026-08-17T00:06:02.120102,0,0,0,0.0
pay_demo_001151,cust_0749,10691.9,INR,debit_card,network_error,2,10,0,10746.7,2026-07-16T20:44:02.120121,20,3,0,0.0
pay_demo_001152,cust_0281,24434.46,INR,credit_card,insufficient_funds,1,8,4,22727.33,2026-06-29T02:45:02.120140,2,0,0,0.0
pay_demo_001153,cust_0145,4979.61,INR,credit_card,bank_timeout,1,1,4,16368.52,2026-07-09T23:31:02.120161,23,3,1,4854.5
pay_demo_001154,cust_0027,18603.12,INR,debit_card,network_error,1,14,4,4222.27,2026-05-03T14:04:02.120180,14,6,1,16118.53
pay_demo_001155,cust_0724,45975.35,INR,upi,card_declined,2,15,2,3062.48,2026-07-23T15:16:02.120197,15,3,0,0.0
pay_demo_001156,cust_0685,5999.84,INR,debit_card,bank_timeout,2,7,5,2693.33,2026-07-18T07:41:02.120213,7,5,1,5348.35
pay_demo_001157,cust_0646,36828.98,INR,upi,authentication_failed,1,1,3,3462.94,2026-02-28T07:42:02.120230,7,5,0,0.0
pay_demo_001158,cust_0195,42103.27,INR,upi,authentication_failed,1,7,1,17797.13,2026-07-02T02:50:02.120246,2,3,0,0.0
pay_demo_001159,cust_0272,23611.75,INR,netbanking,insufficient_funds,2,9,1,6357.9,2026-08-05T07:08:02.120262,7,2,0,0.0
pay_demo_001160,cust_0741,37522.41,INR,upi,card_declined,1,17,4,6652.14,2026-07-13T22:36:02.120277,22,0,1,35766.26
pay_demo_001161,cust_0629,19138.45,INR,credit_card,authentication_failed,1,16,5,28652.89,2026-06-12T16:06:02.120296,16,4,1,17106.28
pay_demo_001162,cust_0497,24613.05,INR,netbanking,network_error,1,15,2,3347.73,2026-07-30T14:36:02.120313,14,3,1,24499.94
pay_demo_001163,cust_0334,12520.33,INR,netbanking,bank_timeout,1,10,5,3849.32,2026-03-02T11:17:02.120332,11,0,0,0.0
pay_demo_001164,cust_0132,38729.35,INR,netbanking,card_declined,1,7,0,9082.44,2026-04-20T17:06:02.120348,17,0,1,37863.68
pay_demo_001165,cust_0419,3228.0,INR,debit_card,upi_failure,1,13,3,24366.4,2026-05-11T11:46:02.120368,11,0,1,3185.57
pay_demo_001166,cust_0275,24378.17,INR,credit_card,upi_failure,1,1,2,13705.27,2026-07-02T05:06:02.120386,5,3,1,21330.42
pay_demo_001167,cust_0212,39021.69,INR,upi,network_error,1,4,4,16423.14,2026-08-22T11:57:02.120405,11,5,0,0.0
pay_demo_001168,cust_0800,35295.58,INR,debit_card,network_error,1,1,4,6708.67,2026-04-12T17:52:02.120422,17,6,1,34438.69
pay_demo_001169,cust_0406,43014.2,INR,credit_card,upi_failure,2,11,2,12695.16,2026-04-08T00:47:02.120439,0,2,1,42627.16
pay_demo_001170,cust_0037,42305.0,INR,upi,network_error,1,15,0,5129.89,2026-06-11T23:48:02.120457,23,3,0,0.0
pay_demo_001171,cust_0647,38666.1,INR,credit_card,bank_timeout,1,3,3,19830.64,2026-07-25T00:06:02.120472,0,5,1,34432.15
pay_demo_001172,cust_0087,4011.05,INR,netbanking,bank_timeout,1,17,4,27609.75,2026-08-03T00:25:02.120492,0,0,1,3886.28
pay_demo_001173,cust_0199,41607.29,INR,debit_card,upi_failure,1,0,2,8584.47,2026-07-07T20:46:02.120512,20,1,0,0.0
pay_demo_001174,cust_0993,32871.33,INR,netbanking,card_declined,1,2,1,29023.15,2026-04-06T15:32:02.120529,15,0,0,0.0
pay_demo_001175,cust_0292,45401.75,INR,credit_card,card_declined,1,15,5,12112.53,2026-05-24T06:17:02.120554,6,6,0,0.0
pay_demo_001176,cust_0111,22723.06,INR,upi,card_declined,2,14,2,14565.79,2026-07-31T03:43:02.120573,3,4,0,0.0
pay_demo_001177,cust_0341,7359.81,INR,upi,bank_timeout,1,6,3,18005.58,2026-08-06T19:37:02.120589,19,3,1,6936.42
pay_demo_001178,cust_0485,26265.6,INR,credit_card,bank_timeout,2,8,3,9687.92,2026-06-02T20:00:02.120607,20,1,1,23592.19
pay_demo_001179,cust_0579,30016.76,INR,upi,upi_failure,1,17,3,16594.87,2026-06-08T03:47:02.120628,3,0,1,26963.33
pay_demo_001180,cust_0726,24253.22,INR,upi,bank_timeout,1,2,3,4254.83,2026-08-24T18:29:02.120647,18,0,1,23336.99
pay_demo_001181,cust_0171,10028.91,INR,upi,bank_timeout,2,15,1,18971.86,2026-04-15T08:54:02.120664,8,2,1,9651.31
pay_demo_001182,cust_0561,21023.74,INR,upi,upi_failure,1,9,5,27698.12,2026-03-07T15:29:02.120681,15,5,1,18886.84
pay_demo_001183,cust_0911,18707.26,INR,credit_card,insufficient_funds,1,6,4,28583.86,2026-05-24T07:24:02.120701,7,6,0,0.0
pay_demo_001184,cust_0258,23711.08,INR,credit_card,upi_failure,2,4,1,15969.16,2026-04-28T23:42:02.120718,23,1,1,21635.07
pay_demo_001185,cust_0154,23630.57,INR,upi,upi_failure,2,6,5,3268.51,2026-05-02T13:56:02.120735,13,5,0,0.0
pay_demo_001186,cust_0063,31323.64,INR,credit_card,bank_timeout,1,17,1,10676.24,2026-08-24T17:45:02.120751,17,0,1,27960.36
pay_demo_001187,cust_0934,43431.04,INR,debit_card,upi_failure,1,12,2,17052.81,2026-03-16T02:50:02.120768,2,0,1,37421.11
pay_demo_001188,cust_0157,5328.22,INR,credit_card,upi_failure,1,18,0,4237.77,2026-04-16T05:21:02.120785,5,3,0,0.0
pay_demo_001189,cust_0785,19270.74,INR,debit_card,authentication_failed,2,15,1,5458.93,2026-06-29T17:57:02.120802,17,0,0,0.0
pay_demo_001190,cust_0952,40207.02,INR,credit_card,insufficient_funds,1,0,2,2794.73,2026-08-14T19:30:02.120819,19,4,0,0.0
pay_demo_001191,cust_0827,22096.51,INR,netbanking,upi_failure,1,3,1,17024.28,2026-05-23T11:17:02.120835,11,5,0,0.0
pay_demo_001192,cust_0486,17878.58,INR,debit_card,network_error,1,19,1,28683.12,2026-03-18T15:17:02.120851,15,2,1,15579.98
pay_demo_001193,cust_0448,28112.2,INR,netbanking,authentication_failed,2,3,4,27042.98,2026-03-14T12:51:02.120874,12,5,0,0.0
pay_demo_001194,cust_0026,43333.69,INR,netbanking,authentication_failed,1,13,1,18700.74,2026-07-10T11:39:02.120890,11,4,1,37997.18
pay_demo_001195,cust_0766,49772.83,INR,credit_card,card_declined,1,6,0,17792.56,2026-06-04T20:04:02.120907,20,3,0,0.0
pay_demo_001196,cust_0378,45807.19,INR,upi,network_error,1,20,2,19429.38,2026-05-18T22:18:02.120923,22,0,1,43775.17
pay_demo_001197,cust_0281,31338.47,INR,upi,authentication_failed,2,19,5,13907.18,2026-07-14T08:15:02.120941,8,1,0,0.0
pay_demo_001198,cust_0896,32447.92,INR,upi,bank_timeout,1,19,5,5019.16,2026-07-13T19:57:02.120957,19,0,0,0.0
pay_demo_001199,cust_0430,41736.41,INR,upi,bank_timeout,1,1,2,3375.53,2026-04-10T15:08:02.120974,15,4,1,36691.62
pay_demo_001200,cust_0629,36925.19,INR,debit_card,authentication_failed,2,10,5,5491.8,2026-03-30T00:39:02.120991,0,0,0,0.0
pay_demo_001201,cust_0529,905.73,INR,netbanking,card_declined,2,1,0,6191.73,2026-04-21T19:16:02.121008,19,1,1,806.1
pay_demo_001202,cust_0177,22281.26,INR,debit_card,network_error,1,16,3,5602.56,2026-08-27T14:45:02.121025,14,3,1,20812.57
pay_demo_001203,cust_0121,17204.33,INR,upi,network_error,2,2,0,27581.33,2026-07-12T00:57:02.121045,0,6,0,0.0
pay_demo_001204,cust_0191,16011.56,INR,upi,insufficient_funds,2,6,5,11548.62,2026-08-07T00:47:02.121061,0,4,0,0.0
pay_demo_001205,cust_0316,41897.95,INR,credit_card,authentication_failed,2,4,2,2073.39,2026-02-28T14:51:02.121079,14,5,0,0.0
pay_demo_001206,cust_0286,7193.22,INR,debit_card,card_declined,1,6,2,26565.27,2026-07-13T14:46:02.121094,14,0,0,0.0
pay_demo_001207,cust_0715,22092.0,INR,upi,card_declined,1,11,2,23284.93,2026-04-16T09:09:02.121110,9,3,1,20869.3
pay_demo_001208,cust_0852,8689.64,INR,netbanking,insufficient_funds,1,6,5,13298.68,2026-03-15T02:12:02.121130,2,6,1,7762.48
pay_demo_001209,cust_0351,35042.76,INR,debit_card,bank_timeout,1,6,2,6938.52,2026-06-22T22:03:02.121150,22,0,1,30392.4
pay_demo_001210,cust_0675,31629.46,INR,netbanking,insufficient_funds,1,10,2,17131.2,2026-03-12T05:05:02.121167,5,3,1,27045.64
pay_demo_001211,cust_0719,5409.73,INR,debit_card,bank_timeout,1,15,2,10431.82,2026-08-02T18:04:02.121184,18,6,1,4888.78
pay_demo_001212,cust_0167,23448.69,INR,credit_card,bank_timeout,1,19,3,18010.46,2026-03-03T10:16:02.121203,10,1,1,21335.96
pay_demo_001213,cust_0855,12330.72,INR,debit_card,network_error,1,12,2,1683.8,2026-06-29T07:56:02.121222,7,0,1,11259.77
pay_demo_001214,cust_0793,13614.18,INR,netbanking,network_error,1,16,1,27709.43,2026-03-28T01:29:02.121243,1,5,1,11977.34
pay_demo_001215,cust_0996,28485.82,INR,credit_card,insufficient_funds,1,1,0,9623.57,2026-07-22T12:33:02.121260,12,2,1,25904.98
pay_demo_001216,cust_0472,241.99,INR,credit_card,insufficient_funds,2,9,2,2871.07,2026-06-28T17:35:02.121277,17,6,1,208.96
pay_demo_001217,cust_0251,7876.07,INR,debit_card,bank_timeout,1,11,0,14388.62,2026-03-05T11:18:02.121293,11,3,1,6945.7
pay_demo_001218,cust_0484,33488.16,INR,netbanking,authentication_failed,1,3,3,4290.82,2026-07-24T11:13:02.121310,11,4,0,0.0
pay_demo_001219,cust_0335,44921.46,INR,netbanking,network_error,1,2,2,14905.13,2026-03-30T23:48:02.121326,23,0,0,0.0
pay_demo_001220,cust_0907,30504.41,INR,credit_card,upi_failure,1,16,0,18511.71,2026-05-18T21:21:02.121342,21,0,1,26981.49
pay_demo_001221,cust_0512,9560.93,INR,credit_card,upi_failure,1,10,3,19794.33,2026-05-11T19:44:02.121359,19,0,1,8572.94
pay_demo_001222,cust_0692,41099.5,INR,upi,upi_failure,3,13,1,5324.51,2026-03-06T07:09:02.121376,7,4,1,35590.71
pay_demo_001223,cust_0826,4315.5,INR,upi,authentication_failed,2,0,1,9911.26,2026-04-02T07:38:02.121409,7,3,0,0.0
pay_demo_001224,cust_0703,22843.66,INR,netbanking,authentication_failed,3,12,3,23255.11,2026-06-11T10:46:02.121462,10,3,1,21959.83
pay_demo_001225,cust_0119,30261.08,INR,netbanking,network_error,1,15,5,10384.37,2026-04-13T12:55:02.121505,12,0,1,29287.41
pay_demo_001226,cust_0435,26679.24,INR,netbanking,authentication_failed,1,0,2,28471.94,2026-03-29T15:50:02.121535,15,6,0,0.0
pay_demo_001227,cust_0528,40679.19,INR,netbanking,card_declined,1,9,0,4085.77,2026-04-24T09:39:02.121564,9,4,0,0.0
pay_demo_001228,cust_0052,44480.46,INR,debit_card,upi_failure,1,9,0,16511.08,2026-07-13T14:40:02.121581,14,0,1,40591.05
pay_demo_001229,cust_0458,16366.7,INR,upi,network_error,1,1,4,22291.07,2026-06-25T18:57:02.121602,18,3,0,0.0
pay_demo_001230,cust_0548,4909.71,INR,credit_card,authentication_failed,1,8,2,29169.66,2026-03-04T04:47:02.121619,4,2,1,4849.89
pay_demo_001231,cust_0926,41778.91,INR,netbanking,bank_timeout,1,11,0,4829.14,2026-03-17T20:38:02.121638,20,1,1,38724.66
pay_demo_001232,cust_0743,4122.49,INR,debit_card,card_declined,1,5,5,8077.31,2026-03-13T00:06:02.121656,0,4,0,0.0
pay_demo_001233,cust_0082,41875.3,INR,netbanking,bank_timeout,2,18,2,29850.09,2026-03-23T07:28:02.121679,7,0,0,0.0
pay_demo_001234,cust_0875,39727.43,INR,upi,upi_failure,1,6,3,8606.21,2026-03-04T18:45:02.121697,18,2,0,0.0
pay_demo_001235,cust_0514,33637.69,INR,netbanking,insufficient_funds,1,8,0,12511.89,2026-08-23T10:20:02.121714,10,6,0,0.0
pay_demo_001236,cust_0133,13883.48,INR,netbanking,network_error,2,20,2,3365.86,2026-07-01T23:17:02.121734,23,2,1,12476.96
pay_demo_001237,cust_0066,30647.04,INR,netbanking,network_error,1,19,2,16473.01,2026-04-28T07:02:02.121756,7,1,1,27626.55
pay_demo_001238,cust_0328,17449.04,INR,netbanking,insufficient_funds,1,15,1,16201.09,2026-07-15T02:38:02.121774,2,2,1,15500.92
pay_demo_001239,cust_0034,33102.79,INR,upi,authentication_failed,1,11,0,6622.76,2026-04-14T12:43:02.121792,12,1,1,29586.4
pay_demo_001240,cust_0323,22684.66,INR,netbanking,bank_timeout,1,18,1,18915.82,2026-04-05T10:36:02.121810,10,6,1,22670.46
pay_demo_001241,cust_0024,37619.14,INR,debit_card,network_error,2,7,3,27674.7,2026-07-25T11:24:02.121827,11,5,0,0.0
pay_demo_001242,cust_0972,42513.48,INR,upi,card_declined,1,3,4,9035.79,2026-07-18T00:37:02.121843,0,5,0,0.0
pay_demo_001243,cust_0564,20544.11,INR,credit_card,card_declined,2,8,2,23229.74,2026-03-19T20:20:02.121863,20,3,0,0.0
pay_demo_001244,cust_0906,34404.83,INR,debit_card,network_error,1,12,1,25842.17,2026-04-23T09:44:02.121879,9,3,1,33507.58
pay_demo_001245,cust_0461,8017.0,INR,credit_card,card_declined,1,17,2,23006.58,2026-03-13T18:19:02.121897,18,4,0,0.0
pay_demo_001246,cust_0930,5096.49,INR,netbanking,card_declined,1,20,0,18756.84,2026-07-23T04:23:02.121928,4,3,1,4716.82
pay_demo_001247,cust_0083,30058.49,INR,netbanking,bank_timeout,1,7,1,17294.53,2026-04-29T02:57:02.121948,2,2,0,0.0
pay_demo_001248,cust_0975,18640.74,INR,netbanking,network_error,1,6,1,14004.18,2026-06-27T18:32:02.121966,18,5,1,18464.98
pay_demo_001249,cust_0944,10149.31,INR,credit_card,upi_failure,1,0,1,17539.27,2026-05-02T16:19:02.121984,16,5,1,9545.3
pay_demo_001250,cust_0248,39878.33,INR,netbanking,network_error,1,19,2,26226.52,2026-07-18T16:33:02.122004,16,5,1,38215.68
pay_demo_001251,cust_0072,542.79,INR,upi,authentication_failed,1,16,3,25933.98,2026-08-09T10:46:02.122022,10,6,0,0.0
pay_demo_001252,cust_0905,35855.63,INR,upi,authentication_failed,2,20,4,21585.54,2026-05-07T08:10:02.122039,8,3,0,0.0
pay_demo_001253,cust_0744,3177.36,INR,netbanking,authentication_failed,2,11,3,21640.43,2026-04-19T03:21:02.122059,3,6,1,2910.48
pay_demo_001254,cust_0807,6378.03,INR,credit_card,upi_failure,2,18,0,21798.83,2026-05-26T10:20:02.122076,10,1,1,5746.45
pay_demo_001255,cust_0935,12304.82,INR,netbanking,insufficient_funds,1,10,5,20964.62,2026-05-02T01:31:02.122093,1,5,0,0.0
pay_demo_001256,cust_0771,12387.48,INR,debit_card,upi_failure,1,14,2,23727.53,2026-03-01T15:26:02.122110,15,6,0,0.0
pay_demo_001257,cust_0282,29802.52,INR,credit_card,insufficient_funds,1,0,1,26465.03,2026-04-05T12:17:02.122128,12,6,0,0.0
pay_demo_001258,cust_0299,15471.8,INR,credit_card,network_error,1,15,5,13475.94,2026-06-13T19:15:02.122144,19,5,1,15019.71
pay_demo_001259,cust_0132,7497.0,INR,debit_card,card_declined,1,7,0,25602.11,2026-03-31T14:53:02.122161,14,1,1,7029.45
pay_demo_001260,cust_0266,18335.26,INR,netbanking,card_declined,1,5,2,19493.62,2026-03-30T07:42:02.122182,7,0,1,17024.3
pay_demo_001261,cust_0388,43297.35,INR,netbanking,authentication_failed,1,16,3,5673.93,2026-05-22T23:20:02.122199,23,4,0,0.0
pay_demo_001262,cust_0970,3424.68,INR,credit_card,upi_failure,1,4,2,18454.92,2026-07-28T03:50:02.122215,3,1,1,3094.11
pay_demo_001263,cust_0471,28556.52,INR,upi,authentication_failed,2,16,1,22370.65,2026-05-26T03:00:02.122237,3,1,0,0.0
pay_demo_001264,cust_0409,31394.82,INR,debit_card,network_error,1,17,4,25474.87,2026-04-12T21:11:02.122255,21,6,0,0.0
pay_demo_001265,cust_0058,22442.32,INR,credit_card,insufficient_funds,1,5,5,28121.84,2026-06-26T16:18:02.122275,16,4,0,0.0
pay_demo_001266,cust_0735,22912.09,INR,upi,network_error,1,8,0,22421.76,2026-08-11T19:29:02.122295,19,1,1,20515.81
pay_demo_001267,cust_0213,11533.8,INR,netbanking,card_declined,1,1,2,23805.48,2026-08-09T17:32:02.122313,17,6,0,0.0
pay_demo_001268,cust_0120,22206.52,INR,netbanking,insufficient_funds,1,18,1,18149.67,2026-06-12T06:02:02.122329,6,4,1,20813.22
pay_demo_001269,cust_0882,45268.44,INR,netbanking,authentication_failed,1,20,4,22788.52,2026-08-27T15:14:02.122346,15,3,1,41242.96
pay_demo_001270,cust_0278,24731.74,INR,credit_card,upi_failure,1,16,2,28567.35,2026-06-12T15:07:02.122363,15,4,1,22996.28
pay_demo_001271,cust_0350,13909.36,INR,debit_card,authentication_failed,1,5,3,692.26,2026-04-19T08:31:02.122380,8,6,0,0.0
pay_demo_001272,cust_0168,9104.0,INR,netbanking,authentication_failed,1,14,2,19317.55,2026-04-12T18:50:02.122396,18,6,1,8801.92
pay_demo_001273,cust_0782,11743.78,INR,debit_card,network_error,1,16,3,3536.05,2026-06-12T04:49:02.122415,4,4,1,10988.08
pay_demo_001274,cust_0159,16323.52,INR,credit_card,card_declined,2,5,4,20046.43,2026-06-05T07:32:02.122432,7,4,0,0.0
pay_demo_001275,cust_0670,29842.44,INR,netbanking,authentication_failed,1,8,3,28062.73,2026-06-11T12:53:02.122448,12,3,0,0.0
pay_demo_001276,cust_0314,16819.36,INR,debit_card,authentication_failed,1,9,3,17116.95,2026-05-13T23:14:02.122465,23,2,0,0.0
pay_demo_001277,cust_0963,20323.24,INR,netbanking,upi_failure,1,4,3,23127.93,2026-08-23T01:50:02.122482,1,6,0,0.0
pay_demo_001278,cust_0214,33170.32,INR,debit_card,upi_failure,2,0,2,13111.2,2026-05-22T13:27:02.122499,13,4,0,0.0
pay_demo_001279,cust_0574,37003.04,INR,credit_card,network_error,1,8,0,2695.59,2026-07-17T13:16:02.122515,13,4,1,34115.04
pay_demo_001280,cust_0739,29728.43,INR,upi,authentication_failed,1,15,1,8764.21,2026-03-25T05:38:02.122533,5,2,1,25533.67
pay_demo_001281,cust_0058,32053.51,INR,debit_card,network_error,1,9,0,14419.31,2026-08-09T13:13:02.122565,13,6,1,30767.12
pay_demo_001282,cust_0845,7758.27,INR,credit_card,network_error,1,6,4,3096.15,2026-06-26T13:26:02.122584,13,4,1,7230.61
pay_demo_001283,cust_0677,13183.81,INR,debit_card,authentication_failed,1,2,5,21486.38,2026-06-08T12:05:02.122605,12,0,0,0.0
pay_demo_001284,cust_0792,22402.85,INR,credit_card,insufficient_funds,1,7,3,11185.01,2026-07-08T02:17:02.122621,2,2,0,0.0
pay_demo_001285,cust_0266,12916.82,INR,upi,insufficient_funds,1,13,3,12191.09,2026-04-25T22:09:02.122637,22,5,0,0.0
pay_demo_001286,cust_0542,3202.26,INR,debit_card,bank_timeout,1,1,4,26255.89,2026-06-05T06:31:02.122653,6,4,0,0.0
pay_demo_001287,cust_0290,28825.81,INR,upi,authentication_failed,1,2,4,23527.35,2026-04-13T18:11:02.122669,18,0,0,0.0
pay_demo_001288,cust_0526,42345.71,INR,upi,network_error,2,19,5,29792.02,2026-08-09T02:35:02.122684,2,6,1,41188.12
pay_demo_001289,cust_0477,22674.17,INR,credit_card,authentication_failed,1,5,5,17469.1,2026-05-03T07:13:02.122704,7,6,1,21628.62
pay_demo_001290,cust_0840,47435.48,INR,upi,card_declined,1,0,4,24932.57,2026-08-23T23:48:02.122720,23,6,0,0.0
pay_demo_001291,cust_0331,21472.05,INR,debit_card,insufficient_funds,1,10,4,14003.72,2026-03-10T17:13:02.122736,17,1,0,0.0
pay_demo_001292,cust_0842,28807.03,INR,debit_card,authentication_failed,2,4,1,23303.26,2026-07-06T14:51:02.122754,14,0,1,24921.95
pay_demo_001293,cust_0547,30175.69,INR,upi,insufficient_funds,1,2,2,26181.4,2026-06-30T02:49:02.122774,2,1,0,0.0
pay_demo_001294,cust_0207,15285.89,INR,netbanking,upi_failure,1,6,2,1305.24,2026-05-07T20:09:02.122790,20,3,1,15166.69
pay_demo_001295,cust_0027,22308.83,INR,credit_card,card_declined,1,14,3,6359.81,2026-05-22T05:10:02.122807,5,4,0,0.0
pay_demo_001296,cust_0128,4824.02,INR,credit_card,network_error,2,16,0,5305.05,2026-07-05T20:31:02.122823,20,6,0,0.0
pay_demo_001297,cust_0759,30321.45,INR,debit_card,card_declined,1,2,4,11115.83,2026-06-23T07:55:02.122839,7,1,0,0.0
pay_demo_001298,cust_0968,22956.3,INR,upi,card_declined,2,12,0,10963.09,2026-06-09T21:35:02.122855,21,1,0,0.0
pay_demo_001299,cust_0969,42420.85,INR,debit_card,insufficient_funds,3,2,5,19485.67,2026-05-20T09:01:02.122873,9,2,0,0.0
pay_demo_001300,cust_0975,48218.88,INR,debit_card,bank_timeout,1,7,1,17155.09,2026-07-26T07:53:02.122889,7,6,0,0.0
pay_demo_001301,cust_0144,34814.5,INR,upi,bank_timeout,1,6,5,19998.09,2026-05-24T04:36:02.122905,4,6,0,0.0
pay_demo_001302,cust_0844,8042.64,INR,credit_card,insufficient_funds,2,4,5,24377.82,2026-03-09T18:39:02.122920,18,0,0,0.0
pay_demo_001303,cust_0901,46262.73,INR,credit_card,bank_timeout,1,9,3,18946.72,2026-06-21T04:42:02.122938,4,6,0,0.0
pay_demo_001304,cust_0030,39206.79,INR,debit_card,bank_timeout,2,1,5,26224.83,2026-05-15T22:28:02.122953,22,4,1,35543.13
pay_demo_001305,cust_0613,36181.63,INR,credit_card,insufficient_funds,1,11,1,3217.66,2026-08-11T20:32:02.122970,20,1,0,0.0
pay_demo_001306,cust_0476,49171.77,INR,netbanking,insufficient_funds,2,20,0,9687.21,2026-04-29T15:54:02.122986,15,2,1,44177.47
pay_demo_001307,cust_0553,18406.02,INR,upi,card_declined,1,18,1,4212.07,2026-04-18T19:11:02.123003,19,5,1,18246.69
pay_demo_001308,cust_0231,33028.65,INR,upi,authentication_failed,1,19,0,7868.47,2026-06-24T18:16:02.123022,18,2,0,0.0
pay_demo_001309,cust_0676,15195.19,INR,netbanking,authentication_failed,1,16,4,29635.47,2026-06-20T19:42:02.123038,19,5,0,0.0
pay_demo_001310,cust_0433,18863.58,INR,credit_card,network_error,2,1,5,27227.43,2026-05-21T03:59:02.123054,3,3,0,0.0
pay_demo_001311,cust_0814,10055.23,INR,credit_card,bank_timeout,1,1,1,5275.61,2026-06-06T23:26:02.123070,23,5,0,0.0
pay_demo_001312,cust_0493,24295.47,INR,debit_card,insufficient_funds,1,18,3,13837.07,2026-07-04T09:23:02.123086,9,5,0,0.0
pay_demo_001313,cust_0270,27384.8,INR,upi,authentication_failed,1,16,2,10449.01,2026-07-11T15:41:02.123116,15,5,0,0.0
pay_demo_001314,cust_0827,43624.16,INR,netbanking,authentication_failed,1,10,4,8254.47,2026-05-26T10:21:02.123133,10,1,0,0.0
pay_demo_001315,cust_0027,48244.73,INR,credit_card,bank_timeout,1,14,0,4048.19,2026-06-13T19:07:02.123152,19,5,1,43523.68
pay_demo_001316,cust_0464,21920.97,INR,upi,network_error,1,16,1,4680.4,2026-03-06T16:13:02.123174,16,4,1,18687.8
pay_demo_001317,cust_0752,37280.87,INR,credit_card,network_error,2,16,0,24107.67,2026-05-27T06:48:02.123191,6,2,1,35567.97
pay_demo_001318,cust_0544,8504.32,INR,credit_card,bank_timeout,1,20,5,25838.75,2026-07-01T01:53:02.123212,1,2,0,0.0
pay_demo_001319,cust_0554,47121.16,INR,netbanking,insufficient_funds,1,12,2,11998.29,2026-04-16T10:05:02.123229,10,3,0,0.0
pay_demo_001320,cust_0488,23506.61,INR,credit_card,authentication_failed,2,0,0,7914.21,2026-04-07T02:43:02.123244,2,1,0,0.0
pay_demo_001321,cust_0214,46168.0,INR,upi,bank_timeout,2,4,1,14687.5,2026-07-17T16:37:02.123263,16,4,1,44688.17
pay_demo_001322,cust_0662,21066.66,INR,credit_card,insufficient_funds,2,2,1,28919.04,2026-06-18T19:05:02.123280,19,3,1,19175.21
pay_demo_001323,cust_0744,37034.82,INR,credit_card,insufficient_funds,1,8,2,817.69,2026-07-28T07:43:02.123299,7,1,1,34391.87
pay_demo_001324,cust_0791,31501.58,INR,netbanking,insufficient_funds,1,9,0,16467.15,2026-03-24T09:53:02.123315,9,1,1,27109.01
pay_demo_001325,cust_0773,45543.21,INR,debit_card,upi_failure,2,1,3,25220.33,2026-06-23T20:22:02.123332,20,1,0,0.0
pay_demo_001326,cust_0478,21410.35,INR,credit_card,authentication_failed,1,15,2,7126.69,2026-08-01T21:16:02.123348,21,5,0,0.0
pay_demo_001327,cust_0618,47994.77,INR,debit_card,insufficient_funds,2,15,5,28915.71,2026-05-12T22:22:02.123364,22,1,1,41552.84
pay_demo_001328,cust_0789,14154.14,INR,debit_card,upi_failure,1,10,3,20175.87,2026-06-24T12:57:02.123381,12,2,1,12058.46
pay_demo_001329,cust_0731,40338.38,INR,credit_card,network_error,1,18,3,20136.04,2026-08-01T01:31:02.123397,1,5,1,37680.11
pay_demo_001330,cust_0858,28367.88,INR,netbanking,bank_timeout,1,18,5,28645.11,2026-04-02T20:55:02.123414,20,3,1,28226.31
pay_demo_001331,cust_0245,18162.9,INR,netbanking,card_declined,2,1,2,19589.11,2026-05-07T09:26:02.123432,9,3,0,0.0
pay_demo_001332,cust_0885,26233.72,INR,netbanking,authentication_failed,2,13,5,27288.4,2026-07-03T05:51:02.123449,5,4,0,0.0
pay_demo_001333,cust_0025,31599.96,INR,debit_card,bank_timeout,1,13,0,22007.19,2026-06-24T12:10:02.123486,12,2,1,30097.44
pay_demo_001334,cust_0361,48684.26,INR,credit_card,upi_failure,1,1,2,14017.03,2026-03-18T15:13:02.123521,15,2,0,0.0
pay_demo_001335,cust_0813,8197.49,INR,debit_card,authentication_failed,1,11,1,25419.24,2026-08-05T13:40:02.123554,13,2,1,7725.81
pay_demo_001336,cust_0758,40296.75,INR,credit_card,upi_failure,2,3,5,3167.76,2026-05-16T13:23:02.123584,13,5,0,0.0
pay_demo_001337,cust_0510,32045.86,INR,netbanking,insufficient_funds,1,15,2,10441.54,2026-05-07T12:14:02.123613,12,3,0,0.0
pay_demo_001338,cust_0164,47973.56,INR,debit_card,bank_timeout,1,18,2,27310.49,2026-03-01T03:27:02.123641,3,6,1,42909.02
pay_demo_001339,cust_0574,27005.07,INR,netbanking,network_error,1,6,0,3171.0,2026-03-27T02:37:02.123671,2,4,1,26406.4
pay_demo_001340,cust_0150,35851.23,INR,debit_card,card_declined,1,12,0,25427.78,2026-06-13T04:26:02.123703,4,5,1,35693.91
pay_demo_001341,cust_0332,49972.06,INR,netbanking,bank_timeout,1,4,5,29783.98,2026-08-21T08:48:02.123733,8,4,0,0.0
pay_demo_001342,cust_0854,34814.94,INR,credit_card,insufficient_funds,2,14,5,24440.0,2026-07-21T23:44:02.123768,23,1,0,0.0
pay_demo_001343,cust_0250,48236.61,INR,netbanking,card_declined,1,17,4,6171.05,2026-07-11T07:25:02.123804,7,5,1,43892.54
pay_demo_001344,cust_0590,44452.49,INR,netbanking,authentication_failed,1,11,2,13223.78,2026-05-26T16:42:02.123837,16,1,0,0.0
pay_demo_001345,cust_0554,17982.29,INR,credit_card,upi_failure,2,7,4,17579.27,2026-08-03T07:17:02.123872,7,0,0,0.0
pay_demo_001346,cust_0488,26860.92,INR,upi,network_error,1,11,5,21213.26,2026-04-08T16:33:02.123903,16,2,1,23916.16
pay_demo_001347,cust_0857,2849.43,INR,netbanking,card_declined,1,2,1,1152.4,2026-05-05T06:21:02.123941,6,1,0,0.0
pay_demo_001348,cust_0059,44812.91,INR,netbanking,authentication_failed,1,11,0,28664.66,2026-06-18T05:46:02.123995,5,3,0,0.0
pay_demo_001349,cust_0971,44847.14,INR,upi,authentication_failed,1,13,5,23048.77,2026-07-24T11:49:02.124047,11,4,1,42572.05
pay_demo_001350,cust_0318,27012.11,INR,debit_card,upi_failure,1,16,3,4754.88,2026-04-11T02:25:02.124083,2,5,1,24234.42
pay_demo_001351,cust_0007,48550.25,INR,upi,authentication_failed,2,18,0,23351.32,2026-08-09T04:58:02.124119,4,6,1,45125.8
pay_demo_001352,cust_0748,8228.12,INR,credit_card,insufficient_funds,3,5,1,1369.88,2026-04-23T00:55:02.124159,0,3,0,0.0
pay_demo_001353,cust_0340,4637.47,INR,netbanking,network_error,2,12,3,11748.08,2026-04-28T19:08:02.124202,19,1,1,4180.65
pay_demo_001354,cust_0099,15697.53,INR,credit_card,authentication_failed,1,8,3,3176.67,2026-06-22T11:50:02.124226,11,0,0,0.0
pay_demo_001355,cust_0233,17689.79,INR,upi,upi_failure,1,3,4,8104.15,2026-03-25T22:27:02.124244,22,2,0,0.0
pay_demo_001356,cust_0061,34198.96,INR,upi,insufficient_funds,1,16,0,637.5,2026-05-21T15:01:02.124261,15,3,0,0.0
pay_demo_001357,cust_0820,45276.22,INR,debit_card,bank_timeout,3,6,5,18815.74,2026-07-12T06:49:02.124281,6,6,0,0.0
pay_demo_001358,cust_1000,17393.35,INR,credit_card,network_error,1,5,3,21337.84,2026-07-13T07:53:02.124300,7,0,1,16909.02
pay_demo_001359,cust_0456,1711.02,INR,upi,network_error,2,3,2,28083.46,2026-07-31T12:19:02.124318,12,4,1,1500.67
pay_demo_001360,cust_0531,8535.79,INR,upi,card_declined,1,4,4,27639.97,2026-05-03T02:27:02.124336,2,6,0,0.0
pay_demo_001361,cust_0852,19564.52,INR,netbanking,bank_timeout,1,2,2,7763.55,2026-07-22T16:10:02.124353,16,2,1,18070.09
pay_demo_001362,cust_0814,20333.38,INR,debit_card,bank_timeout,2,15,5,21375.3,2026-03-29T20:08:02.124371,20,6,1,18868.9
pay_demo_001363,cust_0680,32809.25,INR,netbanking,network_error,1,9,2,4496.53,2026-07-08T14:22:02.124395,14,2,1,29985.94
pay_demo_001364,cust_0446,18977.93,INR,netbanking,bank_timeout,1,10,4,14781.08,2026-05-20T14:31:02.124416,14,2,1,18955.97
pay_demo_001365,cust_0790,14502.26,INR,upi,network_error,2,6,0,9560.04,2026-03-30T00:05:02.124436,0,0,1,13569.64
pay_demo_001366,cust_0178,32118.43,INR,upi,network_error,1,9,3,6053.05,2026-04-12T22:10:02.124454,22,6,0,0.0
pay_demo_001367,cust_0846,34271.44,INR,netbanking,authentication_failed,1,5,4,11439.31,2026-03-02T22:04:02.124476,22,0,0,0.0
pay_demo_001368,cust_0220,5112.81,INR,credit_card,insufficient_funds,2,2,5,6506.44,2026-07-06T05:22:02.124493,5,0,0,0.0
pay_demo_001369,cust_0628,976.52,INR,netbanking,insufficient_funds,2,3,2,639.79,2026-06-27T02:10:02.124513,2,5,0,0.0
pay_demo_001370,cust_0938,41598.94,INR,credit_card,card_declined,2,11,3,1820.33,2026-07-22T04:47:02.124531,4,2,0,0.0
pay_demo_001371,cust_0637,33492.93,INR,netbanking,authentication_failed,1,20,2,6543.85,2026-03-13T00:04:02.124550,0,4,1,29838.59
pay_demo_001372,cust_0707,709.32,INR,netbanking,card_declined,1,6,3,7976.05,2026-08-25T03:18:02.124582,3,1,0,0.0
pay_demo_001373,cust_0405,2281.61,INR,netbanking,insufficient_funds,1,7,0,19309.11,2026-07-29T18:05:02.124610,18,2,1,2210.15
pay_demo_001374,cust_0069,9331.26,INR,debit_card,insufficient_funds,2,8,5,21593.19,2026-03-03T11:44:02.124654,11,1,1,8682.17
pay_demo_001375,cust_0292,42804.3,INR,debit_card,bank_timeout,2,12,1,28531.17,2026-04-07T08:50:02.124682,8,1,1,37199.82
pay_demo_001376,cust_0037,23554.06,INR,upi,bank_timeout,1,12,1,2966.44,2026-03-03T21:47:02.124701,21,1,0,0.0
pay_demo_001377,cust_0447,30842.98,INR,netbanking,authentication_failed,1,19,0,20054.86,2026-04-21T17:13:02.124717,17,1,1,27190.08
pay_demo_001378,cust_0326,2379.14,INR,upi,insufficient_funds,1,8,1,10828.46,2026-07-07T03:59:02.124735,3,1,0,0.0
pay_demo_001379,cust_0401,19125.71,INR,debit_card,network_error,1,5,5,6233.0,2026-03-12T00:34:02.124751,0,3,1,16329.46
pay_demo_001380,cust_0452,3655.27,INR,credit_card,network_error,1,17,1,4729.22,2026-06-07T22:55:02.124768,22,6,1,3482.43
pay_demo_001381,cust_0420,25998.76,INR,upi,network_error,2,10,2,1633.69,2026-08-01T02:48:02.124785,2,5,1,22121.96
pay_demo_001382,cust_0004,28223.04,INR,netbanking,network_error,1,7,5,1538.26,2026-04-10T22:01:02.124805,22,4,1,26736.52
pay_demo_001383,cust_0933,23926.13,INR,netbanking,upi_failure,1,12,3,27352.11,2026-06-28T02:31:02.124826,2,6,1,22535.81
pay_demo_001384,cust_0354,49010.53,INR,netbanking,card_declined,2,4,3,16325.41,2026-05-27T16:53:02.124847,16,2,0,0.0
pay_demo_001385,cust_0294,31927.24,INR,credit_card,card_declined,3,5,2,22330.16,2026-05-09T14:53:02.124864,14,5,0,0.0
pay_demo_001386,cust_0044,23104.62,INR,credit_card,card_declined,1,20,2,6638.98,2026-05-16T10:06:02.124880,10,5,0,0.0
pay_demo_001387,cust_0428,23136.96,INR,netbanking,card_declined,3,14,2,10465.14,2026-03-10T11:54:02.124896,11,1,0,0.0
pay_demo_001388,cust_0741,26590.85,INR,credit_card,insufficient_funds,2,18,1,28466.15,2026-03-12T04:39:02.124914,4,3,1,26193.4
pay_demo_001389,cust_0562,43149.45,INR,netbanking,upi_failure,1,6,3,4669.28,2026-07-31T06:21:02.124931,6,4,0,0.0
pay_demo_001390,cust_0464,15155.95,INR,netbanking,bank_timeout,1,10,4,26752.78,2026-03-12T11:03:02.124947,11,3,1,14059.04
pay_demo_001391,cust_0185,47171.32,INR,upi,authentication_failed,1,18,5,5584.05,2026-03-06T05:13:02.124964,5,4,0,0.0
pay_demo_001392,cust_0160,32133.66,INR,credit_card,insufficient_funds,1,14,1,26106.89,2026-07-25T08:42:02.124981,8,5,0,0.0
pay_demo_001393,cust_0626,46664.41,INR,upi,authentication_failed,1,2,0,1133.25,2026-08-14T13:08:02.124999,13,4,0,0.0
pay_demo_001394,cust_0093,15802.04,INR,debit_card,insufficient_funds,2,6,2,25300.02,2026-05-27T04:04:02.125016,4,2,0,0.0
pay_demo_001395,cust_0324,29255.74,INR,netbanking,card_declined,1,5,2,9445.59,2026-04-06T18:05:02.125031,18,0,0,0.0
pay_demo_001396,cust_0902,7770.44,INR,netbanking,bank_timeout,1,19,3,5169.27,2026-04-08T03:32:02.125047,3,2,0,0.0
pay_demo_001397,cust_0717,49168.49,INR,credit_card,bank_timeout,1,4,3,3363.53,2026-08-17T19:06:02.125063,19,0,1,44602.82
pay_demo_001398,cust_0389,23948.63,INR,upi,network_error,1,11,3,17754.29,2026-07-12T09:05:02.125082,9,6,0,0.0
pay_demo_001399,cust_0021,48520.78,INR,debit_card,upi_failure,3,11,0,5728.45,2026-03-21T14:19:02.125099,14,5,1,44107.44
pay_demo_001400,cust_0154,5726.4,INR,credit_card,authentication_failed,1,2,2,18282.97,2026-04-23T23:23:02.125119,23,3,1,5632.81
pay_demo_001401,cust_0428,49586.75,INR,debit_card,upi_failure,1,8,4,27176.26,2026-08-21T08:42:02.125137,8,4,0,0.0
pay_demo_001402,cust_0928,8510.72,INR,credit_card,authentication_failed,1,14,3,10456.78,2026-06-19T00:14:02.125154,0,4,1,8072.45
pay_demo_001403,cust_0676,4196.16,INR,upi,insufficient_funds,2,19,0,22171.92,2026-08-23T14:38:02.125173,14,6,0,0.0
pay_demo_001404,cust_0205,45245.83,INR,netbanking,card_declined,1,8,5,11566.69,2026-05-26T07:08:02.125190,7,1,0,0.0
pay_demo_001405,cust_0803,21340.81,INR,debit_card,insufficient_funds,2,8,4,6190.65,2026-06-16T15:57:02.125209,15,1,0,0.0
pay_demo_001406,cust_0936,22603.74,INR,upi,authentication_failed,2,16,0,1178.72,2026-07-26T20:47:02.125255,20,6,1,19465.49
pay_demo_001407,cust_0383,3434.97,INR,credit_card,bank_timeout,2,0,5,896.69,2026-06-01T04:58:02.125276,4,0,0,0.0
pay_demo_001408,cust_0160,29221.19,INR,netbanking,authentication_failed,2,3,4,4098.36,2026-02-28T19:50:02.125294,19,5,1,28861.78
pay_demo_001409,cust_0949,4241.55,INR,upi,authentication_failed,3,0,3,23851.99,2026-06-29T17:59:02.125311,17,0,1,4061.48
pay_demo_001410,cust_0397,16156.17,INR,credit_card,card_declined,2,15,4,21335.08,2026-04-29T14:16:02.125328,14,2,0,0.0
pay_demo_001411,cust_0693,29672.24,INR,upi,card_declined,1,0,0,5687.6,2026-07-08T15:53:02.125345,15,2,0,0.0
pay_demo_001412,cust_0900,27191.52,INR,credit_card,authentication_failed,1,2,1,6017.92,2026-06-06T16:52:02.125361,16,5,1,24722.54
pay_demo_001413,cust_0857,29696.95,INR,netbanking,network_error,1,6,3,7903.02,2026-05-31T00:47:02.125380,0,6,1,27605.77
pay_demo_001414,cust_0671,44549.69,INR,debit_card,upi_failure,2,2,0,2352.1,2026-05-31T00:59:02.125396,0,6,1,42009.32
pay_demo_001415,cust_0838,21618.72,INR,netbanking,bank_timeout,3,2,2,17850.09,2026-05-27T01:19:02.125416,1,2,0,0.0
pay_demo_001416,cust_0621,33974.14,INR,upi,network_error,1,10,3,11064.32,2026-04-27T12:31:02.125434,12,0,1,30408.11
pay_demo_001417,cust_0501,15811.04,INR,credit_card,insufficient_funds,1,1,5,10910.4,2026-04-30T09:42:02.125460,9,3,0,0.0
pay_demo_001418,cust_0946,39853.33,INR,netbanking,card_declined,2,14,3,5004.2,2026-05-21T11:01:02.125493,11,3,0,0.0
pay_demo_001419,cust_0895,7143.71,INR,debit_card,card_declined,3,20,1,12282.84,2026-08-24T10:12:02.125512,10,0,1,6948.05
pay_demo_001420,cust_0928,8804.44,INR,credit_card,insufficient_funds,1,12,3,4922.04,2026-06-02T18:01:02.125532,18,1,1,8140.57
pay_demo_001421,cust_0163,15315.4,INR,debit_card,insufficient_funds,1,19,5,15224.54,2026-05-08T18:31:02.125551,18,4,1,15244.41
pay_demo_001422,cust_0062,17797.8,INR,upi,bank_timeout,3,15,4,9034.99,2026-06-28T07:31:02.125568,7,6,0,0.0
pay_demo_001423,cust_0823,10976.91,INR,netbanking,bank_timeout,3,20,1,10488.13,2026-06-09T02:23:02.125586,2,1,1,10036.73
pay_demo_001424,cust_0125,30035.97,INR,debit_card,upi_failure,2,4,2,17177.17,2026-04-28T22:01:02.125604,22,1,0,0.0
pay_demo_001425,cust_0458,18626.42,INR,credit_card,insufficient_funds,2,7,2,19199.21,2026-04-28T15:27:02.125620,15,1,0,0.0
pay_demo_001426,cust_0349,28945.55,INR,debit_card,authentication_failed,1,4,2,23557.06,2026-04-03T16:17:02.125636,16,4,0,0.0
pay_demo_001427,cust_0608,30547.48,INR,credit_card,card_declined,1,0,2,15573.33,2026-08-03T11:14:02.125656,11,0,0,0.0
pay_demo_001428,cust_0152,31255.63,INR,upi,network_error,1,19,5,8347.22,2026-05-04T11:13:02.125673,11,0,0,0.0
pay_demo_001429,cust_0198,39605.82,INR,debit_card,authentication_failed,1,1,3,7774.28,2026-03-18T23:42:02.125688,23,2,0,0.0
pay_demo_001430,cust_0365,41276.87,INR,netbanking,network_error,1,8,2,14798.58,2026-06-08T04:06:02.125705,4,0,1,38405.92
pay_demo_001431,cust_0844,40574.28,INR,credit_card,network_error,1,9,5,2286.61,2026-07-09T07:11:02.125722,7,3,1,37556.34
pay_demo_001432,cust_0255,39577.32,INR,netbanking,authentication_failed,2,0,2,8199.14,2026-07-22T15:01:02.125739,15,2,0,0.0
pay_demo_001433,cust_0030,32651.42,INR,netbanking,bank_timeout,1,4,3,18963.75,2026-04-07T18:24:02.125758,18,1,1,29928.97
pay_demo_001434,cust_0322,5565.69,INR,debit_card,card_declined,1,19,3,8900.5,2026-03-30T19:42:02.125775,19,0,1,5529.04
pay_demo_001435,cust_0127,2810.69,INR,debit_card,network_error,1,4,2,25038.23,2026-05-23T07:01:02.125798,7,5,1,2654.23
pay_demo_001436,cust_0662,16329.43,INR,credit_card,upi_failure,1,1,5,8845.81,2026-04-05T06:00:02.125814,6,6,1,16043.48
pay_demo_001437,cust_0058,36194.28,INR,credit_card,card_declined,1,2,1,4971.31,2026-04-16T18:17:02.125831,18,3,1,32041.06
pay_demo_001438,cust_0773,18143.78,INR,debit_card,upi_failure,1,10,0,15027.44,2026-04-10T22:29:02.125848,22,4,1,16555.35
pay_demo_001439,cust_0809,19920.31,INR,credit_card,network_error,2,6,3,5192.28,2026-06-22T16:47:02.125865,16,0,1,17101.13
pay_demo_001440,cust_0700,27972.69,INR,upi,authentication_failed,2,7,3,1750.65,2026-07-02T16:53:02.125882,16,3,1,27781.44
pay_demo_001441,cust_0141,25129.08,INR,debit_card,card_declined,2,12,0,15552.28,2026-06-14T09:01:02.125900,9,6,1,23883.84
pay_demo_001442,cust_0714,20863.95,INR,upi,bank_timeout,1,1,1,7270.43,2026-04-24T23:40:02.125916,23,4,0,0.0
pay_demo_001443,cust_0719,4215.25,INR,debit_card,network_error,2,5,3,6776.96,2026-04-12T23:04:02.125935,23,6,1,3979.84
pay_demo_001444,cust_0638,14214.57,INR,debit_card,network_error,1,6,4,8060.21,2026-07-08T13:05:02.125952,13,2,1,12637.48
pay_demo_001445,cust_0123,32593.04,INR,netbanking,bank_timeout,1,20,5,15598.25,2026-05-16T17:51:02.125969,17,5,1,28255.04
pay_demo_001446,cust_0397,40270.86,INR,credit_card,insufficient_funds,2,9,5,20389.09,2026-03-29T14:39:02.125986,14,6,1,37031.75
pay_demo_001447,cust_0664,31380.66,INR,debit_card,insufficient_funds,1,9,0,6884.49,2026-07-12T13:49:02.126003,13,6,0,0.0
pay_demo_001448,cust_0512,47350.39,INR,netbanking,authentication_failed,1,12,4,22738.83,2026-04-24T08:27:02.126021,8,4,0,0.0
pay_demo_001449,cust_0612,14410.06,INR,credit_card,bank_timeout,1,0,0,18768.66,2026-08-25T15:03:02.126038,15,1,1,12248.57
pay_demo_001450,cust_0456,19194.76,INR,credit_card,bank_timeout,1,6,5,6128.17,2026-05-11T00:06:02.126055,0,0,1,17388.98
pay_demo_001451,cust_0287,20990.85,INR,upi,upi_failure,2,3,2,4684.22,2026-05-03T17:55:02.126071,17,6,0,0.0
pay_demo_001452,cust_0942,31908.15,INR,upi,card_declined,1,3,0,21881.87,2026-05-03T05:18:02.126088,5,6,1,29789.98
pay_demo_001453,cust_0277,1323.44,INR,netbanking,bank_timeout,2,4,1,2422.15,2026-03-07T12:01:02.126108,12,5,1,1132.3
pay_demo_001454,cust_0443,41556.47,INR,netbanking,insufficient_funds,3,18,0,19870.0,2026-06-17T01:44:02.126125,1,2,0,0.0
pay_demo_001455,cust_0737,24062.72,INR,debit_card,bank_timeout,1,6,1,20845.42,2026-08-27T04:00:02.126141,4,3,0,0.0
pay_demo_001456,cust_0895,28247.96,INR,netbanking,network_error,3,15,1,21609.3,2026-08-15T14:39:02.126157,14,5,1,24385.4
pay_demo_001457,cust_0377,22921.62,INR,netbanking,network_error,1,11,5,16755.21,2026-07-21T13:15:02.126174,13,1,1,21681.49
pay_demo_001458,cust_0417,8863.34,INR,netbanking,upi_failure,1,11,2,4855.18,2026-03-08T08:19:02.126190,8,6,0,0.0
pay_demo_001459,cust_0556,20509.72,INR,netbanking,bank_timeout,1,4,2,27779.21,2026-03-15T09:34:02.126209,9,6,0,0.0
pay_demo_001460,cust_0772,27052.75,INR,credit_card,bank_timeout,1,20,1,18164.38,2026-04-11T03:09:02.126227,3,5,1,26017.15
pay_demo_001461,cust_0872,39977.03,INR,credit_card,insufficient_funds,2,12,0,24791.58,2026-07-30T07:28:02.126244,7,3,1,34232.2
pay_demo_001462,cust_0107,28858.14,INR,debit_card,network_error,1,5,5,7190.08,2026-06-03T08:55:02.126260,8,2,0,0.0
pay_demo_001463,cust_0334,36646.36,INR,debit_card,network_error,2,16,5,24671.15,2026-07-02T05:40:02.126279,5,3,0,0.0
pay_demo_001464,cust_0768,20518.32,INR,upi,insufficient_funds,1,14,1,25113.3,2026-07-10T02:02:02.126295,2,4,0,0.0
pay_demo_001465,cust_0915,39720.98,INR,upi,card_declined,1,2,5,28528.26,2026-06-27T11:43:02.126311,11,5,0,0.0
pay_demo_001466,cust_0846,10620.35,INR,upi,insufficient_funds,1,0,2,4071.73,2026-07-11T02:58:02.126327,2,5,0,0.0
pay_demo_001467,cust_0069,12821.01,INR,upi,card_declined,2,12,0,21085.65,2026-06-12T13:38:02.126345,13,4,1,11618.88
pay_demo_001468,cust_0312,21540.49,INR,netbanking,authentication_failed,1,1,5,14994.34,2026-08-19T08:42:02.126362,8,2,0,0.0
pay_demo_001469,cust_0360,1745.81,INR,netbanking,card_declined,2,3,3,20813.44,2026-03-22T12:19:02.126380,12,6,0,0.0
pay_demo_001470,cust_0503,49732.99,INR,netbanking,bank_timeout,3,2,3,7938.61,2026-08-04T21:47:02.126397,21,1,1,47676.12
pay_demo_001471,cust_0733,31638.68,INR,upi,card_declined,1,10,1,18306.46,2026-04-29T22:42:02.126416,22,2,0,0.0
pay_demo_001472,cust_0318,27720.76,INR,netbanking,insufficient_funds,1,3,0,20672.8,2026-03-29T02:13:02.126431,2,6,0,0.0
pay_demo_001473,cust_0029,46789.8,INR,netbanking,bank_timeout,1,14,2,21065.37,2026-05-20T06:21:02.126450,6,2,1,44855.02
pay_demo_001474,cust_0260,29365.92,INR,netbanking,insufficient_funds,2,9,1,1674.59,2026-03-27T13:35:02.126467,13,4,1,25444.14
pay_demo_001475,cust_0159,48434.53,INR,upi,insufficient_funds,1,7,0,11925.46,2026-03-13T18:13:02.126485,18,4,1,43906.29
pay_demo_001476,cust_0310,9297.35,INR,debit_card,authentication_failed,1,15,1,21557.92,2026-03-01T20:56:02.126502,20,6,1,8132.07
pay_demo_001477,cust_0136,37069.75,INR,upi,card_declined,1,13,0,21398.06,2026-03-03T12:22:02.126520,12,1,0,0.0
pay_demo_001478,cust_0557,5495.14,INR,netbanking,bank_timeout,1,17,5,12956.53,2026-08-11T21:46:02.126536,21,1,1,5394.4
pay_demo_001479,cust_0681,18010.6,INR,netbanking,network_error,2,4,0,1211.22,2026-08-05T05:51:02.126553,5,2,1,17104.6
pay_demo_001480,cust_0457,33061.13,INR,debit_card,network_error,1,2,5,5972.55,2026-05-14T20:27:02.126583,20,3,1,28299.12
pay_demo_001481,cust_0208,7539.88,INR,credit_card,authentication_failed,2,0,2,2269.82,2026-08-24T20:29:02.126602,20,0,0,0.0
pay_demo_001482,cust_0682,13441.2,INR,upi,upi_failure,2,4,2,27661.58,2026-04-27T17:50:02.126620,17,0,1,12763.84
pay_demo_001483,cust_0490,24040.97,INR,upi,insufficient_funds,1,20,5,16471.38,2026-08-09T19:20:02.126641,19,6,0,0.0
pay_demo_001484,cust_0131,42920.71,INR,credit_card,bank_timeout,1,2,4,5359.62,2026-03-20T10:09:02.126661,10,4,0,0.0
pay_demo_001485,cust_0641,18213.78,INR,credit_card,upi_failure,1,13,0,26184.73,2026-05-18T23:50:02.126676,23,0,1,17316.72
pay_demo_001486,cust_0954,18809.38,INR,netbanking,network_error,2,7,5,27271.48,2026-04-27T04:12:02.126693,4,0,0,0.0
pay_demo_001487,cust_0522,44459.46,INR,credit_card,insufficient_funds,1,9,3,23306.43,2026-05-09T05:01:02.126711,5,5,1,40573.59
pay_demo_001488,cust_0576,4425.16,INR,credit_card,authentication_failed,1,8,3,8784.59,2026-03-14T13:43:02.126728,13,5,1,4316.52
pay_demo_001489,cust_0620,16488.97,INR,debit_card,card_declined,1,12,5,17892.05,2026-04-06T02:24:02.126749,2,0,0,0.0
pay_demo_001490,cust_0614,33118.24,INR,credit_card,card_declined,1,15,2,16215.8,2026-03-23T03:58:02.126766,3,0,0,0.0
pay_demo_001491,cust_0258,31530.24,INR,debit_card,upi_failure,1,7,2,27841.19,2026-06-06T16:26:02.126784,16,5,0,0.0
pay_demo_001492,cust_0196,17555.96,INR,debit_card,insufficient_funds,2,16,5,12640.41,2026-06-21T04:35:02.126800,4,6,0,0.0
pay_demo_001493,cust_0686,33023.73,INR,credit_card,authentication_failed,1,11,5,16511.89,2026-06-06T17:11:02.126819,17,5,0,0.0
pay_demo_001494,cust_0474,29171.1,INR,credit_card,bank_timeout,2,9,5,7787.3,2026-03-27T03:09:02.126835,3,4,0,0.0
pay_demo_001495,cust_0346,9317.28,INR,netbanking,upi_failure,1,15,5,8486.84,2026-04-04T09:28:02.126851,9,5,1,8396.83
pay_demo_001496,cust_0261,30377.99,INR,debit_card,bank_timeout,3,17,3,596.38,2026-07-10T15:03:02.126867,15,4,1,28077.11
pay_demo_001497,cust_0958,49544.52,INR,debit_card,network_error,1,6,2,2004.29,2026-05-10T03:31:02.126887,3,6,0,0.0
pay_demo_001498,cust_0610,5582.34,INR,netbanking,card_declined,1,4,1,4126.04,2026-08-14T22:08:02.126902,22,4,0,0.0
pay_demo_001499,cust_0072,14012.33,INR,debit_card,insufficient_funds,2,13,1,1678.15,2026-03-11T05:59:02.126918,5,2,0,0.0
pay_demo_001500,cust_0011,5749.32,INR,debit_card,upi_failure,1,7,1,18740.2,2026-04-03T15:03:02.126934,15,4,1,5363.5
pay_demo_001501,cust_0861,11970.84,INR,upi,network_error,1,7,1,24268.45,2026-05-21T17:28:02.126952,17,3,1,11281.85
pay_demo_001502,cust_0978,8187.71,INR,debit_card,card_declined,1,7,3,7018.72,2026-05-02T04:52:02.126970,4,5,1,8054.93
pay_demo_001503,cust_0940,11173.01,INR,upi,bank_timeout,1,9,3,17599.31,2026-03-27T11:34:02.126989,11,4,1,9854.69
pay_demo_001504,cust_0103,42394.65,INR,netbanking,authentication_failed,1,4,5,26699.49,2026-03-23T12:01:02.127006,12,0,0,0.0
pay_demo_001505,cust_0555,38299.78,INR,credit_card,authentication_failed,1,16,2,10001.36,2026-04-22T07:23:02.127022,7,2,1,34783.29
pay_demo_001506,cust_0453,30406.39,INR,debit_card,insufficient_funds,2,19,5,20656.71,2026-07-15T11:49:02.127039,11,2,0,0.0
pay_demo_001507,cust_0224,15847.75,INR,netbanking,upi_failure,1,9,1,11693.6,2026-04-29T23:19:02.127055,23,2,0,0.0
pay_demo_001508,cust_0958,28252.79,INR,upi,card_declined,2,0,3,17363.87,2026-05-27T12:01:02.127075,12,2,0,0.0
pay_demo_001509,cust_0503,21927.33,INR,netbanking,card_declined,1,8,2,7242.43,2026-05-26T15:32:02.127092,15,1,1,19158.23
pay_demo_001510,cust_0225,42711.62,INR,credit_card,bank_timeout,3,11,0,22940.95,2026-08-04T01:04:02.127110,1,1,0,0.0
pay_demo_001511,cust_0163,4800.36,INR,upi,upi_failure,1,8,3,4896.37,2026-07-22T10:45:02.127126,10,2,1,4707.48
pay_demo_001512,cust_0191,11608.62,INR,debit_card,insufficient_funds,1,7,0,18817.87,2026-04-03T03:12:02.127145,3,4,1,11232.96
pay_demo_001513,cust_0977,43366.99,INR,credit_card,upi_failure,1,13,1,7469.23,2026-07-08T04:17:02.127164,4,2,1,37363.14
pay_demo_001514,cust_0792,5255.21,INR,credit_card,network_error,1,14,4,22945.38,2026-07-13T19:28:02.127181,19,0,0,0.0
pay_demo_001515,cust_0955,9502.97,INR,upi,upi_failure,2,8,4,24492.52,2026-04-21T07:05:02.127197,7,1,0,0.0
pay_demo_001516,cust_0059,19811.52,INR,credit_card,bank_timeout,1,4,1,25919.8,2026-05-25T05:12:02.127213,5,0,1,17669.73
pay_demo_001517,cust_0252,22856.22,INR,upi,authentication_failed,1,20,4,22758.15,2026-08-10T11:54:02.127229,11,0,1,19429.75
pay_demo_001518,cust_0472,26538.87,INR,netbanking,authentication_failed,2,17,4,21923.93,2026-04-15T09:21:02.127246,9,2,0,0.0
pay_demo_001519,cust_0966,26078.88,INR,netbanking,upi_failure,1,13,1,15343.0,2026-04-22T19:11:02.127266,19,2,0,0.0
pay_demo_001520,cust_0038,10503.27,INR,debit_card,upi_failure,1,13,3,11590.35,2026-05-24T23:42:02.127283,23,6,0,0.0
pay_demo_001521,cust_0499,10095.4,INR,upi,insufficient_funds,1,20,1,13773.24,2026-03-29T00:54:02.127298,0,6,1,9563.99
pay_demo_001522,cust_0310,19938.77,INR,credit_card,bank_timeout,2,14,2,14859.89,2026-04-30T01:33:02.127319,1,3,1,18059.24
pay_demo_001523,cust_0210,23272.31,INR,netbanking,bank_timeout,1,4,5,27721.03,2026-06-13T12:59:02.127338,12,5,1,21005.2
pay_demo_001524,cust_0932,19450.53,INR,netbanking,bank_timeout,1,11,4,16772.4,2026-08-17T08:58:02.127356,8,0,1,17561.35
pay_demo_001525,cust_0199,15655.02,INR,credit_card,bank_timeout,3,4,5,21477.6,2026-06-19T23:01:02.127374,23,4,0,0.0
pay_demo_001526,cust_0522,11090.95,INR,debit_card,bank_timeout,1,10,4,14078.58,2026-03-21T13:44:02.127390,13,5,1,10039.47
pay_demo_001527,cust_0821,25946.48,INR,upi,card_declined,2,13,4,1566.6,2026-04-09T00:15:02.127412,0,3,0,0.0
pay_demo_001528,cust_0580,25396.2,INR,credit_card,card_declined,1,14,5,21815.03,2026-06-20T19:53:02.127430,19,5,0,0.0
pay_demo_001529,cust_0781,45766.74,INR,upi,network_error,1,12,1,1735.8,2026-06-11T23:54:02.127446,23,3,1,40236.93
pay_demo_001530,cust_0583,9844.48,INR,credit_card,card_declined,1,8,1,516.73,2026-08-11T18:08:02.127464,18,1,0,0.0
pay_demo_001531,cust_0039,13422.28,INR,netbanking,bank_timeout,1,5,5,15057.73,2026-08-07T02:33:02.127480,2,4,0,0.0
pay_demo_001532,cust_0832,44990.38,INR,debit_card,card_declined,3,8,4,16977.77,2026-06-04T03:20:02.127497,3,3,0,0.0
pay_demo_001533,cust_0335,26430.12,INR,debit_card,network_error,2,7,1,24540.49,2026-05-08T08:45:02.127519,8,4,0,0.0
pay_demo_001534,cust_0337,47009.01,INR,debit_card,card_declined,3,12,0,28586.96,2026-06-12T15:56:02.127536,15,4,0,0.0
pay_demo_001535,cust_0844,7569.0,INR,credit_card,insufficient_funds,2,7,3,27202.65,2026-08-02T01:28:02.127552,1,6,1,7007.96
pay_demo_001536,cust_0423,37177.67,INR,netbanking,network_error,1,2,1,5292.14,2026-04-26T02:58:02.127569,2,6,0,0.0
pay_demo_001537,cust_0794,15835.06,INR,upi,card_declined,1,13,1,12719.58,2026-08-20T13:39:02.127585,13,3,1,13740.62
pay_demo_001538,cust_0242,24428.69,INR,netbanking,card_declined,1,12,3,25558.78,2026-06-15T16:23:02.127603,16,0,1,23712.43
pay_demo_001539,cust_0345,8127.76,INR,debit_card,network_error,1,2,0,2921.8,2026-08-25T19:28:02.127619,19,1,1,7431.06
pay_demo_001540,cust_0919,4797.29,INR,credit_card,bank_timeout,1,5,0,4437.76,2026-05-26T02:19:02.127636,2,1,1,4738.34
pay_demo_001541,cust_0717,17991.07,INR,upi,bank_timeout,1,9,2,3449.15,2026-03-31T22:00:02.127653,22,1,1,16950.37
pay_demo_001542,cust_0842,46143.05,INR,credit_card,card_declined,2,15,0,8386.24,2026-06-14T04:09:02.127670,4,6,0,0.0
pay_demo_001543,cust_0539,3769.83,INR,debit_card,insufficient_funds,1,19,2,5143.12,2026-03-01T07:56:02.127689,7,6,0,0.0
pay_demo_001544,cust_0509,30402.88,INR,debit_card,bank_timeout,1,10,5,5302.79,2026-04-28T09:40:02.127705,9,1,0,0.0
pay_demo_001545,cust_0975,25542.02,INR,debit_card,authentication_failed,2,12,3,24305.49,2026-06-28T14:20:02.127721,14,6,0,0.0
pay_demo_001546,cust_0335,10685.25,INR,netbanking,insufficient_funds,2,1,0,2233.07,2026-07-28T19:56:02.127737,19,1,0,0.0
pay_demo_001547,cust_0460,6480.27,INR,upi,upi_failure,2,10,4,7557.99,2026-04-26T10:36:02.127753,10,6,1,5627.42
pay_demo_001548,cust_0660,33479.81,INR,debit_card,authentication_failed,1,15,5,1498.17,2026-07-18T11:50:02.127770,11,5,0,0.0
pay_demo_001549,cust_0354,3489.56,INR,upi,upi_failure,1,15,3,19920.72,2026-05-18T01:07:02.127786,1,0,1,3135.5
pay_demo_001550,cust_0137,40825.9,INR,netbanking,authentication_failed,1,18,5,5926.88,2026-07-16T15:36:02.127803,15,3,0,0.0
pay_demo_001551,cust_0096,24447.33,INR,debit_card,insufficient_funds,1,4,1,15627.14,2026-04-23T15:04:02.127820,15,3,1,21521.92
pay_demo_001552,cust_0185,21009.94,INR,upi,authentication_failed,1,10,4,11504.2,2026-08-27T20:32:02.127837,20,3,1,20290.04
pay_demo_001553,cust_0993,25153.63,INR,credit_card,insufficient_funds,1,16,2,16160.64,2026-04-14T05:23:02.127857,5,1,1,24876.61
pay_demo_001554,cust_0202,21859.9,INR,upi,card_declined,3,18,4,9060.7,2026-05-03T22:44:02.127879,22,6,0,0.0
pay_demo_001555,cust_0341,1092.16,INR,upi,card_declined,2,13,3,27466.1,2026-03-25T05:48:02.127897,5,2,1,1079.56
pay_demo_001556,cust_0855,29626.5,INR,netbanking,upi_failure,1,20,0,24593.72,2026-03-09T05:46:02.127920,5,0,1,26937.06
pay_demo_001557,cust_0005,26630.99,INR,upi,insufficient_funds,3,14,1,12210.92,2026-05-09T22:58:02.127940,22,5,1,25841.61
pay_demo_001558,cust_0281,26855.83,INR,netbanking,bank_timeout,1,20,2,23182.58,2026-03-11T22:31:02.127961,22,2,1,26810.99
pay_demo_001559,cust_0219,26797.68,INR,debit_card,bank_timeout,2,12,4,21908.78,2026-07-13T06:21:02.127978,6,0,0,0.0
pay_demo_001560,cust_0206,907.73,INR,netbanking,bank_timeout,1,7,3,1110.38,2026-07-25T00:16:02.127993,0,5,0,0.0
pay_demo_001561,cust_0265,8617.33,INR,debit_card,authentication_failed,1,5,3,6520.75,2026-07-17T12:56:02.128010,12,4,1,8313.69
pay_demo_001562,cust_0296,15612.72,INR,upi,bank_timeout,3,3,0,28630.77,2026-08-11T15:51:02.128027,15,1,0,0.0
pay_demo_001563,cust_0117,38292.03,INR,debit_card,bank_timeout,1,17,3,15568.0,2026-04-26T02:23:02.128046,2,6,0,0.0
pay_demo_001564,cust_0285,39317.75,INR,debit_card,bank_timeout,1,12,1,16586.48,2026-06-24T01:01:02.128064,1,2,1,38792.39
pay_demo_001565,cust_0636,40257.89,INR,upi,bank_timeout,1,10,1,15901.56,2026-03-04T06:50:02.128080,6,2,0,0.0
pay_demo_001566,cust_0491,49557.45,INR,debit_card,bank_timeout,1,12,3,3555.3,2026-04-18T11:49:02.128098,11,5,0,0.0
pay_demo_001567,cust_0172,9669.16,INR,netbanking,network_error,2,2,5,7189.16,2026-03-12T08:27:02.128116,8,3,1,9336.79
pay_demo_001568,cust_0397,16246.26,INR,debit_card,insufficient_funds,2,1,3,6048.38,2026-04-03T13:01:02.128134,13,4,0,0.0
pay_demo_001569,cust_0681,46709.22,INR,debit_card,card_declined,2,0,2,25929.2,2026-08-06T19:09:02.128152,19,3,0,0.0
pay_demo_001570,cust_0099,29813.49,INR,upi,network_error,1,15,4,29886.0,2026-06-01T20:23:02.128170,20,0,1,28967.51
pay_demo_001571,cust_0806,41794.29,INR,debit_card,insufficient_funds,1,13,2,1648.69,2026-07-31T22:43:02.128188,22,4,0,0.0
pay_demo_001572,cust_0681,48211.08,INR,credit_card,authentication_failed,1,12,1,8779.71,2026-05-14T21:29:02.128203,21,3,0,0.0
pay_demo_001573,cust_0373,3940.56,INR,debit_card,authentication_failed,1,0,0,29446.99,2026-06-05T18:17:02.128221,18,4,1,3404.49
pay_demo_001574,cust_0141,46584.23,INR,upi,upi_failure,1,8,2,9890.2,2026-07-27T18:26:02.128241,18,0,0,0.0
pay_demo_001575,cust_0218,29194.96,INR,upi,insufficient_funds,1,9,4,22767.8,2026-08-07T01:27:02.128257,1,4,1,28911.23
pay_demo_001576,cust_0892,34586.01,INR,debit_card,network_error,1,3,3,22692.91,2026-08-17T14:04:02.128277,14,0,1,33952.9
pay_demo_001577,cust_0096,32963.3,INR,debit_card,authentication_failed,1,2,0,28495.02,2026-03-30T23:56:02.128293,23,0,0,0.0
pay_demo_001578,cust_0913,23953.46,INR,netbanking,upi_failure,1,3,2,5184.8,2026-04-06T16:57:02.128309,16,0,1,21560.74
pay_demo_001579,cust_0190,32494.59,INR,upi,authentication_failed,2,15,1,21998.09,2026-07-26T18:15:02.128326,18,6,1,32286.42
pay_demo_001580,cust_0885,34185.92,INR,credit_card,card_declined,1,16,2,17512.38,2026-07-10T08:27:02.128343,8,4,0,0.0
pay_demo_001581,cust_0244,3156.71,INR,credit_card,network_error,1,6,4,9134.84,2026-07-24T11:25:02.128360,11,4,1,2878.07
pay_demo_001582,cust_0593,14525.61,INR,credit_card,network_error,2,3,5,12896.61,2026-03-15T04:31:02.128376,4,6,0,0.0
pay_demo_001583,cust_0002,48895.23,INR,netbanking,network_error,1,8,5,4281.64,2026-07-11T03:25:02.128394,3,5,0,0.0
pay_demo_001584,cust_0123,48365.28,INR,credit_card,insufficient_funds,2,7,1,22473.96,2026-08-09T02:37:02.128412,2,6,0,0.0
pay_demo_001585,cust_0137,48267.95,INR,debit_card,bank_timeout,1,20,1,21658.48,2026-03-02T23:36:02.128432,23,0,1,41802.12
pay_demo_001586,cust_0212,22464.31,INR,credit_card,authentication_failed,1,3,2,10090.79,2026-05-14T11:20:02.128455,11,3,0,0.0
pay_demo_001587,cust_0532,34079.66,INR,netbanking,authentication_failed,1,20,1,6600.05,2026-05-29T17:07:02.128471,17,4,1,32371.54
pay_demo_001588,cust_0970,33182.72,INR,netbanking,card_declined,2,13,0,7937.28,2026-05-09T09:52:02.128490,9,5,0,0.0
pay_demo_001589,cust_0063,39113.38,INR,upi,authentication_failed,1,9,1,12695.43,2026-06-15T19:44:02.128506,19,0,0,0.0
pay_demo_001590,cust_0287,9017.59,INR,upi,card_declined,2,16,0,17801.29,2026-05-30T14:21:02.128523,14,5,0,0.0
pay_demo_001591,cust_0230,22577.28,INR,debit_card,card_declined,3,8,1,14670.33,2026-05-07T20:01:02.128538,20,3,0,0.0
pay_demo_001592,cust_0800,11874.16,INR,netbanking,card_declined,1,17,4,19435.71,2026-07-21T20:45:02.128554,20,1,0,0.0
pay_demo_001593,cust_0739,18667.54,INR,debit_card,authentication_failed,1,16,2,22518.89,2026-08-22T21:26:02.128585,21,5,0,0.0
pay_demo_001594,cust_0981,44263.47,INR,credit_card,upi_failure,1,7,5,27975.46,2026-03-23T05:11:02.128604,5,0,0,0.0
pay_demo_001595,cust_0947,26589.98,INR,credit_card,authentication_failed,1,16,0,4898.34,2026-08-22T13:13:02.128620,13,5,1,25352.1
pay_demo_001596,cust_0568,21102.36,INR,debit_card,bank_timeout,1,5,0,22112.26,2026-05-11T15:18:02.128637,15,0,1,20483.83
pay_demo_001597,cust_0601,10133.44,INR,netbanking,authentication_failed,2,19,4,17138.65,2026-08-03T11:32:02.128656,11,0,0,0.0
pay_demo_001598,cust_0640,9974.18,INR,credit_card,upi_failure,1,10,2,14405.82,2026-06-27T06:41:02.128672,6,5,0,0.0
pay_demo_001599,cust_0505,11533.37,INR,upi,authentication_failed,1,18,1,7323.48,2026-08-16T17:33:02.128688,17,6,1,10516.75
pay_demo_001600,cust_0757,3815.68,INR,netbanking,authentication_failed,1,6,1,11440.87,2026-08-18T16:02:02.128705,16,1,1,3768.86
pay_demo_001601,cust_0419,6189.82,INR,debit_card,authentication_failed,1,14,1,3257.75,2026-06-28T04:55:02.128724,4,6,1,5348.17
pay_demo_001602,cust_0257,39596.76,INR,credit_card,bank_timeout,1,8,4,5427.61,2026-03-02T01:02:02.128741,1,0,1,39158.59
pay_demo_001603,cust_0502,40889.86,INR,credit_card,card_declined,2,3,0,15359.16,2026-06-30T05:45:02.128762,5,1,0,0.0
pay_demo_001604,cust_0001,21469.86,INR,debit_card,upi_failure,2,17,5,5346.68,2026-08-03T03:26:02.128779,3,0,0,0.0
pay_demo_001605,cust_0022,33431.47,INR,credit_card,insufficient_funds,2,7,5,1833.52,2026-07-13T17:10:02.128795,17,0,0,0.0
pay_demo_001606,cust_0215,10042.7,INR,debit_card,card_declined,1,14,1,18750.06,2026-08-19T20:16:02.128810,20,2,0,0.0
pay_demo_001607,cust_0935,36258.28,INR,debit_card,authentication_failed,2,9,5,13238.76,2026-03-04T21:09:02.128826,21,2,0,0.0
pay_demo_001608,cust_0923,8121.63,INR,netbanking,bank_timeout,1,1,4,5665.32,2026-05-12T20:57:02.128842,20,1,1,7834.63
pay_demo_001609,cust_0217,3846.01,INR,netbanking,bank_timeout,1,5,2,21554.06,2026-04-07T02:29:02.128858,2,1,0,0.0
pay_demo_001610,cust_0973,45065.51,INR,debit_card,card_declined,1,19,4,19985.24,2026-07-03T09:35:02.128874,9,4,0,0.0
pay_demo_001611,cust_0177,30625.25,INR,netbanking,upi_failure,1,19,1,27823.29,2026-08-22T17:37:02.128890,17,5,1,27389.08
pay_demo_001612,cust_0792,26865.3,INR,upi,network_error,1,4,0,7277.27,2026-03-01T06:08:02.128906,6,6,0,0.0
pay_demo_001613,cust_0116,28091.23,INR,netbanking,authentication_failed,1,4,0,15779.66,2026-04-12T16:11:02.128924,16,6,0,0.0
pay_demo_001614,cust_0130,12176.05,INR,upi,network_error,2,17,0,7624.09,2026-04-08T21:41:02.128940,21,2,0,0.0
pay_demo_001615,cust_0538,26970.81,INR,debit_card,upi_failure,1,4,1,1798.55,2026-04-24T17:54:02.128955,17,4,0,0.0
pay_demo_001616,cust_0823,39543.4,INR,upi,network_error,1,14,0,12952.61,2026-03-18T06:57:02.128971,6,2,1,37987.81
pay_demo_001617,cust_0330,23152.78,INR,debit_card,upi_failure,1,0,0,23371.48,2026-03-04T23:07:02.128988,23,2,1,22491.53
pay_demo_001618,cust_0032,4364.96,INR,credit_card,authentication_failed,2,18,0,2937.66,2026-07-10T08:11:02.129006,8,4,1,3774.55
pay_demo_001619,cust_0803,44735.86,INR,debit_card,bank_timeout,2,19,0,21717.15,2026-05-29T13:38:02.129023,13,4,1,42536.05
pay_demo_001620,cust_0814,45730.1,INR,debit_card,upi_failure,1,2,4,24476.59,2026-03-27T02:26:02.129042,2,4,1,42574.81
pay_demo_001621,cust_0295,24658.73,INR,upi,insufficient_funds,1,9,4,18838.82,2026-08-17T13:38:02.129059,13,0,1,22694.2
pay_demo_001622,cust_0520,21847.56,INR,upi,bank_timeout,1,0,5,8207.92,2026-06-26T11:40:02.129076,11,4,1,20656.87
pay_demo_001623,cust_0091,18201.04,INR,debit_card,network_error,1,12,4,4126.8,2026-05-14T19:11:02.129094,19,3,1,16206.41
pay_demo_001624,cust_0234,49535.24,INR,debit_card,authentication_failed,1,9,1,23661.63,2026-05-23T01:00:02.129111,1,5,0,0.0
pay_demo_001625,cust_0566,35771.55,INR,netbanking,bank_timeout,1,7,3,18262.02,2026-03-23T06:33:02.129129,6,0,0,0.0
pay_demo_001626,cust_0633,17882.84,INR,upi,network_error,2,16,1,4210.12,2026-08-12T15:11:02.129145,15,2,1,15326.45
pay_demo_001627,cust_0126,43289.52,INR,debit_card,network_error,1,17,4,22285.93,2026-06-22T03:16:02.129162,3,0,0,0.0
pay_demo_001628,cust_0265,48115.17,INR,credit_card,network_error,2,15,1,15712.07,2026-05-23T01:14:02.129177,1,5,0,0.0
pay_demo_001629,cust_0193,26510.4,INR,upi,card_declined,1,4,5,2433.15,2026-03-02T11:23:02.129192,11,0,0,0.0
pay_demo_001630,cust_0695,14898.53,INR,credit_card,network_error,1,9,3,9278.81,2026-08-22T16:06:02.129208,16,5,1,13601.91
pay_demo_001631,cust_0735,6699.42,INR,netbanking,insufficient_funds,1,8,0,14127.98,2026-08-17T11:44:02.129224,11,0,1,6644.6
pay_demo_001632,cust_0647,19616.07,INR,debit_card,upi_failure,2,1,1,12396.74,2026-06-30T00:19:02.129241,0,1,0,0.0
pay_demo_001633,cust_0378,17128.55,INR,credit_card,upi_failure,1,0,5,2995.9,2026-05-23T14:36:02.129259,14,5,1,16594.38
pay_demo_001634,cust_0884,14671.92,INR,upi,insufficient_funds,2,11,1,16904.66,2026-04-21T07:51:02.129277,7,1,1,14298.7
pay_demo_001635,cust_0283,16711.25,INR,credit_card,card_declined,1,1,5,20803.59,2026-08-18T14:19:02.129293,14,1,0,0.0
pay_demo_001636,cust_0655,3064.67,INR,debit_card,insufficient_funds,1,6,1,29107.09,2026-05-29T17:09:02.129309,17,4,1,2846.87
pay_demo_001637,cust_0602,15890.68,INR,upi,card_declined,2,4,0,3156.7,2026-03-27T09:29:02.129326,9,4,1,14618.91
pay_demo_001638,cust_0900,39411.18,INR,upi,network_error,3,7,4,3196.85,2026-03-07T17:31:02.129343,17,5,1,34781.05
pay_demo_001639,cust_0415,32272.61,INR,credit_card,bank_timeout,2,1,5,2766.8,2026-08-06T04:14:02.129364,4,3,0,0.0
pay_demo_001640,cust_0518,24933.99,INR,debit_card,card_declined,1,16,3,23477.94,2026-04-16T00:02:02.129383,0,3,1,24603.03
pay_demo_001641,cust_0214,41053.37,INR,upi,network_error,1,13,0,16717.34,2026-03-28T07:03:02.129400,7,5,0,0.0
pay_demo_001642,cust_0014,12370.41,INR,netbanking,upi_failure,1,15,2,22013.2,2026-03-28T20:16:02.129416,20,5,1,12199.58
pay_demo_001643,cust_0939,353.09,INR,credit_card,card_declined,1,11,1,26633.58,2026-08-08T14:24:02.129436,14,5,0,0.0
pay_demo_001644,cust_0073,40463.98,INR,debit_card,bank_timeout,1,7,1,12211.56,2026-04-27T13:09:02.129452,13,0,1,34554.48
pay_demo_001645,cust_0143,37874.76,INR,netbanking,insufficient_funds,1,5,1,18393.77,2026-04-20T19:58:02.129469,19,0,0,0.0
pay_demo_001646,cust_0246,22674.34,INR,debit_card,upi_failure,1,2,2,28046.45,2026-03-02T00:08:02.129484,0,0,1,21758.5
pay_demo_001647,cust_0134,26080.08,INR,netbanking,authentication_failed,1,11,5,1127.0,2026-06-02T16:31:02.129501,16,1,0,0.0
pay_demo_001648,cust_0959,19895.73,INR,netbanking,authentication_failed,1,3,0,22517.12,2026-05-11T00:00:02.129517,0,0,1,19728.15
pay_demo_001649,cust_0896,49514.86,INR,credit_card,upi_failure,1,19,0,24636.08,2026-08-21T11:53:02.129535,11,4,0,0.0
pay_demo_001650,cust_0702,22890.31,INR,debit_card,authentication_failed,1,5,1,7993.79,2026-06-01T12:59:02.129551,12,0,0,0.0
pay_demo_001651,cust_0838,21603.71,INR,credit_card,card_declined,1,15,5,25499.24,2026-05-11T06:21:02.129567,6,0,0,0.0
pay_demo_001652,cust_0925,7301.27,INR,credit_card,network_error,2,9,5,28912.31,2026-07-29T16:43:02.129582,16,2,0,0.0
pay_demo_001653,cust_0918,27815.63,INR,netbanking,insufficient_funds,1,7,3,25953.59,2026-04-09T00:05:02.129601,0,3,0,0.0
pay_demo_001654,cust_0542,6997.46,INR,upi,insufficient_funds,1,11,4,21853.79,2026-08-14T20:20:02.129617,20,4,0,0.0
pay_demo_001655,cust_0380,22686.39,INR,upi,network_error,2,16,2,29799.12,2026-04-01T01:58:02.129632,1,2,1,22016.98
pay_demo_001656,cust_0293,28789.56,INR,upi,authentication_failed,3,8,4,24316.08,2026-05-16T04:17:02.129648,4,5,0,0.0
pay_demo_001657,cust_0587,31264.02,INR,netbanking,network_error,1,12,5,9244.14,2026-04-08T03:24:02.129664,3,2,0,0.0
pay_demo_001658,cust_0778,30095.47,INR,netbanking,bank_timeout,2,9,1,16290.31,2026-05-26T05:38:02.129680,5,1,1,28455.76
pay_demo_001659,cust_0583,12560.4,INR,debit_card,network_error,1,0,4,26676.48,2026-04-04T04:12:02.129696,4,5,0,0.0
pay_demo_001660,cust_0999,42870.36,INR,credit_card,insufficient_funds,1,7,2,23525.58,2026-05-09T11:26:02.129713,11,5,1,40039.94
pay_demo_001661,cust_0961,2927.67,INR,upi,network_error,1,12,5,3972.64,2026-05-13T23:21:02.129733,23,2,0,0.0
pay_demo_001662,cust_0453,8860.95,INR,credit_card,upi_failure,1,7,4,18398.57,2026-06-05T02:20:02.129749,2,4,1,8332.48
pay_demo_001663,cust_0371,32579.44,INR,credit_card,authentication_failed,2,0,2,24926.4,2026-05-31T10:06:02.129767,10,6,1,30935.4
pay_demo_001664,cust_0146,45131.98,INR,netbanking,upi_failure,1,4,3,17920.11,2026-05-28T06:19:02.129786,6,3,1,39354.72
pay_demo_001665,cust_0677,13448.72,INR,netbanking,network_error,1,13,5,2647.72,2026-07-03T23:27:02.129806,23,4,1,12403.61
pay_demo_001666,cust_0437,5092.99,INR,credit_card,insufficient_funds,2,10,4,10437.15,2026-07-28T15:09:02.129828,15,1,0,0.0
pay_demo_001667,cust_0197,38905.49,INR,netbanking,network_error,1,18,2,25568.02,2026-06-19T03:05:02.129847,3,4,1,33306.38
pay_demo_001668,cust_0031,41659.99,INR,credit_card,card_declined,2,0,0,20197.63,2026-04-18T10:24:02.129865,10,5,0,0.0
pay_demo_001669,cust_0401,45385.48,INR,netbanking,bank_timeout,3,3,3,15365.03,2026-08-08T21:20:02.129882,21,5,0,0.0
pay_demo_001670,cust_0198,40752.82,INR,debit_card,bank_timeout,1,2,3,16070.47,2026-03-24T03:45:02.129900,3,1,1,35129.57
pay_demo_001671,cust_0645,30405.38,INR,debit_card,bank_timeout,1,5,5,15893.33,2026-03-31T09:21:02.129921,9,1,1,27719.68
pay_demo_001672,cust_0148,2704.9,INR,debit_card,insufficient_funds,1,8,0,26923.69,2026-05-07T09:24:02.129940,9,3,0,0.0
pay_demo_001673,cust_0289,19658.75,INR,upi,authentication_failed,2,4,5,12394.97,2026-05-14T02:54:02.129958,2,3,0,0.0
pay_demo_001674,cust_0611,7032.22,INR,upi,network_error,2,15,5,18949.0,2026-04-28T11:03:02.129976,11,1,1,6027.7
pay_demo_001675,cust_0165,28357.98,INR,upi,upi_failure,1,16,5,16239.31,2026-08-10T17:50:02.129993,17,0,1,24966.36
pay_demo_001676,cust_0238,4641.5,INR,credit_card,upi_failure,1,5,1,10669.86,2026-05-17T20:33:02.130012,20,6,0,0.0
pay_demo_001677,cust_0558,46372.91,INR,netbanking,bank_timeout,1,5,5,3498.87,2026-03-26T19:02:02.130029,19,3,1,42059.04
pay_demo_001678,cust_0225,37566.82,INR,credit_card,network_error,3,10,1,14297.97,2026-04-10T05:40:02.130046,5,4,1,34050.46
pay_demo_001679,cust_0195,11069.04,INR,upi,authentication_failed,1,9,2,17980.37,2026-07-15T05:42:02.130065,5,2,0,0.0
pay_demo_001680,cust_0049,7214.39,INR,netbanking,upi_failure,1,3,3,8624.06,2026-08-14T16:34:02.130084,16,4,1,6353.96
pay_demo_001681,cust_0257,41633.62,INR,netbanking,card_declined,1,4,3,22357.04,2026-04-22T02:30:02.130101,2,2,0,0.0
pay_demo_001682,cust_0175,45775.49,INR,upi,bank_timeout,2,20,0,26406.35,2026-03-30T06:10:02.130120,6,0,0,0.0
pay_demo_001683,cust_0187,5296.43,INR,credit_card,upi_failure,1,13,1,17389.33,2026-06-01T00:09:02.130138,0,0,0,0.0
pay_demo_001684,cust_0504,39262.85,INR,netbanking,insufficient_funds,2,7,4,7669.37,2026-07-29T07:51:02.130157,7,2,0,0.0
pay_demo_001685,cust_0557,34140.28,INR,debit_card,card_declined,1,7,4,22633.0,2026-08-22T08:12:02.130174,8,5,0,0.0
pay_demo_001686,cust_0720,29512.86,INR,netbanking,card_declined,1,3,3,14610.48,2026-08-12T11:07:02.130191,11,2,0,0.0
pay_demo_001687,cust_0961,24923.93,INR,netbanking,network_error,2,4,0,11270.05,2026-08-27T11:28:02.130207,11,3,1,21722.31
pay_demo_001688,cust_0675,42065.9,INR,credit_card,insufficient_funds,1,10,5,5196.91,2026-05-19T02:07:02.130224,2,1,0,0.0
pay_demo_001689,cust_0676,18428.82,INR,debit_card,network_error,3,3,5,8314.8,2026-04-04T19:16:02.130240,19,5,1,15865.91
pay_demo_001690,cust_0667,38550.49,INR,credit_card,bank_timeout,3,4,2,17252.08,2026-05-03T05:00:02.130257,5,6,0,0.0
pay_demo_001691,cust_0571,29613.51,INR,debit_card,insufficient_funds,1,19,4,9019.72,2026-04-10T23:52:02.130273,23,4,1,25735.06
pay_demo_001692,cust_0941,2081.85,INR,debit_card,bank_timeout,3,7,5,25332.03,2026-05-09T00:24:02.130291,0,5,0,0.0
pay_demo_001693,cust_0734,34632.04,INR,debit_card,authentication_failed,1,19,2,25461.0,2026-03-24T07:27:02.130310,7,1,0,0.0
pay_demo_001694,cust_0645,3487.66,INR,upi,upi_failure,1,20,4,15472.28,2026-08-18T01:21:02.130327,1,1,0,0.0
pay_demo_001695,cust_0452,4764.95,INR,credit_card,insufficient_funds,2,12,3,12019.64,2026-07-08T06:13:02.130346,6,2,1,4745.02
pay_demo_001696,cust_0192,1505.65,INR,netbanking,upi_failure,1,2,4,2372.69,2026-03-20T02:33:02.130368,2,4,1,1391.57
pay_demo_001697,cust_0545,24725.06,INR,credit_card,network_error,1,13,4,15168.17,2026-07-19T19:42:02.130391,19,6,1,22930.45
pay_demo_001698,cust_0201,24796.58,INR,upi,authentication_failed,1,16,0,12258.51,2026-07-11T02:22:02.130408,2,5,1,24024.43
pay_demo_001699,cust_0378,2783.23,INR,debit_card,bank_timeout,1,11,3,11737.71,2026-03-22T13:19:02.130437,13,6,1,2556.38
pay_demo_001700,cust_0040,1725.58,INR,upi,insufficient_funds,1,17,1,23462.18,2026-06-01T12:45:02.130454,12,0,0,0.0
pay_demo_001701,cust_0258,9291.29,INR,netbanking,card_declined,1,6,1,10914.09,2026-03-24T14:51:02.130478,14,1,1,8787.19
pay_demo_001702,cust_0650,47591.66,INR,debit_card,card_declined,2,7,1,16612.37,2026-04-03T20:41:02.130537,20,4,0,0.0
pay_demo_001703,cust_0415,8388.19,INR,upi,authentication_failed,1,10,1,16224.69,2026-06-02T00:03:02.130573,0,1,1,7738.07
pay_demo_001704,cust_0936,47262.21,INR,netbanking,insufficient_funds,3,5,3,28408.91,2026-07-02T01:48:02.130617,1,3,1,42606.82
pay_demo_001705,cust_0623,39127.79,INR,debit_card,bank_timeout,1,16,0,17018.04,2026-05-19T12:39:02.130640,12,1,0,0.0
pay_demo_001706,cust_0027,47591.09,INR,netbanking,network_error,1,12,4,10069.1,2026-03-24T13:14:02.130659,13,1,1,43934.44
pay_demo_001707,cust_0697,14507.78,INR,debit_card,insufficient_funds,1,9,5,18883.82,2026-03-08T07:10:02.130677,7,6,0,0.0
pay_demo_001708,cust_0591,3910.58,INR,upi,card_declined,1,5,0,6374.86,2026-02-28T13:25:02.130694,13,5,1,3462.44
pay_demo_001709,cust_0813,2076.99,INR,debit_card,insufficient_funds,1,2,2,9162.67,2026-07-31T13:10:02.130712,13,4,0,0.0
pay_demo_001710,cust_0336,10274.4,INR,credit_card,authentication_failed,1,19,1,24617.4,2026-04-28T00:08:02.130729,0,1,1,10198.3
pay_demo_001711,cust_0100,12059.81,INR,netbanking,card_declined,2,1,0,28814.11,2026-06-20T19:18:02.130747,19,5,0,0.0
pay_demo_001712,cust_0886,32236.94,INR,upi,upi_failure,3,2,0,23401.84,2026-07-13T09:38:02.130766,9,0,1,30378.73
pay_demo_001713,cust_0971,49880.16,INR,netbanking,network_error,1,4,3,698.43,2026-05-27T19:47:02.130789,19,2,1,48718.22
pay_demo_001714,cust_0540,27978.68,INR,debit_card,card_declined,1,4,2,16943.49,2026-05-10T10:59:02.130808,10,6,0,0.0
pay_demo_001715,cust_0979,16357.87,INR,netbanking,card_declined,1,8,2,25946.48,2026-07-23T08:17:02.130826,8,3,0,0.0
pay_demo_001716,cust_0346,25608.38,INR,debit_card,network_error,1,18,3,28953.79,2026-06-07T01:09:02.130843,1,6,1,24124.3
pay_demo_001717,cust_0183,25201.15,INR,debit_card,network_error,2,2,5,13129.16,2026-06-03T23:54:02.130860,23,2,0,0.0
pay_demo_001718,cust_0955,42580.45,INR,upi,bank_timeout,1,9,2,19355.37,2026-03-30T03:06:02.130877,3,0,0,0.0
pay_demo_001719,cust_0238,3822.86,INR,credit_card,insufficient_funds,1,3,2,26120.31,2026-08-10T18:02:02.130893,18,0,1,3435.21
pay_demo_001720,cust_0493,1882.71,INR,credit_card,authentication_failed,1,17,5,5873.4,2026-08-02T14:43:02.130911,14,6,0,0.0
pay_demo_001721,cust_0292,42585.88,INR,netbanking,card_declined,1,15,1,15237.74,2026-03-04T16:35:02.130930,16,2,0,0.0
pay_demo_001722,cust_0460,44963.66,INR,netbanking,authentication_failed,2,20,3,4916.29,2026-08-26T19:39:02.130946,19,2,0,0.0
pay_demo_001723,cust_0867,25862.64,INR,credit_card,upi_failure,1,2,4,6943.94,2026-07-14T01:28:02.130966,1,1,1,25116.75
pay_demo_001724,cust_0109,36904.9,INR,credit_card,bank_timeout,1,19,1,26420.59,2026-03-15T23:22:02.130986,23,6,1,33056.84
pay_demo_001725,cust_0095,3137.43,INR,upi,bank_timeout,1,13,2,14941.37,2026-07-06T01:27:02.131003,1,0,1,2884.8
pay_demo_001726,cust_0025,26719.15,INR,netbanking,card_declined,1,2,5,13952.81,2026-07-12T12:32:02.131019,12,6,1,24571.98
pay_demo_001727,cust_0267,37391.96,INR,debit_card,network_error,1,15,1,11677.83,2026-04-03T22:42:02.131036,22,4,1,32582.11
pay_demo_001728,cust_0093,25644.22,INR,netbanking,card_declined,2,17,1,22021.91,2026-05-19T22:27:02.131056,22,1,0,0.0
pay_demo_001729,cust_0890,9246.29,INR,netbanking,bank_timeout,1,5,0,13986.42,2026-07-03T17:34:02.131072,17,4,1,8951.16
pay_demo_001730,cust_0746,11020.04,INR,credit_card,bank_timeout,1,5,1,17511.12,2026-04-04T04:49:02.131090,4,5,0,0.0
pay_demo_001731,cust_0759,20714.63,INR,credit_card,bank_timeout,2,10,5,25689.09,2026-08-08T03:43:02.131107,3,5,0,0.0
pay_demo_001732,cust_0242,27746.19,INR,credit_card,insufficient_funds,2,10,5,11228.92,2026-06-26T05:08:02.131122,5,4,0,0.0
pay_demo_001733,cust_0916,27100.15,INR,debit_card,network_error,2,8,3,4103.62,2026-03-15T09:15:02.131140,9,6,0,0.0
pay_demo_001734,cust_0762,44148.82,INR,credit_card,insufficient_funds,2,9,1,28286.0,2026-04-03T13:46:02.131156,13,4,1,43257.68
pay_demo_001735,cust_0592,40576.02,INR,netbanking,network_error,2,3,1,26851.52,2026-03-26T05:34:02.131173,5,3,0,0.0
pay_demo_001736,cust_0003,9502.38,INR,credit_card,card_declined,1,1,2,7771.44,2026-03-28T09:14:02.131189,9,5,1,8828.19
pay_demo_001737,cust_0510,35994.48,INR,credit_card,card_declined,2,10,1,17597.57,2026-04-07T07:47:02.131206,7,1,1,31300.81
pay_demo_001738,cust_0029,40653.57,INR,upi,insufficient_funds,2,12,5,23822.28,2026-08-14T06:50:02.131223,6,4,0,0.0
pay_demo_001739,cust_0178,2075.32,INR,upi,upi_failure,2,15,4,24419.57,2026-03-05T09:29:02.131239,9,3,1,1920.75
pay_demo_001740,cust_0885,28532.28,INR,debit_card,authentication_failed,1,11,5,15672.87,2026-07-11T16:22:02.131256,16,5,1,26542.11
pay_demo_001741,cust_0947,3231.87,INR,upi,insufficient_funds,1,9,1,27715.07,2026-03-15T21:10:02.131273,21,6,0,0.0
pay_demo_001742,cust_0587,42788.24,INR,debit_card,bank_timeout,1,11,1,28645.78,2026-04-03T22:01:02.131289,22,4,1,41369.46
pay_demo_001743,cust_0659,28943.98,INR,debit_card,authentication_failed,1,9,1,14600.08,2026-03-13T00:30:02.131312,0,4,0,0.0
pay_demo_001744,cust_0198,3023.09,INR,credit_card,bank_timeout,1,15,0,6707.3,2026-03-29T08:57:02.131329,8,6,1,2845.65
pay_demo_001745,cust_0118,7430.17,INR,upi,authentication_failed,1,4,0,6613.75,2026-07-28T02:03:02.131348,2,1,0,0.0
pay_demo_001746,cust_0718,48013.68,INR,netbanking,card_declined,2,4,0,3897.39,2026-03-08T21:55:02.131366,21,6,0,0.0
pay_demo_001747,cust_0116,19252.59,INR,upi,insufficient_funds,2,1,0,18716.48,2026-08-19T09:54:02.131382,9,2,0,0.0
pay_demo_001748,cust_0741,17278.36,INR,netbanking,insufficient_funds,1,19,5,22025.59,2026-08-18T14:26:02.131398,14,1,1,15185.37
pay_demo_001749,cust_0390,16998.2,INR,upi,authentication_failed,1,20,5,24432.15,2026-04-16T20:53:02.131415,20,3,0,0.0
pay_demo_001750,cust_0783,39293.05,INR,credit_card,bank_timeout,1,0,4,20649.73,2026-03-20T07:54:02.131431,7,4,1,38832.9
pay_demo_001751,cust_0881,635.36,INR,debit_card,insufficient_funds,1,9,3,4299.82,2026-03-29T17:18:02.131447,17,6,1,620.77
pay_demo_001752,cust_0991,17628.77,INR,netbanking,bank_timeout,2,20,0,24258.18,2026-07-04T01:20:02.131467,1,5,1,16488.73
pay_demo_001753,cust_0354,6584.53,INR,netbanking,bank_timeout,2,7,3,4000.18,2026-06-18T17:35:02.131487,17,3,1,6520.5
pay_demo_001754,cust_0563,16466.62,INR,debit_card,card_declined,1,4,1,25467.09,2026-06-22T21:06:02.131503,21,0,0,0.0
pay_demo_001755,cust_0761,38970.35,INR,upi,insufficient_funds,3,1,3,4131.83,2026-03-23T18:32:02.131519,18,0,0,0.0
pay_demo_001756,cust_0237,27964.91,INR,debit_card,bank_timeout,1,19,0,13571.88,2026-08-06T10:35:02.131534,10,3,1,27385.89
pay_demo_001757,cust_0023,20734.59,INR,credit_card,insufficient_funds,2,16,5,28382.0,2026-07-31T13:42:02.131551,13,4,1,18436.35
pay_demo_001758,cust_0885,8098.2,INR,upi,insufficient_funds,2,9,0,7866.07,2026-07-27T23:23:02.131568,23,0,1,7324.64
pay_demo_001759,cust_0927,20395.89,INR,netbanking,network_error,2,20,3,11372.7,2026-06-10T04:58:02.131587,4,2,1,18471.2
pay_demo_001760,cust_0605,33918.01,INR,debit_card,upi_failure,1,5,1,7912.8,2026-07-31T19:09:02.131604,19,4,1,32951.79
pay_demo_001761,cust_0473,21822.41,INR,upi,bank_timeout,1,3,4,4117.79,2026-07-05T23:11:02.131621,23,6,0,0.0
pay_demo_001762,cust_0934,36886.82,INR,netbanking,network_error,1,14,3,8647.01,2026-08-04T08:52:02.131637,8,1,1,33698.72
pay_demo_001763,cust_0044,27309.76,INR,upi,authentication_failed,1,14,0,4869.9,2026-08-20T00:56:02.131659,0,3,1,27204.08
pay_demo_001764,cust_0722,3227.96,INR,upi,insufficient_funds,1,13,3,3499.16,2026-08-14T09:17:02.131678,9,4,1,2854.74
pay_demo_001765,cust_0082,48445.01,INR,debit_card,upi_failure,3,8,3,9356.98,2026-05-17T18:55:02.131695,18,6,0,0.0
pay_demo_001766,cust_0721,9988.37,INR,upi,network_error,1,11,4,25852.43,2026-03-07T12:34:02.131711,12,5,1,9128.23
pay_demo_001767,cust_0440,29888.78,INR,netbanking,bank_timeout,1,17,0,10346.0,2026-03-09T17:24:02.131730,17,0,1,27210.36
pay_demo_001768,cust_0843,40531.33,INR,netbanking,upi_failure,2,12,3,24784.2,2026-08-07T12:25:02.131748,12,4,0,0.0
pay_demo_001769,cust_0066,26325.87,INR,credit_card,authentication_failed,2,0,0,2198.64,2026-06-20T11:36:02.131763,11,5,0,0.0
pay_demo_001770,cust_0436,5188.33,INR,debit_card,authentication_failed,1,2,0,1992.04,2026-03-30T08:20:02.131782,8,0,0,0.0
pay_demo_001771,cust_0479,6391.31,INR,debit_card,bank_timeout,1,20,2,17774.16,2026-04-10T06:58:02.131798,6,4,0,0.0
pay_demo_001772,cust_0841,35802.16,INR,debit_card,network_error,1,7,5,29925.81,2026-08-11T13:12:02.131814,13,1,0,0.0
pay_demo_001773,cust_0177,2306.39,INR,upi,network_error,1,19,3,27913.2,2026-05-18T04:29:02.131833,4,0,0,0.0
pay_demo_001774,cust_0505,32016.3,INR,upi,insufficient_funds,1,14,5,4048.2,2026-05-13T11:24:02.131849,11,2,0,0.0
pay_demo_001775,cust_0570,37545.36,INR,upi,card_declined,2,3,1,6880.37,2026-06-15T22:31:02.131865,22,0,0,0.0
pay_demo_001776,cust_0492,28636.69,INR,credit_card,insufficient_funds,2,10,3,5898.95,2026-03-04T07:20:02.131881,7,2,0,0.0
pay_demo_001777,cust_0606,29837.04,INR,upi,network_error,1,0,0,21488.86,2026-06-21T18:06:02.131897,18,6,1,27289.5
pay_demo_001778,cust_0979,33084.05,INR,upi,insufficient_funds,1,16,3,24684.5,2026-04-11T18:56:02.131914,18,5,1,28563.23
pay_demo_001779,cust_0057,42083.17,INR,upi,authentication_failed,2,20,2,3304.8,2026-04-10T21:47:02.131934,21,4,0,0.0
pay_demo_001780,cust_0379,34280.44,INR,netbanking,insufficient_funds,2,2,3,28894.32,2026-04-12T07:22:02.131952,7,6,0,0.0
pay_demo_001781,cust_0602,48236.19,INR,upi,bank_timeout,3,12,2,9471.37,2026-07-23T18:14:02.131969,18,3,1,41870.77
pay_demo_001782,cust_0970,44032.83,INR,debit_card,network_error,1,7,4,29494.25,2026-04-20T12:34:02.131986,12,0,1,43587.04
pay_demo_001783,cust_0553,8794.24,INR,upi,upi_failure,1,13,3,9945.85,2026-03-10T21:09:02.132005,21,1,0,0.0
pay_demo_001784,cust_0863,9155.53,INR,credit_card,card_declined,1,9,4,12395.27,2026-03-15T02:57:02.132020,2,6,1,9065.09
pay_demo_001785,cust_0524,44571.3,INR,debit_card,insufficient_funds,1,13,4,27162.44,2026-07-20T09:16:02.132037,9,0,0,0.0
pay_demo_001786,cust_0771,19726.81,INR,netbanking,authentication_failed,1,8,0,17870.83,2026-06-30T01:55:02.132056,1,1,1,17533.14
pay_demo_001787,cust_0810,4604.16,INR,netbanking,bank_timeout,1,1,3,27037.82,2026-03-16T16:51:02.132073,16,0,0,0.0
pay_demo_001788,cust_0500,14349.05,INR,credit_card,upi_failure,2,11,0,23481.41,2026-05-02T05:11:02.132092,5,5,0,0.0
pay_demo_001789,cust_0880,40279.62,INR,netbanking,insufficient_funds,1,1,4,27823.7,2026-03-01T03:44:02.132108,3,6,0,0.0
pay_demo_001790,cust_0856,30569.28,INR,netbanking,network_error,1,8,4,13164.59,2026-06-20T09:30:02.132132,9,5,1,27416.34
pay_demo_001791,cust_0067,22308.53,INR,credit_card,network_error,1,12,1,5214.31,2026-05-28T05:14:02.132149,5,3,1,19775.93
pay_demo_001792,cust_0646,20450.22,INR,credit_card,bank_timeout,1,18,1,8344.59,2026-05-17T06:18:02.132166,6,6,1,18922.0
pay_demo_001793,cust_0629,2246.18,INR,netbanking,insufficient_funds,3,12,3,4964.49,2026-04-15T09:24:02.132186,9,2,0,0.0
pay_demo_001794,cust_0590,3593.86,INR,upi,network_error,2,2,2,2678.66,2026-07-30T05:05:02.132204,5,3,1,3462.7
pay_demo_001795,cust_0743,12564.6,INR,credit_card,insufficient_funds,2,3,1,6793.64,2026-05-15T23:41:02.132222,23,4,1,11031.56
pay_demo_001796,cust_0255,2380.78,INR,debit_card,upi_failure,1,3,3,10307.3,2026-03-01T23:04:02.132241,23,6,0,0.0
pay_demo_001797,cust_0170,18143.75,INR,debit_card,upi_failure,1,8,0,18680.25,2026-05-10T13:21:02.132258,13,6,0,0.0
pay_demo_001798,cust_0033,43677.49,INR,debit_card,upi_failure,1,18,3,12360.91,2026-08-11T08:14:02.132274,8,1,1,41976.27
pay_demo_001799,cust_0919,45595.39,INR,upi,network_error,1,8,4,16378.08,2026-04-10T04:00:02.132291,4,4,1,42495.16
pay_demo_001800,cust_0980,45396.14,INR,upi,card_declined,1,17,1,3358.49,2026-08-07T09:45:02.132308,9,4,0,0.0
pay_demo_001801,cust_0424,25945.19,INR,upi,insufficient_funds,2,19,1,27613.94,2026-03-20T11:46:02.132324,11,4,0,0.0
pay_demo_001802,cust_0560,21224.82,INR,credit_card,authentication_failed,3,12,5,18747.08,2026-05-07T14:03:02.132341,14,3,0,0.0
pay_demo_001803,cust_0519,19181.89,INR,debit_card,authentication_failed,2,2,2,10538.41,2026-06-22T13:11:02.132362,13,0,0,0.0
pay_demo_001804,cust_0676,2655.17,INR,upi,network_error,1,19,5,5827.15,2026-03-05T08:39:02.132380,8,3,1,2355.03
pay_demo_001805,cust_0952,19198.2,INR,upi,upi_failure,1,15,0,12963.22,2026-08-12T16:09:02.132405,16,2,1,18034.81
pay_demo_001806,cust_0771,38610.36,INR,netbanking,insufficient_funds,1,7,3,29287.99,2026-03-15T19:56:02.132465,19,6,1,35799.53
pay_demo_001807,cust_0267,16517.16,INR,upi,card_declined,1,1,0,18026.46,2026-03-14T05:43:02.132502,5,5,1,16038.97
pay_demo_001808,cust_0306,26611.57,INR,debit_card,insufficient_funds,1,12,3,20631.05,2026-06-18T00:07:02.132523,0,3,0,0.0
pay_demo_001809,cust_0571,30746.85,INR,netbanking,card_declined,1,10,3,8232.86,2026-08-24T14:42:02.132546,14,0,0,0.0
pay_demo_001810,cust_0434,43285.88,INR,netbanking,card_declined,1,0,4,13793.33,2026-06-10T13:48:02.132564,13,2,0,0.0
pay_demo_001811,cust_0197,39106.72,INR,upi,card_declined,1,11,2,24068.43,2026-05-22T19:08:02.132581,19,4,0,0.0
pay_demo_001812,cust_0649,9379.4,INR,netbanking,upi_failure,2,1,0,12196.47,2026-06-03T04:24:02.132621,4,2,1,8460.72
pay_demo_001813,cust_0948,2874.21,INR,netbanking,insufficient_funds,2,3,1,4988.6,2026-07-12T09:35:02.132642,9,6,0,0.0
pay_demo_001814,cust_0988,44091.44,INR,netbanking,upi_failure,1,10,4,2486.3,2026-08-20T20:57:02.132660,20,3,0,0.0
pay_demo_001815,cust_0182,14190.34,INR,upi,bank_timeout,1,16,2,16235.56,2026-04-17T03:38:02.132677,3,4,0,0.0
pay_demo_001816,cust_0062,504.74,INR,upi,bank_timeout,1,16,3,14695.41,2026-04-23T06:54:02.132694,6,3,1,443.86
pay_demo_001817,cust_0082,8809.88,INR,debit_card,card_declined,2,0,2,13660.4,2026-05-15T15:08:02.132711,15,4,0,0.0
pay_demo_001818,cust_0169,32001.98,INR,netbanking,bank_timeout,1,3,1,2077.4,2026-04-14T15:48:02.132729,15,1,0,0.0
pay_demo_001819,cust_0754,38034.16,INR,netbanking,upi_failure,1,11,5,17867.89,2026-05-21T06:59:02.132746,6,3,1,34960.26
pay_demo_001820,cust_0359,48690.41,INR,credit_card,upi_failure,3,16,1,9638.01,2026-07-27T02:27:02.132764,2,0,1,46460.75
pay_demo_001821,cust_0239,25272.44,INR,debit_card,upi_failure,2,8,0,1427.35,2026-05-10T15:43:02.132782,15,6,1,23956.33
pay_demo_001822,cust_0293,32679.91,INR,debit_card,authentication_failed,1,6,0,3786.41,2026-07-09T19:03:02.132800,19,3,1,31272.67
pay_demo_001823,cust_0459,14416.2,INR,netbanking,authentication_failed,2,2,3,13432.46,2026-05-18T17:47:02.132820,17,0,0,0.0
pay_demo_001824,cust_0681,14814.8,INR,credit_card,card_declined,1,6,4,16397.43,2026-03-05T18:10:02.132840,18,3,1,12754.3
pay_demo_001825,cust_0487,17810.78,INR,upi,authentication_failed,1,2,4,23629.13,2026-06-25T22:46:02.132869,22,3,0,0.0
pay_demo_001826,cust_0337,35794.96,INR,credit_card,bank_timeout,1,7,2,21716.0,2026-04-21T19:45:02.132887,19,1,1,33776.82
pay_demo_001827,cust_0235,16685.0,INR,credit_card,upi_failure,1,20,5,3563.19,2026-08-10T01:07:02.132905,1,0,0,0.0
pay_demo_001828,cust_0406,22138.97,INR,debit_card,network_error,2,13,2,29672.51,2026-06-17T15:46:02.132921,15,2,1,21862.64
pay_demo_001829,cust_0979,18101.33,INR,debit_card,card_declined,1,17,1,24673.75,2026-05-27T01:58:02.133377,1,2,1,16676.15
pay_demo_001830,cust_0635,11028.65,INR,upi,bank_timeout,1,20,5,20250.78,2026-06-27T03:24:02.133417,3,5,1,9578.38
pay_demo_001831,cust_0550,22933.37,INR,debit_card,network_error,2,19,4,17588.75,2026-03-30T07:30:02.133440,7,0,0,0.0
pay_demo_001832,cust_0796,7919.18,INR,upi,upi_failure,3,10,3,17573.87,2026-07-24T08:56:02.133473,8,4,0,0.0
pay_demo_001833,cust_0281,42019.33,INR,credit_card,upi_failure,1,1,0,25924.51,2026-03-27T06:15:02.133495,6,4,1,41789.32
pay_demo_001834,cust_0728,12781.13,INR,debit_card,insufficient_funds,2,17,5,7178.33,2026-05-04T18:29:02.133515,18,0,1,11315.39
pay_demo_001835,cust_0582,39658.97,INR,credit_card,bank_timeout,3,17,3,1387.47,2026-07-18T05:49:02.133534,5,5,0,0.0
pay_demo_001836,cust_0177,25950.64,INR,upi,authentication_failed,1,6,1,4798.32,2026-08-16T21:02:02.133553,21,6,0,0.0
pay_demo_001837,cust_0190,11654.97,INR,upi,bank_timeout,1,16,3,14108.62,2026-05-22T21:00:02.133570,21,4,1,11497.7
pay_demo_001838,cust_0521,42095.5,INR,netbanking,authentication_failed,1,0,4,2966.54,2026-06-13T17:39:02.133589,17,5,0,0.0
pay_demo_001839,cust_0393,39883.61,INR,debit_card,bank_timeout,2,7,4,9036.21,2026-06-07T03:47:02.133606,3,6,1,37736.79
pay_demo_001840,cust_0088,29563.71,INR,upi,card_declined,1,17,5,4578.45,2026-06-08T14:36:02.133624,14,0,1,28971.05
pay_demo_001841,cust_0603,15956.33,INR,upi,bank_timeout,1,0,3,25141.38,2026-05-16T19:02:02.133645,19,5,1,14448.6
pay_demo_001842,cust_0836,14091.6,INR,debit_card,authentication_failed,1,14,0,10276.52,2026-03-04T22:35:02.133678,22,2,1,12892.79
pay_demo_001843,cust_0919,33488.41,INR,netbanking,upi_failure,1,0,5,12093.13,2026-05-25T14:07:02.133726,14,0,1,28899.87
pay_demo_001844,cust_0093,35263.17,INR,credit_card,upi_failure,1,14,4,10055.96,2026-05-17T04:10:02.133750,4,6,1,34852.68
pay_demo_001845,cust_0606,13589.46,INR,netbanking,bank_timeout,1,0,2,23303.66,2026-07-09T10:36:02.133768,10,3,1,12668.57
pay_demo_001846,cust_0302,27787.26,INR,netbanking,network_error,2,18,4,12455.06,2026-05-20T04:33:02.133784,4,2,1,26890.75
pay_demo_001847,cust_0541,11857.18,INR,netbanking,network_error,1,20,4,3990.24,2026-04-14T02:20:02.133802,2,1,0,0.0
pay_demo_001848,cust_0657,24367.69,INR,upi,upi_failure,1,18,3,5828.0,2026-05-03T21:26:02.133818,21,6,1,22373.7
pay_demo_001849,cust_0387,1364.01,INR,credit_card,insufficient_funds,1,2,1,13232.58,2026-03-01T12:33:02.133834,12,6,0,0.0
pay_demo_001850,cust_0870,48176.93,INR,credit_card,card_declined,1,2,4,25716.03,2026-04-03T12:03:02.133851,12,4,0,0.0
pay_demo_001851,cust_0143,47049.11,INR,netbanking,upi_failure,1,10,0,14086.83,2026-05-03T14:17:02.133868,14,6,1,40628.41
pay_demo_001852,cust_0766,7070.89,INR,debit_card,card_declined,1,2,0,16483.41,2026-03-15T06:53:02.133890,6,6,1,6307.58
pay_demo_001853,cust_0624,35695.95,INR,netbanking,insufficient_funds,1,5,1,4656.94,2026-04-27T13:30:02.133909,13,0,1,33487.99
pay_demo_001854,cust_0461,2859.05,INR,debit_card,authentication_failed,2,8,1,3604.46,2026-04-08T12:19:02.133927,12,2,0,0.0
pay_demo_001855,cust_0301,18767.85,INR,upi,upi_failure,1,16,1,585.14,2026-04-02T19:54:02.133944,19,3,1,18330.27
pay_demo_001856,cust_0376,24947.86,INR,upi,authentication_failed,1,1,0,19147.49,2026-07-02T01:05:02.133961,1,3,0,0.0
pay_demo_001857,cust_0351,20618.44,INR,upi,card_declined,1,4,2,25504.74,2026-04-29T18:30:02.133976,18,2,1,18029.66
pay_demo_001858,cust_0574,30629.12,INR,debit_card,bank_timeout,1,15,4,19732.51,2026-04-17T18:52:02.133993,18,4,1,29199.57
pay_demo_001859,cust_0735,22740.67,INR,upi,insufficient_funds,3,2,3,28277.13,2026-04-11T13:02:02.134010,13,5,0,0.0
pay_demo_001860,cust_0494,3482.37,INR,debit_card,network_error,1,1,0,3926.98,2026-05-24T23:23:02.134026,23,6,1,3052.99
pay_demo_001861,cust_0475,44318.25,INR,upi,authentication_failed,1,5,3,2885.69,2026-08-16T00:39:02.134044,0,6,1,39182.29
pay_demo_001862,cust_0837,43137.29,INR,netbanking,bank_timeout,2,4,1,1793.58,2026-05-01T21:11:02.134063,21,4,0,0.0
pay_demo_001863,cust_0441,29763.69,INR,upi,bank_timeout,3,8,5,24984.32,2026-03-13T21:06:02.134085,21,4,0,0.0
pay_demo_001864,cust_0517,28785.32,INR,debit_card,network_error,2,9,1,24416.48,2026-07-22T05:29:02.134113,5,2,0,0.0
pay_demo_001865,cust_0480,20777.58,INR,credit_card,card_declined,1,19,2,8731.34,2026-04-29T20:36:02.134132,20,2,1,20267.49
pay_demo_001866,cust_0091,47974.94,INR,credit_card,card_declined,1,9,4,2937.95,2026-08-09T22:46:02.134150,22,6,1,43169.94
pay_demo_001867,cust_0158,17719.39,INR,netbanking,insufficient_funds,1,2,3,26825.85,2026-07-04T00:39:02.134168,0,5,0,0.0
pay_demo_001868,cust_0449,12950.47,INR,credit_card,upi_failure,2,4,3,16133.22,2026-05-16T15:28:02.134185,15,5,1,11853.74
pay_demo_001869,cust_0764,21577.49,INR,credit_card,network_error,1,8,2,27962.99,2026-04-21T17:27:02.134203,17,1,1,19323.63
pay_demo_001870,cust_0182,16032.39,INR,credit_card,card_declined,2,20,2,12473.82,2026-07-23T06:59:02.134221,6,3,0,0.0
pay_demo_001871,cust_0339,16832.83,INR,netbanking,card_declined,2,1,3,11123.13,2026-03-22T13:40:02.134237,13,6,0,0.0
pay_demo_001872,cust_0082,18338.26,INR,netbanking,insufficient_funds,1,5,5,24827.23,2026-03-28T22:28:02.134253,22,5,0,0.0
pay_demo_001873,cust_0960,16798.66,INR,debit_card,bank_timeout,1,20,5,9629.46,2026-08-20T02:24:02.134273,2,3,1,14535.17
pay_demo_001874,cust_0240,5166.55,INR,upi,bank_timeout,1,16,3,3295.26,2026-03-05T23:53:02.134292,23,3,1,4646.18
pay_demo_001875,cust_0303,35267.15,INR,netbanking,authentication_failed,1,5,1,19198.45,2026-05-16T01:23:02.134314,1,5,0,0.0
pay_demo_001876,cust_0380,45984.99,INR,debit_card,upi_failure,1,2,5,5725.23,2026-08-27T21:20:02.134344,21,3,0,0.0
pay_demo_001877,cust_0139,9275.6,INR,debit_card,network_error,1,1,0,5158.31,2026-05-13T01:04:02.134363,1,2,1,7954.9
pay_demo_001878,cust_0328,5727.49,INR,credit_card,authentication_failed,2,11,5,20748.37,2026-03-30T15:34:02.134383,15,0,0,0.0
pay_demo_001879,cust_0649,44551.72,INR,debit_card,bank_timeout,1,1,3,3446.85,2026-05-06T01:50:02.134405,1,2,0,0.0
pay_demo_001880,cust_0865,6630.93,INR,upi,upi_failure,2,18,5,11301.65,2026-08-20T16:20:02.134421,16,3,0,0.0
pay_demo_001881,cust_0770,41495.83,INR,upi,bank_timeout,3,9,5,18850.2,2026-06-11T01:02:02.134437,1,3,1,36536.64
pay_demo_001882,cust_0919,29033.11,INR,upi,upi_failure,1,1,1,13138.04,2026-04-20T04:18:02.134454,4,0,1,28912.49
pay_demo_001883,cust_0292,3407.59,INR,debit_card,authentication_failed,1,3,1,29719.33,2026-06-02T04:23:02.134474,4,1,0,0.0
pay_demo_001884,cust_0914,8878.27,INR,debit_card,upi_failure,2,7,2,20737.73,2026-06-01T20:00:02.134490,20,0,1,8027.75
pay_demo_001885,cust_0073,1856.23,INR,netbanking,card_declined,1,18,0,19501.7,2026-05-18T05:35:02.134507,5,0,1,1840.33
pay_demo_001886,cust_0931,41247.54,INR,upi,bank_timeout,1,14,3,8251.65,2026-03-02T16:32:02.134524,16,0,0,0.0
pay_demo_001887,cust_0513,13499.38,INR,credit_card,authentication_failed,2,6,5,6218.44,2026-06-15T14:25:02.134542,14,0,0,0.0
pay_demo_001888,cust_0716,48166.37,INR,debit_card,insufficient_funds,1,12,3,14025.05,2026-07-18T13:42:02.134577,13,5,0,0.0
pay_demo_001889,cust_0009,11054.72,INR,debit_card,bank_timeout,1,6,3,9736.56,2026-07-25T11:51:02.134624,11,5,1,9870.54
pay_demo_001890,cust_0471,26954.5,INR,credit_card,network_error,1,5,5,28437.24,2026-03-01T19:48:02.134654,19,6,1,26102.51
pay_demo_001891,cust_0316,16685.29,INR,upi,bank_timeout,1,1,4,1675.1,2026-05-12T03:00:02.134672,3,1,0,0.0
pay_demo_001892,cust_0365,12365.41,INR,netbanking,network_error,1,0,1,26648.75,2026-07-29T21:38:02.134689,21,2,1,11238.76
pay_demo_001893,cust_0226,39770.0,INR,upi,upi_failure,2,10,3,10355.45,2026-04-05T06:12:02.134712,6,6,1,39662.75
pay_demo_001894,cust_0462,16299.23,INR,credit_card,bank_timeout,1,18,3,9694.7,2026-05-18T22:48:02.134733,22,0,0,0.0
pay_demo_001895,cust_0977,42189.58,INR,netbanking,authentication_failed,2,5,0,26599.96,2026-07-22T09:39:02.134749,9,2,0,0.0
pay_demo_001896,cust_0363,26128.91,INR,upi,upi_failure,1,14,0,20999.64,2026-07-26T23:04:02.134765,23,6,1,23953.36
pay_demo_001897,cust_0094,40097.42,INR,credit_card,insufficient_funds,2,17,0,5837.51,2026-05-09T01:52:02.134783,1,5,0,0.0
pay_demo_001898,cust_0102,32422.34,INR,credit_card,bank_timeout,1,16,0,15906.49,2026-04-24T01:02:02.134800,1,4,0,0.0
pay_demo_001899,cust_0703,18428.9,INR,upi,card_declined,1,3,4,13377.65,2026-04-12T12:41:02.134816,12,6,1,17185.61
pay_demo_001900,cust_0084,36570.44,INR,debit_card,network_error,2,15,1,21267.34,2026-08-03T11:27:02.134834,11,0,1,33919.62
pay_demo_001901,cust_0726,2707.13,INR,debit_card,insufficient_funds,1,19,1,2481.48,2026-05-23T04:53:02.134852,4,5,1,2507.56
pay_demo_001902,cust_0596,24083.68,INR,credit_card,network_error,1,9,0,19892.02,2026-04-18T19:52:02.134869,19,5,1,23080.77
pay_demo_001903,cust_0489,8293.18,INR,upi,insufficient_funds,1,19,2,16331.31,2026-03-20T16:54:02.134889,16,4,1,7873.32
pay_demo_001904,cust_0160,3146.15,INR,upi,upi_failure,1,8,5,6736.96,2026-07-25T00:07:02.134907,0,5,0,0.0
pay_demo_001905,cust_0538,37439.08,INR,upi,card_declined,3,11,4,18272.08,2026-07-08T02:02:02.134923,2,2,0,0.0
pay_demo_001906,cust_0690,6501.34,INR,upi,insufficient_funds,1,6,0,8671.45,2026-03-02T19:48:02.134940,19,0,1,6357.38
pay_demo_001907,cust_0134,35903.59,INR,netbanking,upi_failure,2,4,5,26336.41,2026-06-26T12:17:02.134957,12,4,0,0.0
pay_demo_001908,cust_0199,2263.16,INR,credit_card,network_error,1,10,0,12511.16,2026-05-18T18:02:02.134974,18,0,1,2155.27
pay_demo_001909,cust_0845,3060.57,INR,credit_card,card_declined,1,11,3,27141.25,2026-08-03T04:28:02.134991,4,0,1,2704.43
pay_demo_001910,cust_0787,3737.68,INR,upi,authentication_failed,1,19,0,12763.46,2026-03-05T00:58:02.135009,0,3,1,3440.35
pay_demo_001911,cust_0388,43286.42,INR,upi,insufficient_funds,1,16,1,4020.28,2026-08-20T15:47:02.135027,15,3,1,42261.49
pay_demo_001912,cust_0760,27152.37,INR,debit_card,bank_timeout,1,12,1,4949.66,2026-08-07T17:55:02.135045,17,4,1,24789.3
pay_demo_001913,cust_0015,25154.14,INR,debit_card,card_declined,1,11,3,25322.32,2026-05-19T09:14:02.135065,9,1,0,0.0
pay_demo_001914,cust_0899,44568.05,INR,netbanking,insufficient_funds,2,4,0,17324.67,2026-05-19T12:39:02.135083,12,1,1,38286.93
pay_demo_001915,cust_0596,14489.6,INR,debit_card,upi_failure,1,14,3,12049.73,2026-07-08T02:43:02.135100,2,2,1,13630.35
pay_demo_001916,cust_0194,35920.53,INR,netbanking,upi_failure,1,20,4,11619.4,2026-05-03T17:54:02.135124,17,6,0,0.0
pay_demo_001917,cust_0867,8613.38,INR,credit_card,card_declined,2,3,0,9217.77,2026-07-21T15:49:02.135141,15,1,1,8336.67
pay_demo_001918,cust_0682,7044.78,INR,debit_card,authentication_failed,1,10,2,20368.43,2026-08-02T02:30:02.135158,2,6,0,0.0
pay_demo_001919,cust_0871,25759.26,INR,upi,network_error,2,19,5,18722.13,2026-03-21T10:53:02.135175,10,5,1,24366.21
pay_demo_001920,cust_0742,15694.52,INR,upi,authentication_failed,1,12,2,7007.79,2026-04-06T13:11:02.135192,13,0,0,0.0
pay_demo_001921,cust_0246,44390.61,INR,debit_card,card_declined,3,5,2,20167.96,2026-05-26T06:47:02.135209,6,1,0,0.0
pay_demo_001922,cust_0231,12427.02,INR,credit_card,bank_timeout,2,7,0,2821.22,2026-05-26T02:29:02.135229,2,1,0,0.0
pay_demo_001923,cust_0512,20402.26,INR,debit_card,authentication_failed,1,14,5,12016.93,2026-03-04T05:19:02.135248,5,2,0,0.0
pay_demo_001924,cust_0276,25069.1,INR,netbanking,card_declined,1,8,5,23276.62,2026-03-18T13:50:02.135265,13,2,0,0.0
pay_demo_001925,cust_0370,48359.31,INR,netbanking,upi_failure,1,8,3,11906.45,2026-03-28T07:38:02.135282,7,5,0,0.0
pay_demo_001926,cust_0986,40383.29,INR,netbanking,insufficient_funds,2,4,0,5723.95,2026-06-15T13:01:02.135298,13,0,0,0.0
pay_demo_001927,cust_0549,34947.52,INR,upi,network_error,1,19,2,15487.34,2026-06-01T18:14:02.135317,18,0,1,31797.53
pay_demo_001928,cust_0147,16290.21,INR,debit_card,network_error,1,9,3,5860.85,2026-06-27T23:33:02.135334,23,5,1,15972.83
pay_demo_001929,cust_0283,7008.1,INR,debit_card,authentication_failed,1,3,2,5856.98,2026-07-27T14:59:02.135352,14,0,0,0.0
pay_demo_001930,cust_0684,47692.12,INR,credit_card,insufficient_funds,2,5,3,24589.05,2026-06-11T13:06:02.135373,13,3,0,0.0
pay_demo_001931,cust_0317,10831.85,INR,upi,card_declined,1,7,5,23224.44,2026-07-01T20:04:02.135391,20,2,0,0.0
pay_demo_001932,cust_0698,45202.61,INR,upi,network_error,1,3,3,28234.33,2026-05-28T18:53:02.135409,18,3,1,44741.01
pay_demo_001933,cust_0082,18544.34,INR,netbanking,bank_timeout,2,17,2,9890.9,2026-07-05T12:10:02.135428,12,6,1,18459.39
pay_demo_001934,cust_0287,37008.39,INR,credit_card,card_declined,2,16,3,8162.97,2026-03-06T03:06:02.135446,3,4,0,0.0
pay_demo_001935,cust_0696,25003.15,INR,upi,card_declined,1,5,5,28045.89,2026-03-07T23:18:02.135465,23,5,1,23236.82
pay_demo_001936,cust_0816,17203.57,INR,credit_card,insufficient_funds,2,14,3,4395.68,2026-05-09T11:19:02.135486,11,5,0,0.0
pay_demo_001937,cust_0332,20455.53,INR,credit_card,card_declined,1,8,0,19548.31,2026-08-16T03:18:02.135505,3,6,1,18482.93
pay_demo_001938,cust_0157,40720.84,INR,upi,bank_timeout,2,11,2,19647.78,2026-03-12T23:00:02.135526,23,3,1,34767.35
pay_demo_001939,cust_0156,24295.48,INR,credit_card,authentication_failed,1,9,1,9933.76,2026-03-11T17:55:02.135545,17,2,1,22201.54
pay_demo_001940,cust_0619,15195.97,INR,upi,insufficient_funds,2,16,5,20976.77,2026-04-23T18:04:02.135565,18,3,0,0.0
pay_demo_001941,cust_0036,10083.28,INR,credit_card,card_declined,1,11,5,5048.15,2026-05-19T18:04:02.135581,18,1,1,9661.06
pay_demo_001942,cust_0616,32314.79,INR,netbanking,insufficient_funds,1,11,4,10891.34,2026-03-12T02:49:02.135602,2,3,1,31876.33
pay_demo_001943,cust_0152,8615.0,INR,netbanking,insufficient_funds,1,6,4,18300.0,2026-07-14T23:44:02.135623,23,1,1,7792.6
pay_demo_001944,cust_0486,34621.26,INR,credit_card,upi_failure,1,7,3,13091.23,2026-04-20T13:00:02.135640,13,0,0,0.0
pay_demo_001945,cust_0481,19975.38,INR,upi,network_error,3,1,4,6029.41,2026-03-25T08:12:02.135656,8,2,0,0.0
pay_demo_001946,cust_0983,6215.5,INR,credit_card,insufficient_funds,1,3,0,14996.07,2026-07-19T11:56:02.135672,11,6,0,0.0
pay_demo_001947,cust_0363,32311.35,INR,credit_card,network_error,1,20,1,21329.57,2026-04-23T02:12:02.135688,2,3,1,31544.67
pay_demo_001948,cust_0446,46167.54,INR,debit_card,network_error,2,12,3,6408.97,2026-05-06T15:54:02.135705,15,2,1,40247.58
pay_demo_001949,cust_0994,48215.79,INR,credit_card,insufficient_funds,3,16,0,19224.84,2026-03-25T14:46:02.135722,14,2,0,0.0
pay_demo_001950,cust_0158,17436.08,INR,credit_card,authentication_failed,2,20,1,5769.83,2026-05-29T11:59:02.135740,11,4,1,15806.75
pay_demo_001951,cust_0841,44443.71,INR,debit_card,insufficient_funds,1,1,3,7646.17,2026-03-18T00:32:02.135758,0,2,0,0.0
pay_demo_001952,cust_0886,39977.15,INR,upi,authentication_failed,1,1,2,12206.18,2026-04-24T15:56:02.135775,15,4,1,38943.78
pay_demo_001953,cust_0007,24381.23,INR,debit_card,insufficient_funds,2,9,0,19769.43,2026-06-06T20:02:02.135795,20,5,1,23973.38
pay_demo_001954,cust_0074,11143.63,INR,netbanking,insufficient_funds,1,1,4,23644.08,2026-03-11T11:48:02.135813,11,2,1,10426.39
pay_demo_001955,cust_0738,23781.62,INR,debit_card,card_declined,1,8,3,1828.47,2026-06-07T15:26:02.135830,15,6,1,20473.79
pay_demo_001956,cust_0179,46851.82,INR,upi,upi_failure,1,8,0,2786.05,2026-03-08T13:41:02.135846,13,6,1,42833.8
pay_demo_001957,cust_0018,28564.86,INR,upi,network_error,2,18,1,17932.57,2026-05-04T06:31:02.135863,6,0,1,25813.0
pay_demo_001958,cust_0190,3197.87,INR,upi,insufficient_funds,1,5,3,29303.63,2026-03-10T23:58:02.135882,23,1,1,3016.91
pay_demo_001959,cust_0668,24907.29,INR,credit_card,authentication_failed,1,4,2,2662.1,2026-07-07T05:47:02.135899,5,1,1,23980.36
pay_demo_001960,cust_0441,45315.66,INR,netbanking,card_declined,1,20,3,12476.51,2026-04-05T07:32:02.135916,7,6,0,0.0
pay_demo_001961,cust_0221,3894.83,INR,netbanking,card_declined,2,7,0,24037.75,2026-07-11T19:34:02.135932,19,5,1,3691.54
pay_demo_001962,cust_0692,38279.1,INR,netbanking,upi_failure,1,16,4,18838.3,2026-03-14T06:36:02.135949,6,5,1,34560.77
pay_demo_001963,cust_0861,31942.64,INR,credit_card,authentication_failed,1,9,1,3901.0,2026-08-04T03:13:02.135970,3,1,1,28982.67
pay_demo_001964,cust_0317,9581.13,INR,debit_card,insufficient_funds,1,4,0,5176.92,2026-03-30T21:40:02.135987,21,0,1,9354.29
pay_demo_001965,cust_0794,17585.45,INR,netbanking,upi_failure,3,18,5,13954.8,2026-06-16T09:02:02.136003,9,1,1,16823.03
pay_demo_001966,cust_0002,7185.97,INR,netbanking,card_declined,1,17,5,22994.2,2026-04-22T11:43:02.136019,11,2,0,0.0
pay_demo_001967,cust_0587,22501.74,INR,netbanking,upi_failure,2,2,3,24578.36,2026-05-21T12:35:02.136035,12,3,0,0.0
pay_demo_001968,cust_0708,49532.26,INR,debit_card,upi_failure,1,13,1,10913.6,2026-03-02T16:32:02.136050,16,0,0,0.0
pay_demo_001969,cust_0204,2074.23,INR,netbanking,upi_failure,1,19,1,28905.14,2026-05-07T21:55:02.136066,21,3,1,2037.74
pay_demo_001970,cust_0580,32573.68,INR,credit_card,network_error,1,7,2,6573.72,2026-03-03T12:25:02.136082,12,1,0,0.0
pay_demo_001971,cust_0478,36006.99,INR,credit_card,upi_failure,1,5,4,5252.52,2026-05-14T02:49:02.136097,2,3,1,32909.85
pay_demo_001972,cust_0241,49374.92,INR,debit_card,network_error,1,16,4,25573.2,2026-04-04T13:23:02.136114,13,5,1,44882.82
pay_demo_001973,cust_0945,14228.31,INR,netbanking,insufficient_funds,1,10,2,26302.44,2026-06-14T00:48:02.136133,0,6,1,12750.11
pay_demo_001974,cust_0264,39321.12,INR,debit_card,network_error,1,18,4,17878.1,2026-03-25T16:09:02.136150,16,2,0,0.0
pay_demo_001975,cust_0723,47248.55,INR,debit_card,upi_failure,1,9,1,17460.14,2026-06-19T10:46:02.136165,10,4,1,40283.0
pay_demo_001976,cust_0778,33865.88,INR,credit_card,insufficient_funds,1,18,2,15264.88,2026-07-26T04:16:02.136185,4,6,0,0.0
pay_demo_001977,cust_0489,36232.59,INR,credit_card,network_error,1,17,5,23230.84,2026-04-16T05:08:02.136203,5,3,0,0.0
pay_demo_001978,cust_0957,13626.51,INR,credit_card,insufficient_funds,1,0,4,13643.52,2026-08-12T01:51:02.136219,1,2,1,11817.88
pay_demo_001979,cust_0491,38131.85,INR,netbanking,upi_failure,1,16,2,6185.13,2026-03-19T01:12:02.136240,1,3,1,34773.19
pay_demo_001980,cust_0345,23736.36,INR,credit_card,insufficient_funds,1,0,0,9402.25,2026-04-04T10:08:02.136258,10,5,0,0.0
pay_demo_001981,cust_0312,19198.77,INR,upi,insufficient_funds,2,7,4,2110.93,2026-08-20T19:05:02.136274,19,3,0,0.0
pay_demo_001982,cust_0755,43757.15,INR,upi,insufficient_funds,2,6,5,25981.35,2026-06-03T11:07:02.136289,11,2,0,0.0
pay_demo_001983,cust_0365,26532.5,INR,netbanking,insufficient_funds,1,10,5,20487.45,2026-04-29T23:27:02.136307,23,2,1,26293.39
pay_demo_001984,cust_0995,40346.99,INR,credit_card,bank_timeout,1,11,4,9301.17,2026-06-22T01:42:02.136324,1,0,1,36694.87
pay_demo_001985,cust_0227,4415.17,INR,credit_card,network_error,1,1,1,9250.39,2026-07-12T17:09:02.136340,17,6,1,4022.7
pay_demo_001986,cust_0956,33603.28,INR,credit_card,bank_timeout,2,6,2,13996.82,2026-07-12T15:36:02.136357,15,6,0,0.0
pay_demo_001987,cust_0213,32869.96,INR,upi,upi_failure,1,14,5,17593.64,2026-04-20T00:18:02.136372,0,0,0,0.0
pay_demo_001988,cust_0691,40089.61,INR,netbanking,network_error,2,1,4,23848.36,2026-03-14T13:17:02.136387,13,5,0,0.0
pay_demo_001989,cust_0725,44879.88,INR,debit_card,card_declined,2,1,1,26640.57,2026-03-13T21:21:02.136403,21,4,0,0.0
pay_demo_001990,cust_0679,48619.49,INR,netbanking,upi_failure,1,8,1,29809.64,2026-06-11T17:09:02.136418,17,3,0,0.0
pay_demo_001991,cust_0327,3110.58,INR,credit_card,network_error,2,11,0,5319.4,2026-04-06T04:45:02.136433,4,0,1,2840.95
pay_demo_001992,cust_0347,9222.47,INR,debit_card,authentication_failed,2,5,1,6430.73,2026-04-16T19:23:02.136450,19,3,0,0.0
pay_demo_001993,cust_0813,11841.9,INR,credit_card,bank_timeout,1,12,4,29749.44,2026-07-03T17:06:02.136470,17,4,1,10083.31
pay_demo_001994,cust_0023,11129.09,INR,debit_card,card_declined,1,2,5,20921.61,2026-03-09T10:12:02.136487,10,0,0,0.0
pay_demo_001995,cust_0468,18386.97,INR,upi,card_declined,2,4,3,18485.34,2026-05-31T13:47:02.136503,13,6,0,0.0
pay_demo_001996,cust_0921,37469.96,INR,credit_card,upi_failure,1,6,0,2808.14,2026-07-14T16:15:02.136518,16,1,1,35119.03
pay_demo_001997,cust_0789,13064.09,INR,netbanking,insufficient_funds,1,6,2,21643.8,2026-07-25T22:54:02.136535,22,5,1,12163.03
pay_demo_001998,cust_0470,3591.45,INR,upi,bank_timeout,1,5,1,20026.56,2026-07-25T14:59:02.136555,14,5,1,3527.39
pay_demo_001999,cust_0060,22079.46,INR,netbanking,upi_failure,1,17,3,22024.6,2026-08-01T08:21:02.136575,8,5,1,20874.13
pay_demo_002000,cust_0508,16191.52,INR,debit_card,card_declined,1,19,1,27806.95,2026-08-15T11:39:02.136592,11,5,1,15316.74
pay_demo_002001,cust_0233,26933.78,INR,netbanking,insufficient_funds,2,15,5,4875.97,2026-04-20T21:51:02.136621,21,0,0,0.0
pay_demo_002002,cust_0160,15969.56,INR,upi,network_error,2,10,3,12128.99,2026-04-13T14:17:02.136639,14,0,1,14184.3
pay_demo_002003,cust_0520,36290.41,INR,credit_card,insufficient_funds,1,20,1,13815.4,2026-08-08T18:56:02.136657,18,5,1,31554.46
pay_demo_002004,cust_0089,48970.46,INR,upi,network_error,1,16,0,7453.33,2026-05-31T01:27:02.136675,1,6,1,44680.12
pay_demo_002005,cust_0941,37188.81,INR,upi,authentication_failed,2,2,3,25724.2,2026-04-25T14:18:02.136691,14,5,0,0.0
pay_demo_002006,cust_0037,39937.3,INR,credit_card,network_error,1,3,4,29162.92,2026-03-22T15:18:02.136707,15,6,0,0.0
pay_demo_002007,cust_0364,9074.5,INR,debit_card,authentication_failed,2,3,3,3509.7,2026-07-14T19:05:02.136722,19,1,1,8383.34
pay_demo_002008,cust_0398,37472.23,INR,credit_card,insufficient_funds,1,5,1,1133.19,2026-06-14T19:53:02.136739,19,6,1,32486.48
pay_demo_002009,cust_0181,18968.83,INR,debit_card,authentication_failed,2,18,5,11783.75,2026-07-09T17:15:02.136756,17,3,0,0.0
pay_demo_002010,cust_0754,275.08,INR,credit_card,insufficient_funds,3,9,2,13563.15,2026-08-23T14:30:02.136774,14,6,0,0.0
pay_demo_002011,cust_0861,26024.53,INR,debit_card,bank_timeout,1,0,1,804.57,2026-05-24T04:19:02.136791,4,6,0,0.0
pay_demo_002012,cust_0387,38344.57,INR,debit_card,bank_timeout,1,10,1,23746.67,2026-05-05T08:46:02.136806,8,1,0,0.0
pay_demo_002013,cust_0639,35159.14,INR,credit_card,card_declined,1,6,1,28455.05,2026-03-27T00:42:02.136824,0,4,0,0.0
pay_demo_002014,cust_0425,11811.94,INR,credit_card,card_declined,2,15,2,23946.32,2026-07-18T12:26:02.136839,12,5,1,10312.32
pay_demo_002015,cust_0429,4211.56,INR,netbanking,upi_failure,1,4,4,4447.73,2026-03-13T12:26:02.136856,12,4,0,0.0
pay_demo_002016,cust_0743,46386.83,INR,credit_card,network_error,1,2,2,27759.79,2026-05-14T18:00:02.136873,18,3,0,0.0
pay_demo_002017,cust_0156,29652.34,INR,debit_card,authentication_failed,2,12,1,13358.8,2026-05-01T02:16:02.136890,2,4,1,28817.76
pay_demo_002018,cust_0662,20548.56,INR,debit_card,authentication_failed,2,5,0,13228.2,2026-08-08T13:20:02.136919,13,5,1,18265.23
pay_demo_002019,cust_0527,1547.98,INR,debit_card,bank_timeout,1,3,1,19813.69,2026-08-17T22:45:02.136938,22,0,1,1449.04
pay_demo_002020,cust_0873,42579.37,INR,credit_card,bank_timeout,2,2,1,25589.86,2026-08-03T18:12:02.136955,18,0,1,36679.59
pay_demo_002021,cust_0768,14944.41,INR,upi,authentication_failed,1,4,3,16531.48,2026-04-12T08:37:02.136971,8,6,1,13370.66
pay_demo_002022,cust_0009,5378.26,INR,upi,network_error,1,17,4,2225.39,2026-06-09T14:14:02.136991,14,1,1,4679.27
pay_demo_002023,cust_0857,33751.22,INR,upi,card_declined,1,16,3,13546.2,2026-04-15T08:47:02.137010,8,2,0,0.0
pay_demo_002024,cust_0852,15821.18,INR,debit_card,authentication_failed,3,20,3,8812.18,2026-05-17T00:43:02.137026,0,6,1,15287.38
pay_demo_002025,cust_0122,29870.51,INR,credit_card,insufficient_funds,1,5,0,18510.19,2026-05-08T19:51:02.137042,19,4,1,25726.44
pay_demo_002026,cust_0188,1051.97,INR,upi,bank_timeout,1,19,2,16190.98,2026-07-30T14:16:02.137060,14,3,1,970.8
pay_demo_002027,cust_0524,45868.42,INR,upi,bank_timeout,1,19,3,5026.02,2026-05-15T05:23:02.137078,5,4,0,0.0
pay_demo_002028,cust_0609,48842.86,INR,debit_card,network_error,1,3,5,5246.07,2026-03-02T17:55:02.137098,17,0,1,46903.96
pay_demo_002029,cust_0021,3039.25,INR,netbanking,card_declined,1,5,5,562.86,2026-08-26T12:03:02.137118,12,2,1,2673.04
pay_demo_002030,cust_0166,27054.22,INR,credit_card,network_error,1,3,0,9992.08,2026-08-16T13:11:02.137137,13,6,1,23724.36
pay_demo_002031,cust_0251,44337.54,INR,credit_card,network_error,2,11,4,20828.82,2026-05-13T04:52:02.137154,4,2,1,42076.22
pay_demo_002032,cust_0579,38411.86,INR,upi,bank_timeout,1,17,5,13249.77,2026-05-02T10:03:02.137172,10,5,0,0.0
pay_demo_002033,cust_0250,42918.17,INR,credit_card,network_error,3,6,4,18477.71,2026-05-21T02:12:02.137190,2,3,0,0.0
pay_demo_002034,cust_0904,47994.98,INR,credit_card,card_declined,1,2,4,10418.56,2026-07-29T03:28:02.137208,3,2,0,0.0
pay_demo_002035,cust_0935,40604.0,INR,netbanking,insufficient_funds,1,3,1,13304.58,2026-06-10T21:02:02.137225,21,2,0,0.0
pay_demo_002036,cust_0997,3904.4,INR,credit_card,authentication_failed,1,5,1,27052.03,2026-03-25T19:56:02.137242,19,2,1,3712.9
pay_demo_002037,cust_0870,25503.47,INR,credit_card,upi_failure,2,14,5,18202.56,2026-08-11T07:32:02.137262,7,1,0,0.0
pay_demo_002038,cust_0334,35470.7,INR,upi,card_declined,3,15,3,11876.46,2026-03-14T22:35:02.137281,22,5,0,0.0
pay_demo_002039,cust_0774,31531.65,INR,debit_card,network_error,1,20,4,15918.08,2026-03-13T15:47:02.137298,15,4,0,0.0
pay_demo_002040,cust_0789,3938.01,INR,credit_card,card_declined,1,13,0,14089.01,2026-04-21T01:55:02.137314,1,1,0,0.0
pay_demo_002041,cust_0361,48502.86,INR,netbanking,network_error,2,20,1,16460.02,2026-06-12T12:20:02.137330,12,4,1,44846.8
pay_demo_002042,cust_0753,33842.74,INR,credit_card,authentication_failed,1,11,5,28623.56,2026-05-17T06:38:02.137348,6,6,0,0.0
pay_demo_002043,cust_0783,8706.58,INR,debit_card,network_error,2,4,2,13722.41,2026-06-10T04:30:02.137368,4,2,0,0.0
pay_demo_002044,cust_0608,28362.12,INR,credit_card,upi_failure,1,19,2,20299.29,2026-03-20T04:02:02.137384,4,4,1,27358.09
pay_demo_002045,cust_0756,15033.5,INR,credit_card,network_error,2,0,3,8409.45,2026-04-28T19:14:02.137402,19,1,1,14170.6
pay_demo_002046,cust_0434,29595.23,INR,debit_card,bank_timeout,2,18,4,12192.54,2026-08-22T07:02:02.137419,7,5,0,0.0
pay_demo_002047,cust_0567,39135.97,INR,netbanking,upi_failure,1,15,2,16994.92,2026-03-05T04:08:02.137434,4,3,0,0.0
pay_demo_002048,cust_0585,14354.49,INR,debit_card,bank_timeout,3,6,4,24158.49,2026-06-11T20:36:02.137450,20,3,0,0.0
pay_demo_002049,cust_0474,12278.09,INR,netbanking,network_error,2,10,1,12260.71,2026-04-01T06:11:02.137466,6,2,0,0.0
pay_demo_002050,cust_0547,5519.53,INR,netbanking,upi_failure,2,17,0,8324.02,2026-06-08T23:12:02.137482,23,0,1,5192.44
pay_demo_002051,cust_0679,32072.48,INR,netbanking,bank_timeout,1,5,0,25152.98,2026-08-19T18:37:02.137499,18,2,1,27932.92
pay_demo_002052,cust_0470,2146.41,INR,netbanking,upi_failure,1,1,0,25276.08,2026-07-13T15:28:02.137516,15,0,1,2092.82
pay_demo_002053,cust_0368,26100.16,INR,credit_card,bank_timeout,1,17,4,16888.56,2026-03-10T22:41:02.137536,22,1,0,0.0
pay_demo_002054,cust_0495,15395.04,INR,credit_card,network_error,1,15,2,25085.52,2026-07-31T06:40:02.137552,6,4,0,0.0
pay_demo_002055,cust_0426,49215.55,INR,credit_card,bank_timeout,1,14,2,27498.36,2026-08-15T23:49:02.137569,23,5,0,0.0
pay_demo_002056,cust_0048,34046.92,INR,netbanking,authentication_failed,1,18,4,10998.78,2026-07-06T23:04:02.137585,23,0,0,0.0
pay_demo_002057,cust_0992,47525.72,INR,netbanking,upi_failure,1,8,4,6151.67,2026-05-07T06:20:02.137601,6,3,0,0.0
pay_demo_002058,cust_0865,44880.69,INR,debit_card,card_declined,1,1,4,22954.52,2026-08-23T03:55:02.137616,3,6,0,0.0
pay_demo_002059,cust_0544,23710.78,INR,netbanking,authentication_failed,2,0,0,19115.19,2026-07-06T10:39:02.137633,10,0,0,0.0
pay_demo_002060,cust_0910,34459.02,INR,upi,insufficient_funds,1,9,2,28515.97,2026-06-24T19:24:02.137648,19,2,0,0.0
pay_demo_002061,cust_0610,46919.5,INR,netbanking,card_declined,1,10,3,16979.47,2026-05-17T12:52:02.137664,12,6,0,0.0
pay_demo_002062,cust_0309,47011.93,INR,netbanking,insufficient_funds,2,4,0,10046.41,2026-05-31T04:24:02.137684,4,6,0,0.0
pay_demo_002063,cust_0447,43637.69,INR,credit_card,upi_failure,2,5,1,28198.75,2026-07-12T20:24:02.137702,20,6,0,0.0
pay_demo_002064,cust_0009,16722.9,INR,credit_card,authentication_failed,1,9,3,23897.28,2026-06-22T08:43:02.137720,8,0,0,0.0
pay_demo_002065,cust_0492,45058.18,INR,debit_card,network_error,1,10,2,18119.99,2026-03-27T10:42:02.137740,10,4,0,0.0
pay_demo_002066,cust_0175,5000.17,INR,credit_card,network_error,1,0,3,24997.88,2026-07-23T14:41:02.137758,14,3,1,4796.65
pay_demo_002067,cust_0224,5261.04,INR,upi,bank_timeout,2,12,1,19923.15,2026-08-04T21:03:02.137775,21,1,1,5037.81
pay_demo_002068,cust_0484,11994.06,INR,credit_card,authentication_failed,3,15,1,13055.16,2026-06-19T06:21:02.137792,6,4,1,11176.5
pay_demo_002069,cust_0253,30950.78,INR,debit_card,authentication_failed,1,17,2,5543.59,2026-03-31T02:43:02.137811,2,1,1,27098.85
pay_demo_002070,cust_0862,17444.51,INR,debit_card,bank_timeout,1,16,2,14932.98,2026-03-23T21:34:02.137828,21,0,1,15002.0
pay_demo_002071,cust_0345,45828.6,INR,upi,upi_failure,1,2,2,13722.99,2026-06-10T15:32:02.137846,15,2,1,40537.6
pay_demo_002072,cust_0375,32003.7,INR,debit_card,insufficient_funds,1,16,5,22428.82,2026-06-13T20:09:02.137863,20,5,1,30993.04
pay_demo_002073,cust_0473,6130.31,INR,debit_card,authentication_failed,2,18,3,6383.44,2026-06-14T04:49:02.137882,4,6,1,5244.46
pay_demo_002074,cust_0237,24518.85,INR,upi,insufficient_funds,1,16,1,12927.92,2026-08-10T01:50:02.137899,1,0,1,21722.4
pay_demo_002075,cust_0660,26154.05,INR,credit_card,card_declined,2,16,3,15427.81,2026-07-14T06:58:02.137916,6,1,1,23614.33
pay_demo_002076,cust_0179,24099.97,INR,netbanking,insufficient_funds,1,17,3,5926.66,2026-03-05T21:42:02.137932,21,3,0,0.0
pay_demo_002077,cust_0186,6286.91,INR,debit_card,card_declined,1,6,2,22003.69,2026-04-26T07:59:02.137949,7,6,1,5439.62
pay_demo_002078,cust_0579,43201.15,INR,debit_card,card_declined,1,6,2,8736.88,2026-05-22T08:57:02.137965,8,4,0,0.0
pay_demo_002079,cust_0753,24063.7,INR,netbanking,insufficient_funds,1,12,4,27998.2,2026-06-09T16:49:02.137985,16,1,1,23391.0
pay_demo_002080,cust_0140,29465.51,INR,debit_card,card_declined,1,13,2,29164.23,2026-06-01T22:23:02.138005,22,0,0,0.0
pay_demo_002081,cust_0602,28840.76,INR,upi,authentication_failed,1,1,4,18069.53,2026-06-01T08:48:02.138025,8,0,0,0.0
pay_demo_002082,cust_0592,1044.7,INR,credit_card,authentication_failed,2,5,0,21276.02,2026-04-11T04:36:02.138042,4,5,0,0.0
pay_demo_002083,cust_0680,26198.95,INR,debit_card,insufficient_funds,1,12,2,22215.62,2026-04-18T07:43:02.138060,7,5,1,24702.67
pay_demo_002084,cust_0962,45067.01,INR,netbanking,network_error,1,5,4,27369.74,2026-05-25T08:41:02.138078,8,0,1,42600.33
pay_demo_002085,cust_0585,17556.77,INR,credit_card,network_error,2,18,0,5784.93,2026-08-09T09:15:02.138095,9,6,1,16460.72
pay_demo_002086,cust_0749,27032.89,INR,upi,insufficient_funds,1,17,1,19359.28,2026-05-04T21:33:02.138115,21,0,1,23036.3
pay_demo_002087,cust_0337,37580.52,INR,debit_card,upi_failure,2,3,2,23946.75,2026-07-06T10:31:02.138132,10,0,1,36230.72
pay_demo_002088,cust_0164,26249.0,INR,netbanking,network_error,1,5,5,6920.32,2026-08-20T17:29:02.138150,17,3,1,24291.26
pay_demo_002089,cust_0771,21833.99,INR,upi,bank_timeout,1,19,3,25111.62,2026-08-07T15:04:02.138167,15,4,1,19661.16
pay_demo_002090,cust_0012,44397.9,INR,upi,authentication_failed,2,18,5,25454.73,2026-08-01T09:33:02.138188,9,5,0,0.0
pay_demo_002091,cust_0591,2540.31,INR,debit_card,insufficient_funds,1,13,3,17763.43,2026-07-02T12:57:02.138204,12,3,1,2398.56
pay_demo_002092,cust_0673,15791.43,INR,upi,authentication_failed,1,0,5,9893.3,2026-07-26T02:37:02.138221,2,6,0,0.0
pay_demo_002093,cust_0021,37357.21,INR,upi,bank_timeout,1,18,0,807.84,2026-04-13T19:08:02.138240,19,0,1,34967.31
pay_demo_002094,cust_0486,15507.21,INR,debit_card,upi_failure,1,13,0,17432.05,2026-03-04T07:42:02.138257,7,2,1,15103.29
pay_demo_002095,cust_0817,5233.0,INR,upi,bank_timeout,1,1,1,9330.44,2026-05-01T17:37:02.138274,17,4,0,0.0
pay_demo_002096,cust_0072,45307.69,INR,netbanking,insufficient_funds,1,12,1,27492.87,2026-08-07T17:18:02.138302,17,4,1,40881.21
pay_demo_002097,cust_0738,30059.28,INR,credit_card,insufficient_funds,1,19,0,21277.28,2026-03-20T13:28:02.138333,13,4,1,27001.16
pay_demo_002098,cust_0895,48833.3,INR,netbanking,bank_timeout,1,9,3,20136.94,2026-08-05T03:41:02.138352,3,2,1,47813.47
pay_demo_002099,cust_0841,18903.56,INR,netbanking,network_error,1,11,0,3487.23,2026-06-14T16:37:02.138368,16,6,1,18780.27
pay_demo_002100,cust_0629,2320.85,INR,credit_card,network_error,2,15,3,5860.47,2026-08-20T18:28:02.138385,18,3,1,2179.68
pay_demo_002101,cust_0785,32577.81,INR,netbanking,bank_timeout,1,7,2,5724.13,2026-08-06T11:11:02.138402,11,3,1,28936.69
pay_demo_002102,cust_0071,40886.61,INR,netbanking,bank_timeout,1,3,4,29975.69,2026-05-01T13:22:02.138418,13,4,1,40222.06
pay_demo_002103,cust_0343,26863.58,INR,debit_card,card_declined,2,1,2,28918.37,2026-08-18T17:20:02.138440,17,1,0,0.0
pay_demo_002104,cust_0574,27433.77,INR,credit_card,card_declined,3,0,2,4709.94,2026-05-12T17:35:02.138457,17,1,1,23871.44
pay_demo_002105,cust_0878,25553.68,INR,upi,upi_failure,1,8,3,3923.75,2026-04-01T16:25:02.138474,16,2,1,22935.66
pay_demo_002106,cust_0217,46342.94,INR,netbanking,network_error,2,13,3,12362.89,2026-03-03T02:07:02.138491,2,1,1,43609.72
pay_demo_002107,cust_0989,34664.36,INR,upi,network_error,1,16,4,23024.18,2026-06-17T04:30:02.138511,4,2,1,31827.14
pay_demo_002108,cust_0277,43584.2,INR,debit_card,bank_timeout,2,7,2,16360.31,2026-05-03T19:08:02.138528,19,6,1,40256.28
pay_demo_002109,cust_0465,13440.93,INR,credit_card,bank_timeout,1,13,4,28815.74,2026-07-28T20:14:02.138558,20,1,1,12198.48
pay_demo_002110,cust_0853,41073.89,INR,upi,insufficient_funds,1,6,4,15364.37,2026-04-16T21:30:02.138598,21,3,0,0.0
pay_demo_002111,cust_0506,10436.21,INR,netbanking,card_declined,1,11,4,7062.12,2026-06-29T17:37:02.138648,17,0,1,9315.31
pay_demo_002112,cust_0487,22585.45,INR,debit_card,bank_timeout,1,0,4,867.46,2026-07-30T12:50:02.138701,12,3,0,0.0
pay_demo_002113,cust_0525,41330.05,INR,netbanking,bank_timeout,1,4,3,4430.59,2026-06-21T19:00:02.138736,19,6,1,40857.83
pay_demo_002114,cust_0070,32829.4,INR,credit_card,insufficient_funds,2,19,0,21862.75,2026-05-28T09:33:02.138765,9,3,0,0.0
pay_demo_002115,cust_0138,564.68,INR,debit_card,bank_timeout,1,15,5,17951.17,2026-02-28T15:56:02.138798,15,5,0,0.0
pay_demo_002116,cust_0579,10911.56,INR,debit_card,upi_failure,3,7,4,19475.77,2026-08-12T04:32:02.138827,4,2,0,0.0
pay_demo_002117,cust_0732,30883.06,INR,upi,authentication_failed,2,4,2,16547.59,2026-04-30T23:25:02.138845,23,3,0,0.0
pay_demo_002118,cust_0748,36821.86,INR,netbanking,insufficient_funds,2,8,4,12502.78,2026-07-12T18:39:02.138861,18,6,0,0.0
pay_demo_002119,cust_0081,49594.42,INR,debit_card,insufficient_funds,1,0,2,25055.26,2026-03-03T03:19:02.138878,3,1,0,0.0
pay_demo_002120,cust_0220,8785.09,INR,upi,bank_timeout,1,19,0,1545.66,2026-06-10T11:29:02.138894,11,2,0,0.0
pay_demo_002121,cust_0442,5140.99,INR,netbanking,insufficient_funds,1,0,1,16611.58,2026-05-05T01:21:02.138910,1,1,1,4500.81
pay_demo_002122,cust_0957,46512.36,INR,upi,bank_timeout,1,7,3,26851.24,2026-05-13T00:54:02.138928,0,2,1,40024.43
pay_demo_002123,cust_0370,9990.38,INR,upi,bank_timeout,1,15,4,9733.16,2026-08-12T20:31:02.138952,20,2,1,8856.56
pay_demo_002124,cust_0342,47774.68,INR,upi,bank_timeout,2,6,4,14113.63,2026-07-10T22:21:02.138969,22,4,0,0.0
pay_demo_002125,cust_0463,8748.93,INR,upi,bank_timeout,1,12,4,1717.07,2026-04-19T08:06:02.138986,8,6,1,7535.76
pay_demo_002126,cust_0400,24881.59,INR,credit_card,bank_timeout,1,8,2,26169.09,2026-06-17T00:36:02.139003,0,2,1,24106.58
pay_demo_002127,cust_0508,5725.78,INR,credit_card,network_error,2,2,3,25109.92,2026-05-03T15:43:02.139024,15,6,0,0.0
pay_demo_002128,cust_0251,20471.7,INR,credit_card,insufficient_funds,2,9,1,5918.18,2026-07-22T21:21:02.139047,21,2,1,18620.99
pay_demo_002129,cust_0148,17247.6,INR,credit_card,network_error,1,2,1,28653.32,2026-03-10T01:01:02.139065,1,1,1,16169.64
pay_demo_002130,cust_0313,37147.01,INR,netbanking,card_declined,2,12,4,1166.82,2026-03-08T18:36:02.139084,18,6,0,0.0
pay_demo_002131,cust_0657,31350.39,INR,debit_card,bank_timeout,1,4,3,12564.77,2026-03-14T09:24:02.139107,9,5,1,30496.13
pay_demo_002132,cust_0738,27948.13,INR,credit_card,upi_failure,2,11,4,16431.47,2026-07-30T12:00:02.139124,12,3,1,24306.82
pay_demo_002133,cust_0109,28833.63,INR,upi,upi_failure,3,17,4,27704.53,2026-08-04T18:11:02.139143,18,1,1,26367.78
pay_demo_002134,cust_0902,20349.25,INR,debit_card,authentication_failed,1,17,3,8031.33,2026-04-07T10:12:02.139160,10,1,0,0.0
pay_demo_002135,cust_0900,45433.39,INR,netbanking,insufficient_funds,1,12,0,27281.71,2026-04-21T07:45:02.139176,7,1,1,40744.4
pay_demo_002136,cust_0266,1377.05,INR,credit_card,card_declined,2,17,0,29313.26,2026-07-30T06:00:02.139193,6,3,0,0.0
pay_demo_002137,cust_0503,14720.48,INR,credit_card,bank_timeout,1,1,0,12408.09,2026-04-14T17:37:02.139208,17,1,1,13854.76
pay_demo_002138,cust_0748,31341.3,INR,credit_card,upi_failure,3,8,4,8435.96,2026-05-08T15:34:02.139227,15,4,0,0.0
pay_demo_002139,cust_0968,47539.08,INR,credit_card,bank_timeout,1,16,3,9897.55,2026-05-09T18:53:02.139261,18,5,0,0.0
pay_demo_002140,cust_0732,42813.01,INR,credit_card,bank_timeout,3,6,5,21942.16,2026-03-05T00:53:02.139280,0,3,0,0.0
pay_demo_002141,cust_0888,924.33,INR,debit_card,bank_timeout,2,6,0,2298.31,2026-08-23T06:29:02.139296,6,6,1,837.94
pay_demo_002142,cust_0813,14726.2,INR,netbanking,card_declined,1,3,4,642.46,2026-04-17T07:26:02.139315,7,4,0,0.0
pay_demo_002143,cust_0787,38951.62,INR,upi,bank_timeout,1,12,0,1182.71,2026-08-04T11:26:02.139334,11,1,1,37508.28
pay_demo_002144,cust_0643,7782.95,INR,credit_card,insufficient_funds,1,6,3,22393.85,2026-04-01T02:28:02.139353,2,2,1,7718.82
pay_demo_002145,cust_0592,36392.43,INR,upi,card_declined,1,10,2,16528.14,2026-08-06T06:35:02.139371,6,3,0,0.0
pay_demo_002146,cust_0492,49998.75,INR,netbanking,insufficient_funds,1,0,4,24570.1,2026-03-30T07:45:02.139388,7,0,0,0.0
pay_demo_002147,cust_0701,11112.08,INR,netbanking,bank_timeout,2,7,3,2933.22,2026-08-03T07:06:02.139415,7,0,0,0.0
pay_demo_002148,cust_0088,16053.37,INR,debit_card,authentication_failed,1,16,1,22897.27,2026-06-09T20:01:02.139469,20,1,1,14100.75
pay_demo_002149,cust_0267,40285.01,INR,upi,bank_timeout,1,10,1,8693.16,2026-05-14T23:34:02.139525,23,3,1,36185.92
pay_demo_002150,cust_0967,28822.76,INR,debit_card,upi_failure,1,8,3,13242.3,2026-07-21T01:59:02.139578,1,1,1,24912.19
pay_demo_002151,cust_0564,7069.82,INR,upi,insufficient_funds,2,17,0,20817.19,2026-07-20T19:21:02.139625,19,0,1,6245.29
pay_demo_002152,cust_0458,29903.88,INR,debit_card,bank_timeout,1,12,1,1493.58,2026-05-31T07:06:02.139668,7,6,1,25732.41
pay_demo_002153,cust_0269,34503.59,INR,credit_card,card_declined,1,11,5,29142.7,2026-05-14T14:52:02.139720,14,3,0,0.0
pay_demo_002154,cust_0974,46541.5,INR,debit_card,card_declined,1,9,0,5204.38,2026-08-03T06:54:02.139763,6,0,1,43411.54
pay_demo_002155,cust_0340,5537.71,INR,upi,authentication_failed,1,2,5,5712.34,2026-03-19T13:40:02.139803,13,3,0,0.0
pay_demo_002156,cust_0579,1091.37,INR,netbanking,bank_timeout,2,1,3,18247.64,2026-07-02T22:46:02.139839,22,3,1,997.48
pay_demo_002157,cust_0025,2878.35,INR,credit_card,network_error,1,4,3,3056.64,2026-08-05T00:06:02.139880,0,2,1,2768.53
pay_demo_002158,cust_0180,10185.09,INR,credit_card,network_error,2,20,3,2524.99,2026-08-05T20:01:02.139925,20,2,1,9657.8
pay_demo_002159,cust_0271,47335.89,INR,debit_card,bank_timeout,1,13,3,22667.19,2026-07-01T00:04:02.139961,0,2,1,47148.11
pay_demo_002160,cust_0265,15740.42,INR,upi,upi_failure,1,4,3,12859.38,2026-07-02T03:43:02.139999,3,3,1,14283.22
pay_demo_002161,cust_0990,1452.63,INR,upi,upi_failure,1,11,3,21715.77,2026-03-20T17:16:02.140039,17,4,1,1302.09
pay_demo_002162,cust_0866,7615.26,INR,credit_card,upi_failure,1,13,0,14989.49,2026-05-15T06:52:02.140075,6,4,1,6659.37
pay_demo_002163,cust_0326,37891.74,INR,credit_card,card_declined,1,5,3,13865.36,2026-08-27T07:37:02.140118,7,3,0,0.0
pay_demo_002164,cust_0868,21031.62,INR,netbanking,upi_failure,2,12,1,25749.81,2026-06-18T21:03:02.140155,21,3,0,0.0
pay_demo_002165,cust_0637,43990.19,INR,netbanking,network_error,1,8,4,9156.83,2026-04-30T21:20:02.140189,21,3,1,38445.07
pay_demo_002166,cust_0062,32027.77,INR,debit_card,bank_timeout,1,3,4,9447.59,2026-04-05T08:43:02.140224,8,6,0,0.0
pay_demo_002167,cust_0997,7449.61,INR,credit_card,upi_failure,2,6,2,2082.6,2026-05-12T00:14:02.140257,0,1,0,0.0
pay_demo_002168,cust_0388,27474.65,INR,upi,insufficient_funds,1,20,3,25382.56,2026-03-26T00:14:02.140295,0,3,1,24821.75
pay_demo_002169,cust_0366,12987.54,INR,credit_card,bank_timeout,3,8,2,19463.13,2026-08-05T20:56:02.140333,20,2,1,12345.79
pay_demo_002170,cust_0628,24754.27,INR,credit_card,network_error,1,16,1,14176.18,2026-08-27T02:35:02.140368,2,3,1,21908.15
pay_demo_002171,cust_0231,17000.69,INR,debit_card,network_error,2,16,1,21858.46,2026-04-14T07:45:02.140411,7,1,1,15946.7
pay_demo_002172,cust_0430,26934.65,INR,netbanking,card_declined,1,0,2,25478.9,2026-08-02T22:51:02.140453,22,6,0,0.0
pay_demo_002173,cust_0094,8217.69,INR,debit_card,upi_failure,1,8,0,24163.34,2026-07-11T16:07:02.140492,16,5,1,7021.16
pay_demo_002174,cust_0726,20192.14,INR,debit_card,network_error,2,16,3,623.64,2026-06-27T08:53:02.140535,8,5,1,17467.66
pay_demo_002175,cust_0748,32164.63,INR,netbanking,bank_timeout,3,6,1,2343.22,2026-03-02T17:56:02.140571,17,0,1,30209.06
pay_demo_002176,cust_0564,41437.98,INR,upi,bank_timeout,1,8,0,28181.57,2026-07-05T14:04:02.140609,14,6,1,41045.07
pay_demo_002177,cust_0833,6015.47,INR,upi,authentication_failed,1,3,4,24767.75,2026-03-14T06:36:02.140664,6,5,0,0.0
pay_demo_002178,cust_0047,39077.58,INR,upi,authentication_failed,2,4,2,20670.42,2026-03-23T22:16:02.140708,22,0,0,0.0
pay_demo_002179,cust_0520,13066.85,INR,debit_card,authentication_failed,1,16,2,26086.4,2026-08-25T03:55:02.140746,3,1,1,11257.83
pay_demo_002180,cust_0982,21989.97,INR,credit_card,upi_failure,1,3,0,14440.17,2026-07-16T06:29:02.140781,6,3,0,0.0
pay_demo_002181,cust_0693,43387.97,INR,netbanking,network_error,2,15,1,23491.99,2026-03-27T22:17:02.140818,22,4,0,0.0
pay_demo_002182,cust_0233,23503.82,INR,netbanking,bank_timeout,1,17,5,15603.58,2026-03-23T08:09:02.140853,8,0,1,20523.4
pay_demo_002183,cust_0916,10299.57,INR,netbanking,upi_failure,1,3,4,6339.98,2026-06-02T17:00:02.140900,17,1,1,9445.85
pay_demo_002184,cust_0430,28070.98,INR,upi,bank_timeout,1,9,4,940.27,2026-04-09T12:12:02.140937,12,3,1,25342.05
pay_demo_002185,cust_0888,48519.97,INR,upi,bank_timeout,1,8,5,26109.73,2026-07-09T19:49:02.140972,19,3,0,0.0
pay_demo_002186,cust_0898,19884.02,INR,credit_card,insufficient_funds,3,3,3,17759.87,2026-05-21T04:20:02.141005,4,3,0,0.0
pay_demo_002187,cust_0782,19244.85,INR,debit_card,card_declined,1,15,0,11973.54,2026-05-06T02:19:02.141037,2,2,0,0.0
pay_demo_002188,cust_0366,3501.4,INR,upi,insufficient_funds,1,11,5,22582.75,2026-07-22T21:42:02.141069,21,2,0,0.0
pay_demo_002189,cust_0057,36842.83,INR,netbanking,upi_failure,2,12,0,630.15,2026-08-25T17:50:02.141100,17,1,0,0.0
pay_demo_002190,cust_0373,2511.75,INR,debit_card,insufficient_funds,1,6,5,22567.7,2026-07-30T04:28:02.141141,4,3,0,0.0
pay_demo_002191,cust_0887,11262.14,INR,credit_card,upi_failure,1,9,4,2445.77,2026-08-21T23:43:02.141177,23,4,1,11114.96
pay_demo_002192,cust_0757,21369.3,INR,upi,bank_timeout,1,7,0,4847.12,2026-05-25T21:38:02.141213,21,0,1,19690.54
pay_demo_002193,cust_0374,38229.8,INR,netbanking,authentication_failed,1,7,1,20198.52,2026-03-23T13:48:02.141235,13,0,0,0.0
pay_demo_002194,cust_0318,27587.54,INR,upi,bank_timeout,1,3,2,27406.48,2026-05-12T15:13:02.141253,15,1,0,0.0
pay_demo_002195,cust_0160,24631.08,INR,netbanking,bank_timeout,1,7,4,10440.32,2026-07-30T19:28:02.141270,19,3,1,23782.89
pay_demo_002196,cust_0928,22562.2,INR,netbanking,upi_failure,2,4,1,17972.12,2026-04-05T08:30:02.141288,8,6,0,0.0
pay_demo_002197,cust_0101,17200.03,INR,debit_card,insufficient_funds,1,20,0,22991.6,2026-03-27T09:52:02.141304,9,4,1,15205.9
pay_demo_002198,cust_0393,1139.27,INR,debit_card,upi_failure,1,11,2,12974.12,2026-05-01T09:53:02.141323,9,4,1,974.65
pay_demo_002199,cust_0067,22188.84,INR,upi,card_declined,1,16,3,4113.84,2026-05-21T15:14:02.141340,15,3,1,21031.71
pay_demo_002200,cust_0545,49746.41,INR,credit_card,card_declined,1,1,1,3382.23,2026-06-07T14:48:02.141357,14,6,0,0.0
pay_demo_002201,cust_0543,994.1,INR,credit_card,card_declined,1,2,2,15346.02,2026-06-05T01:33:02.141373,1,4,0,0.0
pay_demo_002202,cust_0688,9217.18,INR,upi,insufficient_funds,1,10,2,23232.05,2026-05-19T02:29:02.141390,2,1,1,8391.54
pay_demo_002203,cust_0152,44696.45,INR,credit_card,network_error,1,9,0,13736.5,2026-05-10T15:54:02.141414,15,6,1,38060.94
pay_demo_002204,cust_0669,44639.93,INR,credit_card,insufficient_funds,1,2,5,6592.55,2026-06-02T17:16:02.141432,17,1,0,0.0
pay_demo_002205,cust_0562,48351.38,INR,netbanking,card_declined,1,4,2,18310.39,2026-07-03T07:35:02.141448,7,4,0,0.0
pay_demo_002206,cust_0740,25296.7,INR,netbanking,network_error,1,0,2,15751.87,2026-04-16T11:25:02.141466,11,3,0,0.0
pay_demo_002207,cust_0696,11841.05,INR,upi,authentication_failed,1,11,1,8161.39,2026-05-31T23:19:02.141482,23,6,1,10997.07
pay_demo_002208,cust_0855,30278.41,INR,credit_card,card_declined,1,13,5,2972.34,2026-06-05T04:08:02.141499,4,4,0,0.0
pay_demo_002209,cust_0461,21567.4,INR,debit_card,bank_timeout,1,20,5,9989.24,2026-05-04T22:15:02.141518,22,0,1,19864.73
pay_demo_002210,cust_0610,44115.43,INR,netbanking,authentication_failed,1,8,1,13371.86,2026-08-08T05:17:02.141536,5,5,1,43206.58
pay_demo_002211,cust_0248,41592.44,INR,debit_card,insufficient_funds,2,15,1,25879.24,2026-07-25T09:16:02.141553,9,5,0,0.0
pay_demo_002212,cust_0212,9177.07,INR,credit_card,insufficient_funds,2,4,3,3546.98,2026-08-08T09:09:02.141569,9,5,1,8311.2
pay_demo_002213,cust_0909,24606.77,INR,upi,card_declined,1,5,0,23493.42,2026-07-18T04:06:02.141591,4,5,0,0.0
pay_demo_002214,cust_0557,18723.06,INR,debit_card,upi_failure,2,12,4,16827.04,2026-08-19T12:51:02.141607,12,2,0,0.0
pay_demo_002215,cust_0963,5357.55,INR,netbanking,network_error,1,18,1,6021.82,2026-07-12T00:36:02.141622,0,6,1,5353.45
pay_demo_002216,cust_0583,39776.73,INR,upi,bank_timeout,3,8,1,20518.94,2026-06-20T08:09:02.141640,8,5,0,0.0
pay_demo_002217,cust_0080,3215.39,INR,upi,bank_timeout,1,0,1,24283.59,2026-08-07T11:03:02.141660,11,4,0,0.0
pay_demo_002218,cust_0199,22393.28,INR,upi,upi_failure,1,1,2,17707.42,2026-07-05T18:36:02.141678,18,6,0,0.0
pay_demo_002219,cust_0856,23050.13,INR,debit_card,upi_failure,1,7,0,25959.25,2026-05-07T18:26:02.141694,18,3,0,0.0
pay_demo_002220,cust_0286,39169.48,INR,netbanking,insufficient_funds,2,0,4,7057.63,2026-04-05T22:15:02.141709,22,6,0,0.0
pay_demo_002221,cust_0408,37860.36,INR,debit_card,upi_failure,1,11,4,21991.56,2026-04-09T13:56:02.141728,13,3,1,36150.29
pay_demo_002222,cust_0225,36960.37,INR,credit_card,insufficient_funds,1,5,3,5815.38,2026-08-05T18:05:02.141747,18,2,0,0.0
pay_demo_002223,cust_0587,6070.07,INR,netbanking,insufficient_funds,1,1,2,29260.74,2026-04-05T10:59:02.141769,10,6,0,0.0
pay_demo_002224,cust_0129,41556.17,INR,netbanking,card_declined,1,10,1,13881.71,2026-07-16T06:21:02.141785,6,3,0,0.0
pay_demo_002225,cust_0312,17923.71,INR,credit_card,network_error,1,19,5,18984.75,2026-05-24T23:34:02.141803,23,6,1,17178.4
pay_demo_002226,cust_0518,42986.29,INR,netbanking,upi_failure,2,13,5,15107.27,2026-05-26T10:08:02.141821,10,1,1,42154.75
pay_demo_002227,cust_0174,2420.82,INR,upi,authentication_failed,2,3,4,28815.0,2026-07-15T05:00:02.141839,5,2,0,0.0
pay_demo_002228,cust_0170,9471.3,INR,upi,upi_failure,2,9,1,18781.05,2026-06-17T15:28:02.141856,15,2,1,8863.84
pay_demo_002229,cust_0036,29322.12,INR,credit_card,insufficient_funds,1,6,1,6585.55,2026-08-26T18:47:02.141873,18,2,1,26496.29
pay_demo_002230,cust_0042,7867.42,INR,debit_card,authentication_failed,2,11,0,3848.9,2026-07-01T13:44:02.141894,13,2,1,7075.05
pay_demo_002231,cust_0736,34210.93,INR,upi,insufficient_funds,2,18,4,24488.2,2026-04-06T14:18:02.141915,14,0,0,0.0
pay_demo_002232,cust_0803,10565.93,INR,credit_card,insufficient_funds,1,5,2,25569.16,2026-05-19T18:25:02.141943,18,1,0,0.0
pay_demo_002233,cust_0437,6786.68,INR,upi,upi_failure,1,17,5,7299.5,2026-07-26T15:14:02.141983,15,6,1,6043.77
pay_demo_002234,cust_0166,44009.25,INR,upi,card_declined,2,19,3,9735.18,2026-03-24T04:23:02.142031,4,1,0,0.0
pay_demo_002235,cust_0138,47578.67,INR,upi,insufficient_funds,1,15,3,6343.59,2026-04-26T09:43:02.142076,9,6,0,0.0
pay_demo_002236,cust_0603,18710.42,INR,credit_card,bank_timeout,2,12,1,18061.28,2026-06-20T03:57:02.142112,3,5,0,0.0
pay_demo_002237,cust_0580,10316.84,INR,netbanking,upi_failure,1,3,4,4406.95,2026-05-18T09:58:02.142152,9,0,1,9857.21
pay_demo_002238,cust_0103,24184.56,INR,credit_card,authentication_failed,1,13,2,14466.85,2026-07-20T02:08:02.142200,2,0,0,0.0
pay_demo_002239,cust_0521,31551.85,INR,netbanking,upi_failure,1,4,5,1249.44,2026-03-22T10:55:02.142235,10,6,1,28942.05
pay_demo_002240,cust_0785,11582.72,INR,upi,network_error,1,17,2,9804.45,2026-07-23T15:59:02.142271,15,3,1,10177.25
pay_demo_002241,cust_0723,5473.56,INR,debit_card,authentication_failed,1,10,2,793.03,2026-08-03T15:49:02.142308,15,0,1,5243.5
pay_demo_002242,cust_0143,5198.3,INR,upi,upi_failure,1,1,4,25614.9,2026-04-25T05:33:02.142354,5,5,0,0.0
pay_demo_002243,cust_0654,7154.95,INR,netbanking,network_error,3,11,5,22366.85,2026-07-25T19:57:02.142401,19,5,1,6620.17
pay_demo_002244,cust_0242,35468.16,INR,debit_card,authentication_failed,2,10,5,27987.24,2026-07-30T05:51:02.142440,5,3,0,0.0
pay_demo_002245,cust_0754,46398.01,INR,upi,upi_failure,2,15,3,1722.7,2026-04-23T03:38:02.142477,3,3,0,0.0
pay_demo_002246,cust_0850,28814.14,INR,credit_card,insufficient_funds,2,18,4,29592.23,2026-05-09T12:56:02.142515,12,5,0,0.0
pay_demo_002247,cust_0367,43655.83,INR,upi,insufficient_funds,1,17,5,9050.17,2026-05-09T15:59:02.142551,15,5,0,0.0
pay_demo_002248,cust_0905,26084.31,INR,debit_card,authentication_failed,1,6,5,16473.83,2026-06-06T01:35:02.142586,1,5,1,24952.0
pay_demo_002249,cust_0490,6921.79,INR,credit_card,bank_timeout,2,8,3,14726.52,2026-03-12T05:13:02.142643,5,3,0,0.0
pay_demo_002250,cust_0173,18248.15,INR,credit_card,authentication_failed,2,11,0,23679.2,2026-05-19T18:27:02.142681,18,1,1,15946.21
pay_demo_002251,cust_0188,43504.9,INR,upi,bank_timeout,1,11,5,23976.53,2026-03-18T11:52:02.142702,11,2,1,41918.71
pay_demo_002252,cust_0308,22471.66,INR,netbanking,insufficient_funds,1,8,1,19560.51,2026-08-04T18:12:02.142720,18,1,1,19648.74
pay_demo_002253,cust_0945,13821.64,INR,debit_card,network_error,1,19,0,23747.8,2026-03-25T01:21:02.142745,1,2,1,12613.99
pay_demo_002254,cust_0175,41607.47,INR,netbanking,bank_timeout,1,12,0,8237.15,2026-06-01T22:25:02.142763,22,0,1,37621.31
pay_demo_002255,cust_0199,9418.55,INR,netbanking,upi_failure,1,0,5,7332.18,2026-08-08T22:15:02.142780,22,5,1,9079.85
pay_demo_002256,cust_0589,11136.38,INR,debit_card,insufficient_funds,1,5,1,5229.5,2026-05-01T21:57:02.142800,21,4,1,11052.25
pay_demo_002257,cust_0228,19239.61,INR,upi,authentication_failed,1,0,4,4735.2,2026-04-25T03:00:02.142817,3,5,0,0.0
pay_demo_002258,cust_0329,20118.72,INR,netbanking,bank_timeout,2,13,0,14483.05,2026-05-08T19:37:02.142835,19,4,1,17950.06
pay_demo_002259,cust_0726,26380.93,INR,debit_card,bank_timeout,1,10,1,14159.35,2026-07-07T15:35:02.142852,15,1,1,22780.45
pay_demo_002260,cust_0846,21395.41,INR,credit_card,insufficient_funds,1,6,1,23701.77,2026-07-29T23:21:02.142869,23,2,1,21192.76
pay_demo_002261,cust_0633,13096.97,INR,upi,card_declined,1,6,5,3424.68,2026-05-30T15:05:02.142886,15,5,0,0.0
pay_demo_002262,cust_0837,14527.73,INR,credit_card,card_declined,1,15,5,26895.41,2026-04-16T12:32:02.142903,12,3,1,14421.0
pay_demo_002263,cust_0916,45945.6,INR,upi,card_declined,2,6,2,18329.95,2026-07-12T05:00:02.142923,5,6,0,0.0
pay_demo_002264,cust_0839,14016.67,INR,netbanking,bank_timeout,1,10,0,15592.11,2026-05-07T23:57:02.142940,23,3,1,13671.64
pay_demo_002265,cust_0507,31062.18,INR,credit_card,insufficient_funds,1,5,0,26525.04,2026-06-15T06:48:02.142958,6,0,0,0.0
pay_demo_002266,cust_0456,15521.09,INR,debit_card,bank_timeout,2,5,1,8425.71,2026-05-10T13:12:02.142975,13,6,1,13650.11
pay_demo_002267,cust_0844,19558.31,INR,debit_card,card_declined,1,0,1,11088.59,2026-06-13T06:39:02.142992,6,5,0,0.0
pay_demo_002268,cust_0764,11424.65,INR,credit_card,card_declined,1,1,2,20802.33,2026-07-14T17:29:02.143009,17,1,0,0.0
pay_demo_002269,cust_0445,36750.32,INR,debit_card,bank_timeout,1,0,4,10497.65,2026-04-21T13:22:02.143026,13,1,1,36119.89
pay_demo_002270,cust_0494,37147.54,INR,debit_card,insufficient_funds,1,8,1,9977.97,2026-03-29T05:01:02.143042,5,6,0,0.0
pay_demo_002271,cust_0856,39944.54,INR,credit_card,card_declined,1,8,5,13106.56,2026-06-10T08:08:02.143059,8,2,0,0.0
pay_demo_002272,cust_0664,31827.53,INR,upi,upi_failure,1,16,4,8226.76,2026-07-04T09:59:02.143075,9,5,1,28944.81
pay_demo_002273,cust_0385,4301.25,INR,netbanking,authentication_failed,3,11,3,8064.01,2026-05-13T09:54:02.143095,9,2,1,4094.43
pay_demo_002274,cust_0398,37799.91,INR,netbanking,network_error,2,2,2,19944.09,2026-03-03T21:29:02.143121,21,1,0,0.0
pay_demo_002275,cust_0382,40860.53,INR,upi,bank_timeout,1,15,5,5424.65,2026-07-30T23:13:02.143137,23,3,1,37900.33
pay_demo_002276,cust_0343,2242.28,INR,netbanking,authentication_failed,2,17,3,1102.8,2026-06-28T12:36:02.143266,12,6,1,2159.17
pay_demo_002277,cust_0439,1856.66,INR,upi,insufficient_funds,2,14,2,27487.98,2026-03-29T07:47:02.143295,7,6,1,1637.0
pay_demo_002278,cust_0406,24255.74,INR,netbanking,authentication_failed,1,12,3,21174.87,2026-07-28T06:03:02.143329,6,1,0,0.0
pay_demo_002279,cust_0139,9315.21,INR,credit_card,card_declined,1,15,4,19450.01,2026-08-07T05:01:02.143347,5,4,0,0.0
pay_demo_002280,cust_0790,25692.66,INR,netbanking,upi_failure,1,10,5,18134.94,2026-08-16T11:32:02.143364,11,6,1,24734.7
pay_demo_002281,cust_0587,20852.56,INR,debit_card,authentication_failed,2,16,5,18728.56,2026-04-21T08:37:02.143384,8,1,0,0.0
pay_demo_002282,cust_0025,37146.17,INR,debit_card,authentication_failed,1,0,5,19285.62,2026-04-03T19:54:02.143401,19,4,1,36190.23
pay_demo_002283,cust_0712,22879.48,INR,debit_card,authentication_failed,2,13,5,23062.85,2026-04-10T11:19:02.143436,11,4,1,21929.83
pay_demo_002284,cust_0031,20475.32,INR,credit_card,insufficient_funds,2,2,3,23008.68,2026-04-02T02:05:02.143458,2,3,0,0.0
pay_demo_002285,cust_0901,938.54,INR,credit_card,network_error,1,16,4,2862.72,2026-04-04T06:03:02.143476,6,5,1,820.25
pay_demo_002286,cust_0123,28180.24,INR,netbanking,authentication_failed,1,6,1,14177.69,2026-05-02T00:04:02.143493,0,5,1,27850.76
pay_demo_002287,cust_0547,21259.85,INR,debit_card,network_error,1,12,4,9112.13,2026-08-20T17:17:02.143511,17,3,0,0.0
pay_demo_002288,cust_0713,29649.65,INR,credit_card,bank_timeout,1,7,2,9423.36,2026-03-17T04:18:02.143529,4,1,0,0.0
pay_demo_002289,cust_0020,5825.15,INR,debit_card,network_error,1,13,3,1290.13,2026-05-22T04:51:02.143551,4,4,1,5006.87
pay_demo_002290,cust_0349,41012.4,INR,netbanking,insufficient_funds,1,8,4,16149.81,2026-06-19T16:27:02.143570,16,4,0,0.0
pay_demo_002291,cust_0935,25728.96,INR,debit_card,authentication_failed,2,1,5,4827.59,2026-03-03T02:10:02.143588,2,1,0,0.0
pay_demo_002292,cust_0759,3952.17,INR,upi,card_declined,1,0,3,19203.52,2026-03-16T15:20:02.143606,15,0,1,3490.83
pay_demo_002293,cust_0117,17318.24,INR,upi,bank_timeout,1,8,4,27669.74,2026-03-12T19:05:02.143631,19,3,1,16928.38
pay_demo_002294,cust_0524,4839.05,INR,upi,insufficient_funds,2,1,0,14540.64,2026-03-27T19:36:02.143659,19,4,0,0.0
pay_demo_002295,cust_0646,15057.52,INR,netbanking,bank_timeout,1,16,5,16412.93,2026-04-17T03:05:02.143691,3,4,1,14755.24
pay_demo_002296,cust_0880,3466.38,INR,credit_card,card_declined,1,5,4,28403.14,2026-04-09T18:21:02.143729,18,3,0,0.0
pay_demo_002297,cust_0892,38565.63,INR,debit_card,network_error,1,0,5,25594.44,2026-05-02T19:29:02.143757,19,5,1,35717.42
pay_demo_002298,cust_0594,48303.85,INR,credit_card,authentication_failed,1,20,2,3120.11,2026-05-12T07:02:02.143785,7,1,1,44123.02
pay_demo_002299,cust_0607,34334.06,INR,netbanking,bank_timeout,1,15,3,12061.44,2026-08-24T07:00:02.143807,7,0,0,0.0
pay_demo_002300,cust_0544,6846.75,INR,upi,insufficient_funds,1,14,0,19250.28,2026-07-14T10:50:02.143825,10,1,1,6510.42
pay_demo_002301,cust_0904,13375.22,INR,debit_card,insufficient_funds,1,19,3,19091.32,2026-07-11T03:46:02.143844,3,5,1,12039.05
pay_demo_002302,cust_0535,34087.25,INR,netbanking,bank_timeout,1,0,5,22518.17,2026-03-11T02:53:02.143862,2,2,0,0.0
pay_demo_002303,cust_0306,8282.85,INR,debit_card,insufficient_funds,1,0,4,3155.73,2026-07-19T16:33:02.143883,16,6,0,0.0
pay_demo_002304,cust_0373,12582.47,INR,credit_card,network_error,2,18,3,12449.54,2026-02-28T22:47:02.143901,22,5,1,11846.48
pay_demo_002305,cust_0665,38100.04,INR,upi,insufficient_funds,2,9,1,11575.26,2026-07-24T01:43:02.143927,1,4,0,0.0
pay_demo_002306,cust_0044,17726.14,INR,credit_card,authentication_failed,2,8,4,22740.03,2026-03-01T06:10:02.143962,6,6,0,0.0
pay_demo_002307,cust_0451,39530.69,INR,debit_card,authentication_failed,1,7,3,24898.54,2026-06-19T07:28:02.144000,7,4,0,0.0
pay_demo_002308,cust_0151,6119.05,INR,netbanking,card_declined,1,11,2,28202.57,2026-05-17T10:53:02.144038,10,6,1,6118.19
pay_demo_002309,cust_0984,6533.22,INR,netbanking,bank_timeout,1,14,4,23376.15,2026-04-14T10:44:02.144147,10,1,1,6126.83
pay_demo_002310,cust_0133,18767.09,INR,debit_card,network_error,2,5,1,22580.59,2026-06-23T18:24:02.144199,18,1,0,0.0
pay_demo_002311,cust_0538,19470.19,INR,credit_card,card_declined,1,4,0,11823.03,2026-05-18T21:33:02.144241,21,0,0,0.0
pay_demo_002312,cust_0972,46584.53,INR,netbanking,insufficient_funds,1,11,3,18503.05,2026-03-29T04:20:02.144283,4,6,1,45334.58
pay_demo_002313,cust_0603,45757.69,INR,credit_card,insufficient_funds,1,17,5,14585.05,2026-05-17T06:30:02.144335,6,6,0,0.0
pay_demo_002314,cust_0476,35563.76,INR,netbanking,network_error,1,13,0,9382.68,2026-06-25T15:29:02.144373,15,3,1,31150.3
pay_demo_002315,cust_0536,47386.85,INR,debit_card,network_error,2,3,2,6404.19,2026-04-14T00:50:02.144407,0,1,1,47216.6
pay_demo_002316,cust_0614,4414.96,INR,credit_card,card_declined,1,0,0,9042.99,2026-08-15T03:20:02.144443,3,5,0,0.0
pay_demo_002317,cust_0716,23427.24,INR,netbanking,insufficient_funds,2,2,2,22365.14,2026-03-11T16:08:02.144477,16,2,1,20031.77
pay_demo_002318,cust_0292,36608.24,INR,upi,insufficient_funds,1,0,1,15739.29,2026-04-02T08:42:02.144511,8,3,1,31953.35
pay_demo_002319,cust_0651,42212.1,INR,netbanking,insufficient_funds,1,19,4,13325.97,2026-06-05T02:38:02.144546,2,4,1,37761.61
pay_demo_002320,cust_0761,39338.03,INR,credit_card,upi_failure,2,10,4,29103.82,2026-03-14T19:59:02.144591,19,5,0,0.0
pay_demo_002321,cust_0532,9296.04,INR,debit_card,insufficient_funds,1,15,3,13129.16,2026-08-01T04:46:02.144654,4,5,0,0.0
pay_demo_002322,cust_0573,45306.05,INR,netbanking,insufficient_funds,2,18,4,27675.9,2026-08-19T03:08:02.144712,3,2,0,0.0
pay_demo_002323,cust_0379,20234.45,INR,credit_card,bank_timeout,1,11,1,19024.45,2026-08-27T09:23:02.144858,9,3,1,18439.12
pay_demo_002324,cust_0103,46835.08,INR,netbanking,network_error,1,15,1,22852.02,2026-03-14T00:21:02.144981,0,5,1,46579.25
pay_demo_002325,cust_0298,42508.79,INR,upi,upi_failure,1,9,3,8100.01,2026-07-17T13:48:02.145015,13,4,0,0.0
pay_demo_002326,cust_0988,3812.62,INR,credit_card,card_declined,1,10,3,3359.53,2026-08-14T08:31:02.145037,8,4,1,3524.31
pay_demo_002327,cust_0658,8644.0,INR,netbanking,upi_failure,1,13,0,22848.3,2026-03-11T19:00:02.145057,19,2,1,7537.5
pay_demo_002328,cust_0342,41699.63,INR,upi,network_error,1,15,1,6694.03,2026-08-17T17:43:02.145079,17,0,1,40021.82
pay_demo_002329,cust_0830,14837.38,INR,debit_card,upi_failure,2,9,4,18463.54,2026-06-19T08:35:02.145150,8,4,0,0.0
pay_demo_002330,cust_0027,22307.79,INR,netbanking,insufficient_funds,2,10,0,27728.65,2026-08-26T01:09:02.145278,1,2,0,0.0
pay_demo_002331,cust_0482,20794.23,INR,upi,network_error,1,15,5,1506.42,2026-03-04T06:08:02.145330,6,2,0,0.0
pay_demo_002332,cust_0800,48754.41,INR,upi,card_declined,1,5,4,17996.14,2026-08-07T15:40:02.145376,15,4,0,0.0
pay_demo_002333,cust_0393,9790.77,INR,debit_card,bank_timeout,1,2,4,23946.18,2026-04-19T23:40:02.145420,23,6,1,8830.76
pay_demo_002334,cust_0760,4136.88,INR,upi,upi_failure,2,14,2,8501.83,2026-03-22T11:20:02.145461,11,6,0,0.0
pay_demo_002335,cust_0375,12594.04,INR,upi,card_declined,1,15,3,579.44,2026-06-16T23:25:02.145505,23,1,0,0.0
pay_demo_002336,cust_0252,44634.58,INR,upi,authentication_failed,1,9,0,16417.5,2026-08-23T16:24:02.145545,16,6,1,44119.85
pay_demo_002337,cust_0729,27387.4,INR,credit_card,bank_timeout,2,0,5,6665.68,2026-05-22T11:13:02.145586,11,4,1,23937.9
pay_demo_002338,cust_0963,36973.1,INR,upi,insufficient_funds,1,17,4,12280.54,2026-06-17T03:18:02.145626,3,2,0,0.0
pay_demo_002339,cust_0762,1247.88,INR,netbanking,network_error,1,4,3,9990.03,2026-03-25T01:41:02.145662,1,2,1,1077.65
pay_demo_002340,cust_0923,19230.4,INR,netbanking,authentication_failed,1,6,5,7483.53,2026-05-13T19:50:02.145705,19,2,1,16505.92
pay_demo_002341,cust_0195,30324.09,INR,netbanking,upi_failure,1,0,4,27282.55,2026-08-14T10:31:02.145750,10,4,1,25969.12
pay_demo_002342,cust_0738,48254.74,INR,netbanking,bank_timeout,1,1,5,21611.34,2026-03-27T01:23:02.145791,1,4,0,0.0
pay_demo_002343,cust_0095,27134.4,INR,debit_card,insufficient_funds,1,6,5,25756.69,2026-07-21T11:38:02.145916,11,1,1,23472.31
pay_demo_002344,cust_0344,26948.27,INR,debit_card,network_error,1,5,3,7608.58,2026-03-12T20:55:02.146048,20,3,1,25307.12
pay_demo_002345,cust_0413,1810.96,INR,netbanking,authentication_failed,1,5,1,1033.64,2026-07-01T04:05:02.146086,4,2,1,1667.09
pay_demo_002346,cust_0008,23907.23,INR,debit_card,upi_failure,2,9,3,21929.08,2026-08-13T06:19:02.146111,6,3,1,23518.9
pay_demo_002347,cust_0792,7051.81,INR,credit_card,bank_timeout,1,2,2,12016.84,2026-08-09T04:26:02.146131,4,6,0,0.0
pay_demo_002348,cust_0348,36513.89,INR,debit_card,card_declined,2,15,3,29935.16,2026-07-25T10:51:02.146150,10,5,0,0.0
pay_demo_002349,cust_0255,16470.5,INR,netbanking,bank_timeout,1,0,1,22596.69,2026-08-09T00:28:02.146168,0,6,1,14744.08
pay_demo_002350,cust_0133,18823.72,INR,netbanking,bank_timeout,1,12,4,12337.9,2026-06-04T22:37:02.146190,22,3,0,0.0
pay_demo_002351,cust_0243,2268.19,INR,netbanking,insufficient_funds,1,0,2,1798.5,2026-04-14T03:57:02.146210,3,1,0,0.0
pay_demo_002352,cust_0663,31737.71,INR,debit_card,bank_timeout,1,18,0,823.0,2026-07-03T06:00:02.146227,6,4,1,29797.1
pay_demo_002353,cust_0169,3123.37,INR,credit_card,authentication_failed,1,11,1,1187.51,2026-06-21T13:52:02.146253,13,6,1,2977.46
pay_demo_002354,cust_0786,47149.34,INR,debit_card,network_error,1,19,2,7322.32,2026-07-30T05:21:02.146274,5,3,1,45907.28
pay_demo_002355,cust_0993,19742.67,INR,upi,network_error,2,13,0,4424.91,2026-05-01T12:04:02.146292,12,4,1,19194.0
pay_demo_002356,cust_0505,46735.35,INR,debit_card,upi_failure,2,20,4,28578.67,2026-08-16T13:44:02.146313,13,6,0,0.0
pay_demo_002357,cust_0766,27930.48,INR,debit_card,authentication_failed,1,10,1,15656.94,2026-07-27T07:01:02.146332,7,0,0,0.0
pay_demo_002358,cust_0646,28140.78,INR,netbanking,upi_failure,1,16,1,8860.11,2026-06-16T13:37:02.146351,13,1,1,28057.84
pay_demo_002359,cust_0161,43374.4,INR,debit_card,insufficient_funds,1,19,3,2043.82,2026-03-01T10:38:02.146369,10,6,1,36946.78
pay_demo_002360,cust_0993,40618.56,INR,upi,card_declined,2,9,4,12980.19,2026-05-05T23:44:02.146388,23,1,0,0.0
pay_demo_002361,cust_0460,43211.9,INR,credit_card,card_declined,2,12,0,4366.91,2026-05-29T21:39:02.146404,21,4,0,0.0
pay_demo_002362,cust_0517,18385.26,INR,upi,upi_failure,3,0,0,13515.96,2026-03-07T00:22:02.146427,0,5,0,0.0
pay_demo_002363,cust_0974,4690.27,INR,netbanking,bank_timeout,1,1,2,16033.5,2026-04-03T22:39:02.146447,22,4,0,0.0
pay_demo_002364,cust_0133,9126.29,INR,debit_card,bank_timeout,1,18,2,9573.93,2026-04-04T15:59:02.146463,15,5,0,0.0
pay_demo_002365,cust_0727,18893.73,INR,debit_card,authentication_failed,2,6,0,20560.28,2026-06-07T01:04:02.146479,1,6,0,0.0
pay_demo_002366,cust_0479,29259.53,INR,debit_card,authentication_failed,1,18,5,2858.58,2026-03-16T07:22:02.146496,7,0,0,0.0
pay_demo_002367,cust_0590,26669.55,INR,netbanking,authentication_failed,2,12,4,6836.84,2026-06-04T11:06:02.146512,11,3,1,23161.39
pay_demo_002368,cust_0241,9901.45,INR,debit_card,authentication_failed,1,8,5,20281.3,2026-05-02T11:27:02.146529,11,5,0,0.0
pay_demo_002369,cust_0978,544.4,INR,netbanking,bank_timeout,2,7,5,20974.92,2026-04-28T00:57:02.146545,0,1,1,507.0
pay_demo_002370,cust_0251,42805.83,INR,upi,network_error,1,0,4,11116.48,2026-04-24T16:49:02.146564,16,4,1,37602.7
pay_demo_002371,cust_0837,7354.09,INR,netbanking,insufficient_funds,2,4,1,17182.91,2026-05-16T14:46:02.146582,14,5,1,6295.01
pay_demo_002372,cust_0890,28121.42,INR,credit_card,upi_failure,1,5,3,28075.75,2026-05-02T11:23:02.146600,11,5,1,27528.62
pay_demo_002373,cust_0669,9504.22,INR,credit_card,card_declined,1,7,4,28025.04,2026-07-18T16:16:02.146621,16,5,0,0.0
pay_demo_002374,cust_0548,43399.82,INR,credit_card,bank_timeout,1,5,0,17469.33,2026-06-24T02:02:02.146638,2,2,0,0.0
pay_demo_002375,cust_0067,21279.34,INR,credit_card,insufficient_funds,2,5,4,8727.56,2026-07-23T17:43:02.146654,17,3,0,0.0
pay_demo_002376,cust_0507,33060.18,INR,credit_card,network_error,1,15,2,24686.41,2026-08-06T13:09:02.146670,13,3,1,29433.79
pay_demo_002377,cust_0351,6516.52,INR,netbanking,bank_timeout,2,14,2,13374.32,2026-03-04T04:23:02.146687,4,2,1,5606.92
pay_demo_002378,cust_0565,47978.04,INR,upi,bank_timeout,1,12,2,29548.1,2026-07-04T02:53:02.146703,2,5,1,42107.72
pay_demo_002379,cust_0777,21738.3,INR,credit_card,insufficient_funds,1,14,3,6941.15,2026-08-08T10:06:02.146892,10,5,1,20844.78
pay_demo_002380,cust_0717,48012.51,INR,netbanking,card_declined,2,15,0,27802.64,2026-05-06T23:49:02.146979,23,2,0,0.0
pay_demo_002381,cust_0572,18203.01,INR,credit_card,card_declined,2,10,4,9739.16,2026-03-21T07:12:02.147049,7,5,0,0.0
pay_demo_002382,cust_0312,6936.55,INR,debit_card,bank_timeout,2,1,5,14451.04,2026-06-12T00:59:02.147120,0,4,0,0.0
pay_demo_002383,cust_0136,44910.78,INR,debit_card,bank_timeout,1,13,3,23554.29,2026-05-26T07:52:02.147165,7,1,1,41057.62
pay_demo_002384,cust_0431,7058.46,INR,upi,card_declined,2,0,0,7730.75,2026-05-16T17:11:02.147223,17,5,1,6537.92
pay_demo_002385,cust_0366,31787.78,INR,netbanking,upi_failure,2,2,2,17423.46,2026-06-20T13:24:02.147372,13,5,0,0.0
pay_demo_002386,cust_0498,32355.31,INR,credit_card,bank_timeout,1,6,4,21119.99,2026-04-03T02:31:02.147417,2,4,0,0.0
pay_demo_002387,cust_0767,28800.91,INR,debit_card,network_error,2,8,4,27459.9,2026-04-20T11:00:02.147481,11,0,0,0.0
pay_demo_002388,cust_0604,37056.62,INR,debit_card,upi_failure,1,9,4,21214.91,2026-03-11T17:53:02.147521,17,2,1,36075.8
pay_demo_002389,cust_0794,43645.19,INR,debit_card,insufficient_funds,1,7,4,8089.17,2026-05-22T20:54:02.147545,20,4,0,0.0
pay_demo_002390,cust_0104,8016.03,INR,upi,authentication_failed,2,3,2,18669.58,2026-04-06T13:48:02.147566,13,0,0,0.0
pay_demo_002391,cust_0258,1010.93,INR,upi,insufficient_funds,1,13,5,21120.85,2026-07-17T19:04:02.147631,19,4,1,888.57
pay_demo_002392,cust_0606,48614.02,INR,debit_card,card_declined,1,20,1,10559.73,2026-05-01T00:30:02.147742,0,4,1,46397.83
pay_demo_002393,cust_0066,42392.79,INR,credit_card,insufficient_funds,1,16,5,16608.07,2026-04-26T22:41:02.147784,22,6,1,40213.36
pay_demo_002394,cust_0996,42421.44,INR,upi,card_declined,1,12,5,2772.53,2026-07-07T01:16:02.147807,1,1,0,0.0
pay_demo_002395,cust_0262,28861.62,INR,debit_card,card_declined,1,18,4,16326.16,2026-06-19T12:01:02.147826,12,4,0,0.0
pay_demo_002396,cust_0772,34036.52,INR,netbanking,authentication_failed,1,8,4,23363.81,2026-05-20T17:06:02.147845,17,2,0,0.0
pay_demo_002397,cust_0695,27170.52,INR,upi,network_error,2,14,1,6439.25,2026-07-28T22:09:02.147862,22,1,1,25307.99
pay_demo_002398,cust_0588,44026.84,INR,netbanking,bank_timeout,1,4,0,3419.22,2026-06-06T12:05:02.147880,12,5,1,39527.23
pay_demo_002399,cust_0461,34282.31,INR,netbanking,upi_failure,1,16,3,10012.97,2026-05-28T08:40:02.147912,8,3,0,0.0
pay_demo_002400,cust_0103,49561.66,INR,credit_card,upi_failure,1,8,0,702.03,2026-05-21T07:34:02.147944,7,3,1,44637.05
pay_demo_002401,cust_0806,40502.89,INR,credit_card,upi_failure,1,11,0,12734.33,2026-05-29T15:42:02.147978,15,4,1,35074.56
pay_demo_002402,cust_0180,44610.35,INR,debit_card,upi_failure,1,16,4,18542.86,2026-06-13T23:53:02.148018,23,5,0,0.0
pay_demo_002403,cust_0821,42431.9,INR,credit_card,insufficient_funds,1,17,3,1001.16,2026-06-29T13:10:02.148066,13,0,0,0.0
pay_demo_002404,cust_0482,43389.7,INR,upi,card_declined,1,7,3,6222.58,2026-03-21T14:11:02.148112,14,5,0,0.0
pay_demo_002405,cust_0960,13535.5,INR,credit_card,network_error,1,1,1,1834.05,2026-03-03T13:16:02.148204,13,1,1,11603.67
pay_demo_002406,cust_0627,36847.05,INR,credit_card,bank_timeout,3,8,5,2540.31,2026-06-20T02:25:02.148264,2,5,0,0.0
pay_demo_002407,cust_0013,29277.31,INR,netbanking,authentication_failed,1,19,3,18093.11,2026-04-02T08:54:02.148375,8,3,1,28577.73
pay_demo_002408,cust_0345,49503.63,INR,debit_card,bank_timeout,1,12,4,8473.9,2026-08-24T14:42:02.148433,14,0,1,48867.8
pay_demo_002409,cust_0476,10391.27,INR,netbanking,authentication_failed,1,16,0,17404.59,2026-04-22T03:22:02.148472,3,2,1,10318.54
pay_demo_002410,cust_0587,12710.5,INR,upi,upi_failure,1,20,4,1832.14,2026-03-12T11:02:02.148495,11,3,1,11125.35
pay_demo_002411,cust_0632,12698.54,INR,credit_card,authentication_failed,2,1,1,29098.68,2026-05-29T07:24:02.148518,7,4,0,0.0
pay_demo_002412,cust_0999,38182.77,INR,debit_card,network_error,1,0,3,6140.69,2026-06-09T20:00:02.148537,20,1,0,0.0
pay_demo_002413,cust_0233,4999.18,INR,netbanking,authentication_failed,1,9,4,13385.2,2026-05-27T04:39:02.148562,4,2,0,0.0
pay_demo_002414,cust_0979,47441.23,INR,debit_card,bank_timeout,1,13,5,8385.49,2026-03-05T07:16:02.148580,7,3,1,41456.28
pay_demo_002415,cust_0004,25142.84,INR,credit_card,network_error,1,20,4,26276.86,2026-03-02T07:11:02.148599,7,0,1,24907.35
pay_demo_002416,cust_0109,28613.47,INR,credit_card,insufficient_funds,1,7,1,29146.68,2026-05-10T23:15:02.148621,23,6,0,0.0
pay_demo_002417,cust_0659,18157.61,INR,netbanking,authentication_failed,1,8,1,14047.78,2026-04-26T14:03:02.148640,14,6,1,16840.33
pay_demo_002418,cust_0102,42495.47,INR,netbanking,insufficient_funds,1,12,3,5862.9,2026-03-29T17:20:02.148658,17,6,0,0.0
pay_demo_002419,cust_0990,32183.63,INR,upi,upi_failure,1,16,0,14327.8,2026-04-21T19:44:02.148675,19,1,1,31116.45
pay_demo_002420,cust_0908,19197.94,INR,debit_card,upi_failure,1,13,4,16688.4,2026-08-22T10:03:02.148693,10,5,0,0.0
pay_demo_002421,cust_0157,11931.21,INR,netbanking,authentication_failed,1,20,3,4011.89,2026-03-21T07:25:02.148710,7,5,1,10189.8
pay_demo_002422,cust_0156,44218.39,INR,credit_card,card_declined,1,18,0,1559.39,2026-05-10T13:10:02.148727,13,6,1,39394.6
pay_demo_002423,cust_0819,35780.47,INR,netbanking,bank_timeout,1,17,2,24392.63,2026-05-05T05:42:02.148748,5,1,1,34187.88
pay_demo_002424,cust_0073,31430.57,INR,netbanking,card_declined,1,10,1,18003.78,2026-08-08T06:28:02.148767,6,5,0,0.0
pay_demo_002425,cust_0640,34337.44,INR,netbanking,authentication_failed,1,16,0,10905.9,2026-08-11T13:31:02.148786,13,1,1,32290.22
pay_demo_002426,cust_0572,29135.34,INR,debit_card,network_error,3,20,3,5445.62,2026-04-09T17:30:02.148806,17,3,1,25916.94
pay_demo_002427,cust_0525,22276.03,INR,credit_card,network_error,1,4,0,20714.81,2026-05-17T21:53:02.148824,21,6,1,19729.2
pay_demo_002428,cust_0409,34126.69,INR,credit_card,bank_timeout,2,19,0,19145.03,2026-06-03T00:57:02.148842,0,2,1,31808.71
pay_demo_002429,cust_0827,27431.78,INR,credit_card,network_error,1,17,4,19485.47,2026-03-13T20:30:02.148860,20,4,0,0.0
pay_demo_002430,cust_0786,6863.99,INR,upi,authentication_failed,2,0,3,11946.71,2026-03-28T22:07:02.148877,22,5,0,0.0
pay_demo_002431,cust_0122,2544.35,INR,credit_card,insufficient_funds,1,4,4,16867.69,2026-05-20T06:24:02.148894,6,2,0,0.0
pay_demo_002432,cust_0915,11702.19,INR,debit_card,authentication_failed,1,13,5,9461.75,2026-05-03T22:47:02.148914,22,6,1,11199.9
pay_demo_002433,cust_0046,21152.01,INR,debit_card,card_declined,1,13,4,23596.75,2026-07-01T17:41:02.148937,17,2,1,19103.37
pay_demo_002434,cust_0457,860.83,INR,netbanking,card_declined,1,3,1,25276.0,2026-03-12T17:56:02.148955,17,3,1,773.4
pay_demo_002435,cust_0349,31679.86,INR,debit_card,card_declined,1,1,2,4245.86,2026-08-04T07:32:02.148974,7,1,0,0.0
pay_demo_002436,cust_0633,30254.5,INR,credit_card,network_error,1,8,2,1819.02,2026-05-25T07:28:02.148993,7,0,1,26665.88
pay_demo_002437,cust_0996,4002.23,INR,upi,upi_failure,2,1,5,27632.51,2026-08-01T19:03:02.149033,19,5,0,0.0
pay_demo_002438,cust_0233,48893.29,INR,debit_card,bank_timeout,1,17,3,3858.01,2026-03-20T11:10:02.149090,11,4,1,48412.13
pay_demo_002439,cust_0547,30166.68,INR,upi,network_error,1,14,4,13669.06,2026-08-14T19:48:02.149141,19,4,1,28532.29
pay_demo_002440,cust_0310,40253.97,INR,debit_card,upi_failure,1,9,2,12654.4,2026-04-28T05:11:02.149188,5,1,0,0.0
pay_demo_002441,cust_0301,1432.04,INR,credit_card,card_declined,2,13,2,24524.9,2026-08-11T10:49:02.149227,10,1,0,0.0
pay_demo_002442,cust_0961,6908.69,INR,debit_card,card_declined,1,15,4,20026.2,2026-07-28T12:25:02.149264,12,1,1,6851.59
pay_demo_002443,cust_0375,22759.7,INR,credit_card,network_error,2,4,5,13455.88,2026-08-01T07:37:02.149309,7,5,0,0.0
pay_demo_002444,cust_0985,28066.1,INR,credit_card,authentication_failed,1,18,0,10277.09,2026-05-25T01:20:02.149350,1,0,0,0.0
pay_demo_002445,cust_0312,32198.14,INR,credit_card,insufficient_funds,1,2,3,25708.82,2026-05-24T21:27:02.149464,21,6,0,0.0
pay_demo_002446,cust_0356,31416.07,INR,debit_card,network_error,1,13,3,1207.0,2026-04-30T17:43:02.149558,17,3,1,28077.97
pay_demo_002447,cust_0394,42358.64,INR,debit_card,card_declined,1,3,2,22418.81,2026-04-03T12:28:02.149637,12,4,0,0.0
pay_demo_002448,cust_0291,32585.03,INR,netbanking,upi_failure,2,19,0,13028.5,2026-05-06T23:41:02.149683,23,2,1,27761.44
pay_demo_002449,cust_0166,44898.48,INR,upi,network_error,1,12,4,16778.44,2026-03-15T14:05:02.149704,14,6,1,44887.93
pay_demo_002450,cust_0234,39429.23,INR,debit_card,upi_failure,1,12,5,26736.1,2026-02-28T05:46:02.149725,5,5,0,0.0
pay_demo_002451,cust_0837,28210.14,INR,netbanking,card_declined,1,4,4,24405.76,2026-07-26T06:37:02.149762,6,6,1,25199.9
pay_demo_002452,cust_0653,49846.65,INR,credit_card,bank_timeout,2,13,5,10762.49,2026-08-20T05:16:02.149797,5,3,0,0.0
pay_demo_002453,cust_0662,29340.1,INR,credit_card,bank_timeout,1,6,3,11624.79,2026-05-02T20:24:02.149841,20,5,1,28223.36
pay_demo_002454,cust_0426,20810.37,INR,upi,bank_timeout,1,10,5,12127.61,2026-06-27T15:51:02.149881,15,5,1,20221.36
pay_demo_002455,cust_0944,1797.17,INR,credit_card,insufficient_funds,1,7,2,18604.7,2026-04-10T22:58:02.149919,22,4,0,0.0
pay_demo_002456,cust_0922,49430.67,INR,netbanking,card_declined,1,13,3,11063.46,2026-08-23T20:32:02.149957,20,6,1,48424.1
pay_demo_002457,cust_0630,3793.91,INR,credit_card,authentication_failed,1,12,0,8593.26,2026-08-21T04:52:02.149993,4,4,0,0.0
pay_demo_002458,cust_0217,12416.6,INR,debit_card,bank_timeout,1,12,2,13311.29,2026-06-10T19:07:02.150028,19,2,1,12060.87
pay_demo_002459,cust_0834,2816.82,INR,netbanking,insufficient_funds,1,4,3,6936.47,2026-04-04T05:12:02.150064,5,5,0,0.0
pay_demo_002460,cust_0769,17963.87,INR,netbanking,network_error,1,11,4,22859.04,2026-03-17T18:31:02.150099,18,1,1,17115.91
pay_demo_002461,cust_0385,42570.23,INR,debit_card,bank_timeout,1,1,0,6881.79,2026-04-09T14:02:02.150135,14,3,1,42396.56
pay_demo_002462,cust_0761,40118.76,INR,debit_card,bank_timeout,2,6,2,23494.88,2026-03-06T15:06:02.150172,15,4,1,37406.69
pay_demo_002463,cust_0493,7205.96,INR,credit_card,network_error,1,15,1,28722.71,2026-08-11T15:03:02.150213,15,1,1,6515.48
pay_demo_002464,cust_0388,36614.51,INR,upi,upi_failure,1,9,4,24969.03,2026-07-20T12:57:02.150299,12,0,1,31750.95
pay_demo_002465,cust_0714,39127.05,INR,netbanking,network_error,1,18,2,6802.86,2026-07-24T02:02:02.150357,2,4,1,34957.16
pay_demo_002466,cust_0598,16247.09,INR,credit_card,card_declined,1,13,3,3295.38,2026-07-09T22:18:02.150492,22,3,1,15097.62
pay_demo_002467,cust_0383,25202.01,INR,upi,bank_timeout,2,17,3,28968.36,2026-08-06T14:49:02.150525,14,3,1,23622.97
pay_demo_002468,cust_0333,4786.54,INR,upi,upi_failure,1,15,4,12670.31,2026-03-19T20:11:02.150558,20,3,1,4079.17
pay_demo_002469,cust_0818,27515.47,INR,netbanking,bank_timeout,1,12,5,15972.91,2026-05-11T14:54:02.150586,14,0,0,0.0
pay_demo_002470,cust_0339,38097.11,INR,upi,card_declined,1,20,0,4712.24,2026-05-10T05:20:02.150606,5,6,0,0.0
pay_demo_002471,cust_0203,12370.68,INR,upi,upi_failure,2,5,5,22419.86,2026-08-24T12:00:02.150625,12,0,1,10613.04
pay_demo_002472,cust_0200,2900.65,INR,netbanking,upi_failure,3,10,5,1056.57,2026-06-05T19:52:02.150647,19,4,0,0.0
pay_demo_002473,cust_0296,37096.84,INR,upi,upi_failure,2,0,3,12561.3,2026-08-18T20:42:02.150674,20,1,0,0.0
pay_demo_002474,cust_0078,12953.51,INR,credit_card,bank_timeout,1,12,3,26838.68,2026-07-06T00:29:02.150694,0,0,1,11283.77
pay_demo_002475,cust_0139,42673.45,INR,debit_card,bank_timeout,1,10,1,26137.3,2026-03-30T19:51:02.150723,19,0,1,40528.08
pay_demo_002476,cust_0049,18747.42,INR,credit_card,authentication_failed,1,19,0,25584.92,2026-07-29T17:46:02.150744,17,2,0,0.0
pay_demo_002477,cust_0548,15476.01,INR,credit_card,network_error,1,7,5,5642.12,2026-07-12T07:38:02.150761,7,6,0,0.0
pay_demo_002478,cust_0979,48648.3,INR,credit_card,insufficient_funds,1,19,2,10398.28,2026-05-14T02:44:02.150779,2,3,1,43782.91
pay_demo_002479,cust_0222,15353.11,INR,netbanking,upi_failure,2,9,4,13560.19,2026-08-26T18:46:02.150796,18,2,1,14394.27
pay_demo_002480,cust_0441,21584.06,INR,debit_card,insufficient_funds,2,18,2,7801.76,2026-05-03T03:20:02.150814,3,6,1,19879.63
pay_demo_002481,cust_0927,43375.09,INR,credit_card,upi_failure,1,17,5,18940.05,2026-07-13T04:32:02.150836,4,0,1,42271.48
pay_demo_002482,cust_0365,20357.34,INR,upi,upi_failure,1,12,3,11442.33,2026-06-03T05:08:02.150854,5,2,1,17506.3
pay_demo_002483,cust_0500,38248.72,INR,netbanking,insufficient_funds,1,7,5,15571.46,2026-03-22T10:36:02.150873,10,6,0,0.0
pay_demo_002484,cust_0308,5440.27,INR,netbanking,upi_failure,1,12,4,21090.09,2026-07-18T14:06:02.150890,14,5,0,0.0
pay_demo_002485,cust_0453,38917.24,INR,debit_card,card_declined,1,10,5,7383.09,2026-07-05T06:25:02.150906,6,6,1,37158.62
pay_demo_002486,cust_0717,46311.48,INR,credit_card,authentication_failed,2,18,4,26702.68,2026-06-25T19:44:02.150929,19,3,0,0.0
pay_demo_002487,cust_0208,43896.0,INR,netbanking,card_declined,2,4,2,3546.1,2026-04-28T21:52:02.150949,21,1,0,0.0
pay_demo_002488,cust_0657,22991.8,INR,netbanking,insufficient_funds,2,17,1,10057.46,2026-07-04T02:44:02.150967,2,5,0,0.0
pay_demo_002489,cust_0421,27516.73,INR,netbanking,insufficient_funds,1,0,3,23651.37,2026-05-19T00:28:02.150985,0,1,1,23996.44
pay_demo_002490,cust_0580,23625.37,INR,credit_card,network_error,1,17,5,2776.34,2026-08-03T12:07:02.151014,12,0,1,20877.52
pay_demo_002491,cust_0970,25104.63,INR,upi,card_declined,2,16,5,6303.66,2026-05-01T22:01:02.151034,22,4,1,22260.94
pay_demo_002492,cust_0510,40358.87,INR,netbanking,insufficient_funds,1,15,5,5398.36,2026-08-26T20:45:02.151051,20,2,0,0.0
pay_demo_002493,cust_0550,30754.52,INR,netbanking,network_error,2,0,4,26939.0,2026-05-21T00:45:02.151145,0,3,1,28788.57
pay_demo_002494,cust_0121,6764.38,INR,upi,upi_failure,1,6,4,23162.31,2026-05-06T11:51:02.151206,11,2,0,0.0
pay_demo_002495,cust_0332,32193.73,INR,credit_card,authentication_failed,1,20,1,11963.71,2026-03-01T14:40:02.151232,14,6,1,30989.62
pay_demo_002496,cust_0211,45874.62,INR,credit_card,network_error,1,4,5,27957.06,2026-03-30T03:05:02.151254,3,0,0,0.0
pay_demo_002497,cust_0308,765.14,INR,netbanking,network_error,1,2,5,3740.2,2026-03-16T10:18:02.151273,10,0,1,754.93
pay_demo_002498,cust_0736,14748.16,INR,netbanking,bank_timeout,1,14,5,1254.46,2026-03-06T06:48:02.151294,6,4,1,13019.2
pay_demo_002499,cust_0226,30084.1,INR,upi,bank_timeout,3,3,1,10822.18,2026-04-03T23:55:02.151316,23,4,1,27382.63
pay_demo_002500,cust_0736,12495.55,INR,debit_card,authentication_failed,1,2,1,7179.43,2026-06-19T15:49:02.151336,15,4,0,0.0
pay_demo_002501,cust_0488,45898.57,INR,netbanking,card_declined,1,6,5,8572.14,2026-08-02T15:00:02.151356,15,6,0,0.0
pay_demo_002502,cust_0846,28254.92,INR,debit_card,bank_timeout,2,2,3,15061.9,2026-07-03T22:58:02.151379,22,4,1,28229.39
pay_demo_002503,cust_0931,27311.31,INR,upi,card_declined,1,9,4,19806.36,2026-03-29T02:20:02.151420,2,6,1,23554.79
pay_demo_002504,cust_0026,2568.52,INR,debit_card,authentication_failed,2,5,0,4940.4,2026-04-06T10:08:02.151543,10,0,1,2343.9
pay_demo_002505,cust_0122,20329.08,INR,upi,authentication_failed,3,19,4,1666.89,2026-06-14T19:55:02.151590,19,6,1,20191.17
pay_demo_002506,cust_0789,10188.49,INR,debit_card,upi_failure,1,4,0,6681.13,2026-07-08T21:35:02.151633,21,2,1,8754.03
pay_demo_002507,cust_0490,28360.62,INR,upi,card_declined,2,18,0,6559.56,2026-04-10T11:59:02.151670,11,4,1,24446.16
pay_demo_002508,cust_0807,24131.51,INR,upi,card_declined,1,4,5,3383.95,2026-03-06T14:03:02.151709,14,4,0,0.0
pay_demo_002509,cust_0868,40882.29,INR,credit_card,upi_failure,2,0,1,29134.16,2026-04-16T06:11:02.151745,6,3,1,38767.89
pay_demo_002510,cust_0297,4782.38,INR,credit_card,network_error,1,20,2,9854.86,2026-04-25T01:58:02.151785,1,5,1,4619.26
pay_demo_002511,cust_0623,10813.71,INR,netbanking,card_declined,2,11,3,11726.65,2026-05-10T17:24:02.151830,17,6,0,0.0
pay_demo_002512,cust_0074,12094.34,INR,upi,bank_timeout,2,15,2,18632.65,2026-07-30T02:38:02.151870,2,3,1,10501.72
pay_demo_002513,cust_0592,49938.04,INR,credit_card,insufficient_funds,1,3,2,8876.79,2026-08-15T21:17:02.151918,21,5,1,44226.14
pay_demo_002514,cust_0943,16908.67,INR,debit_card,bank_timeout,1,13,5,5973.61,2026-08-10T10:27:02.151959,10,0,1,15014.74
pay_demo_002515,cust_0353,16989.33,INR,debit_card,insufficient_funds,2,15,5,9700.69,2026-08-08T23:54:02.151998,23,5,0,0.0
pay_demo_002516,cust_0649,18291.55,INR,netbanking,authentication_failed,2,14,4,16512.7,2026-02-28T04:45:02.152034,4,5,0,0.0
pay_demo_002517,cust_0534,26380.45,INR,debit_card,card_declined,1,9,4,17321.29,2026-03-27T16:59:02.152069,16,4,0,0.0
pay_demo_002518,cust_0032,18588.36,INR,debit_card,card_declined,1,12,1,11285.8,2026-04-20T14:06:02.152105,14,0,0,0.0
pay_demo_002519,cust_0150,42616.54,INR,credit_card,card_declined,1,2,3,5103.84,2026-05-16T19:14:02.152147,19,5,1,40400.97
pay_demo_002520,cust_0415,18474.52,INR,debit_card,card_declined,2,15,0,20068.44,2026-08-06T14:08:02.152183,14,3,0,0.0
pay_demo_002521,cust_0670,46064.87,INR,upi,insufficient_funds,1,12,4,19624.32,2026-05-12T18:46:02.152219,18,1,0,0.0
pay_demo_002522,cust_0042,39415.17,INR,netbanking,bank_timeout,2,0,5,29423.73,2026-05-14T10:28:02.152255,10,3,1,37047.33
pay_demo_002523,cust_0689,13742.78,INR,upi,card_declined,1,4,0,14415.52,2026-07-15T17:30:02.152293,17,2,0,0.0
pay_demo_002524,cust_0738,5743.77,INR,debit_card,authentication_failed,1,7,1,16790.32,2026-07-12T18:27:02.152324,18,6,1,5015.77
pay_demo_002525,cust_0014,26895.29,INR,netbanking,upi_failure,2,16,1,11058.52,2026-03-25T05:24:02.152343,5,2,0,0.0
pay_demo_002526,cust_0305,1791.1,INR,debit_card,bank_timeout,1,17,2,13844.95,2026-07-29T16:39:02.152369,16,2,1,1761.52
pay_demo_002527,cust_0105,35285.65,INR,credit_card,upi_failure,1,10,1,9901.19,2026-05-06T19:52:02.152405,19,2,1,34047.88
pay_demo_002528,cust_0544,29684.02,INR,upi,card_declined,1,20,5,28112.24,2026-05-27T08:27:02.152459,8,2,0,0.0
pay_demo_002529,cust_0042,30019.99,INR,netbanking,network_error,1,4,4,1007.21,2026-08-09T23:05:02.152507,23,6,1,26868.35
pay_demo_002530,cust_0637,14527.38,INR,debit_card,insufficient_funds,1,19,2,26211.82,2026-07-26T07:14:02.152532,7,6,1,14323.39
pay_demo_002531,cust_0953,32858.17,INR,debit_card,card_declined,1,14,2,22116.54,2026-03-20T19:27:02.152558,19,4,0,0.0
pay_demo_002532,cust_0038,8929.25,INR,credit_card,bank_timeout,1,11,3,29449.49,2026-04-06T03:17:02.152585,3,0,1,8886.48
pay_demo_002533,cust_0690,49770.26,INR,netbanking,network_error,1,3,5,4804.31,2026-07-02T02:23:02.152624,2,3,0,0.0
pay_demo_002534,cust_0743,45264.07,INR,netbanking,upi_failure,2,7,5,12373.68,2026-04-02T23:42:02.152660,23,3,0,0.0
pay_demo_002535,cust_0834,16730.3,INR,debit_card,upi_failure,2,11,4,17378.87,2026-03-02T23:28:02.152695,23,0,0,0.0
pay_demo_002536,cust_0778,14057.22,INR,upi,card_declined,1,13,4,19310.17,2026-03-04T14:40:02.152721,14,2,1,13833.42
pay_demo_002537,cust_0533,30465.3,INR,netbanking,bank_timeout,1,1,3,10281.0,2026-05-02T16:48:02.152741,16,5,0,0.0
pay_demo_002538,cust_0464,37856.07,INR,debit_card,card_declined,2,2,3,9891.25,2026-05-06T10:57:02.152759,10,2,1,37438.39
pay_demo_002539,cust_0429,33261.33,INR,upi,upi_failure,1,17,0,4630.4,2026-07-02T04:01:02.152777,4,3,1,30826.74
pay_demo_002540,cust_0200,24049.75,INR,netbanking,network_error,1,20,4,25541.95,2026-06-13T15:43:02.152796,15,5,0,0.0
pay_demo_002541,cust_0471,38738.83,INR,netbanking,insufficient_funds,1,0,4,8818.53,2026-07-11T16:15:02.152813,16,5,0,0.0
pay_demo_002542,cust_0145,45067.52,INR,credit_card,insufficient_funds,1,0,0,8580.25,2026-05-03T01:54:02.152830,1,6,1,40388.26
pay_demo_002543,cust_0738,16683.5,INR,credit_card,card_declined,1,10,4,10472.08,2026-05-02T14:08:02.152848,14,5,1,16575.11
pay_demo_002544,cust_0951,1633.95,INR,credit_card,card_declined,1,12,0,5283.47,2026-07-16T12:34:02.152869,12,3,1,1403.91
pay_demo_002545,cust_0782,10802.17,INR,credit_card,network_error,2,19,2,11085.67,2026-07-02T21:42:02.152887,21,3,0,0.0
pay_demo_002546,cust_0656,26983.45,INR,credit_card,network_error,1,1,2,1097.55,2026-07-23T04:35:02.152904,4,3,1,24523.81
pay_demo_002547,cust_0927,44110.97,INR,upi,card_declined,1,15,2,28562.72,2026-03-27T19:09:02.152921,19,4,1,38361.25
pay_demo_002548,cust_0310,4533.24,INR,netbanking,network_error,2,5,0,11095.89,2026-06-27T05:51:02.152940,5,5,1,4465.14
pay_demo_002549,cust_0392,30285.36,INR,netbanking,bank_timeout,1,4,2,22669.97,2026-07-03T20:09:02.152958,20,4,0,0.0
pay_demo_002550,cust_0237,29401.2,INR,upi,upi_failure,1,11,0,5955.92,2026-08-16T10:56:02.152976,10,6,1,27952.12
pay_demo_002551,cust_0050,5490.9,INR,credit_card,authentication_failed,1,11,4,7157.94,2026-03-26T08:57:02.152994,8,3,0,0.0
pay_demo_002552,cust_0619,3277.35,INR,upi,authentication_failed,1,18,5,10576.95,2026-08-02T11:53:02.153011,11,6,1,2876.3
pay_demo_002553,cust_0349,18953.33,INR,debit_card,authentication_failed,1,16,5,11369.75,2026-03-27T15:02:02.153030,15,4,0,0.0
pay_demo_002554,cust_0745,22584.95,INR,credit_card,insufficient_funds,1,11,5,24212.14,2026-07-03T19:15:02.153047,19,4,0,0.0
pay_demo_002555,cust_0240,4325.62,INR,netbanking,authentication_failed,1,14,4,23167.2,2026-06-16T13:38:02.153064,13,1,0,0.0
pay_demo_002556,cust_0297,22166.39,INR,debit_card,insufficient_funds,1,3,4,9223.4,2026-05-29T17:19:02.153081,17,4,0,0.0
pay_demo_002557,cust_0630,35025.12,INR,upi,bank_timeout,1,15,3,29091.3,2026-05-10T13:59:02.153098,13,6,1,31581.8
pay_demo_002558,cust_0675,23652.38,INR,netbanking,bank_timeout,1,18,1,16836.34,2026-03-01T03:42:02.153117,3,6,1,21796.11
pay_demo_002559,cust_0057,20457.62,INR,upi,authentication_failed,1,4,1,7754.24,2026-03-08T20:37:02.153135,20,6,0,0.0
pay_demo_002560,cust_0490,31377.97,INR,netbanking,bank_timeout,1,15,5,13113.55,2026-06-03T16:54:02.153152,16,2,1,27382.78
pay_demo_002561,cust_0701,24417.46,INR,debit_card,network_error,1,4,3,24652.7,2026-04-17T00:44:02.153170,0,4,0,0.0
pay_demo_002562,cust_0663,25728.91,INR,netbanking,insufficient_funds,2,2,0,8938.98,2026-07-20T04:43:02.153214,4,0,0,0.0
pay_demo_002563,cust_0198,1274.36,INR,upi,authentication_failed,1,10,1,17309.03,2026-04-12T05:04:02.153234,5,6,1,1216.42
pay_demo_002564,cust_0895,12315.83,INR,upi,insufficient_funds,1,13,2,18183.43,2026-03-20T07:08:02.153253,7,4,1,11170.64
pay_demo_002565,cust_0628,10592.85,INR,netbanking,network_error,2,3,3,19943.77,2026-07-07T02:31:02.153271,2,1,0,0.0
pay_demo_002566,cust_0423,17256.43,INR,upi,upi_failure,2,16,1,1716.7,2026-08-02T15:20:02.153287,15,6,0,0.0
pay_demo_002567,cust_0892,1710.63,INR,netbanking,upi_failure,1,13,3,9138.69,2026-05-09T09:07:02.153303,9,5,1,1657.52
pay_demo_002568,cust_0226,43600.93,INR,debit_card,bank_timeout,2,15,1,29805.98,2026-06-08T12:48:02.153320,12,0,1,43353.95
pay_demo_002569,cust_0932,12595.58,INR,debit_card,authentication_failed,1,12,4,14343.22,2026-05-14T15:29:02.153338,15,3,0,0.0
pay_demo_002570,cust_0452,25663.2,INR,netbanking,insufficient_funds,1,18,2,21390.65,2026-07-28T23:43:02.153354,23,1,1,23379.67
pay_demo_002571,cust_0142,15882.09,INR,netbanking,network_error,1,18,3,10146.24,2026-04-13T13:08:02.153371,13,0,1,13761.49
pay_demo_002572,cust_0839,33673.96,INR,netbanking,insufficient_funds,2,13,5,15019.61,2026-03-28T16:15:02.153388,16,5,1,30237.08
pay_demo_002573,cust_0023,30771.67,INR,credit_card,upi_failure,1,8,1,2652.0,2026-04-02T20:43:02.153416,20,3,0,0.0
pay_demo_002574,cust_0448,43460.09,INR,debit_card,bank_timeout,1,6,2,26842.9,2026-05-01T06:08:02.153443,6,4,1,41436.41
pay_demo_002575,cust_0876,35021.89,INR,upi,upi_failure,2,15,5,17233.51,2026-07-23T12:55:02.153462,12,3,0,0.0
pay_demo_002576,cust_0885,26083.67,INR,upi,card_declined,1,7,5,18523.44,2026-07-24T21:44:02.153480,21,4,0,0.0
pay_demo_002577,cust_0464,27863.93,INR,credit_card,insufficient_funds,1,20,5,26484.51,2026-03-03T22:03:02.153496,22,1,1,26055.78
pay_demo_002578,cust_0721,13632.36,INR,upi,authentication_failed,2,15,3,23095.15,2026-05-06T23:37:02.153513,23,2,0,0.0
pay_demo_002579,cust_0202,20468.41,INR,credit_card,authentication_failed,1,16,3,6413.61,2026-07-30T21:54:02.153528,21,3,1,20110.05
pay_demo_002580,cust_0846,7747.12,INR,upi,authentication_failed,1,9,4,27584.12,2026-07-26T11:10:02.153546,11,6,0,0.0
pay_demo_002581,cust_0260,38707.09,INR,credit_card,insufficient_funds,3,6,3,25548.9,2026-03-08T05:38:02.153565,5,6,0,0.0
pay_demo_002582,cust_0024,47360.43,INR,credit_card,authentication_failed,1,12,3,21851.56,2026-03-17T21:18:02.153587,21,1,0,0.0
pay_demo_002583,cust_0212,19183.29,INR,debit_card,authentication_failed,1,19,2,26774.25,2026-03-27T20:01:02.153604,20,4,1,17923.79
pay_demo_002584,cust_0380,45877.9,INR,debit_card,network_error,2,1,0,26079.07,2026-07-21T15:23:02.153625,15,1,0,0.0
pay_demo_002585,cust_0379,38227.17,INR,upi,network_error,2,11,0,24833.67,2026-08-27T21:56:02.153641,21,3,1,37647.58
pay_demo_002586,cust_0299,19696.92,INR,netbanking,upi_failure,2,16,5,20882.23,2026-03-16T22:28:02.153659,22,0,1,19335.8
pay_demo_002587,cust_0222,47592.6,INR,upi,upi_failure,1,2,0,8814.44,2026-06-19T16:58:02.153679,16,4,0,0.0
pay_demo_002588,cust_0357,20402.21,INR,debit_card,bank_timeout,1,10,1,15912.0,2026-03-13T20:45:02.153695,20,4,1,18918.11
pay_demo_002589,cust_0223,23970.13,INR,netbanking,upi_failure,1,1,1,1740.85,2026-03-17T23:56:02.153712,23,1,0,0.0
pay_demo_002590,cust_0945,20285.13,INR,debit_card,card_declined,1,3,3,25303.45,2026-05-04T06:46:02.153727,6,0,0,0.0
pay_demo_002591,cust_0037,4742.28,INR,upi,insufficient_funds,2,3,3,26975.0,2026-04-15T01:27:02.153744,1,2,0,0.0
pay_demo_002592,cust_0662,35223.55,INR,netbanking,authentication_failed,1,2,0,11291.5,2026-05-20T10:11:02.153759,10,2,1,32673.5
pay_demo_002593,cust_0433,5818.57,INR,netbanking,card_declined,1,18,5,21527.8,2026-07-07T02:50:02.153780,2,1,0,0.0
pay_demo_002594,cust_0164,20808.4,INR,netbanking,bank_timeout,2,0,2,29104.57,2026-04-12T17:39:02.153795,17,6,0,0.0
pay_demo_002595,cust_0195,12928.05,INR,upi,network_error,1,10,3,21314.88,2026-04-10T12:47:02.153814,12,4,0,0.0
pay_demo_002596,cust_0374,47602.4,INR,credit_card,network_error,1,16,1,8827.52,2026-05-20T11:20:02.153832,11,2,1,41476.16
pay_demo_002597,cust_0480,45289.99,INR,netbanking,upi_failure,1,2,5,10242.4,2026-06-20T10:35:02.153848,10,5,0,0.0
pay_demo_002598,cust_0562,24346.89,INR,credit_card,bank_timeout,2,6,0,4972.93,2026-04-18T13:49:02.153864,13,5,1,21270.38
pay_demo_002599,cust_0846,23208.89,INR,netbanking,card_declined,1,17,5,7048.37,2026-06-07T21:22:02.153880,21,6,1,21019.05
pay_demo_002600,cust_0757,35563.99,INR,credit_card,upi_failure,1,16,2,28329.94,2026-05-10T20:47:02.153899,20,6,1,30252.96
pay_demo_002601,cust_0558,23462.36,INR,credit_card,bank_timeout,1,18,3,4189.32,2026-08-25T03:33:02.153916,3,1,1,22637.16
pay_demo_002602,cust_0230,27867.38,INR,credit_card,card_declined,2,15,3,27635.69,2026-07-29T20:06:02.153934,20,2,0,0.0
pay_demo_002603,cust_0779,25162.88,INR,credit_card,upi_failure,1,15,5,15366.65,2026-05-20T18:02:02.153954,18,2,1,24333.38
pay_demo_002604,cust_0063,629.28,INR,upi,insufficient_funds,1,4,5,25797.71,2026-07-22T17:44:02.153984,17,2,0,0.0
pay_demo_002605,cust_0692,14655.32,INR,credit_card,authentication_failed,3,11,5,19930.08,2026-03-03T02:34:02.154002,2,1,1,14623.35
pay_demo_002606,cust_0097,37918.09,INR,netbanking,bank_timeout,1,18,5,14504.73,2026-05-23T12:17:02.154020,12,5,1,35699.39
pay_demo_002607,cust_0359,38639.66,INR,netbanking,card_declined,1,1,4,18477.3,2026-03-06T11:29:02.154037,11,4,0,0.0
pay_demo_002608,cust_0876,11879.53,INR,debit_card,upi_failure,1,19,5,11316.04,2026-07-17T14:54:02.154053,14,4,1,11855.32
pay_demo_002609,cust_0389,34171.11,INR,debit_card,insufficient_funds,2,19,1,28737.05,2026-07-12T19:09:02.154070,19,6,0,0.0
pay_demo_002610,cust_0091,29056.88,INR,debit_card,insufficient_funds,3,0,3,1126.91,2026-03-03T14:32:02.154085,14,1,0,0.0
pay_demo_002611,cust_0688,12313.68,INR,upi,bank_timeout,1,20,4,3871.54,2026-06-04T22:15:02.154101,22,3,0,0.0
pay_demo_002612,cust_0719,4989.9,INR,upi,card_declined,2,4,3,762.94,2026-04-20T22:54:02.154118,22,0,0,0.0
pay_demo_002613,cust_0411,17562.72,INR,credit_card,authentication_failed,1,14,2,18137.26,2026-04-07T17:48:02.154137,17,1,0,0.0
pay_demo_002614,cust_0327,14593.31,INR,credit_card,upi_failure,1,2,4,6013.29,2026-06-16T05:37:02.154154,5,1,0,0.0
pay_demo_002615,cust_0484,28592.69,INR,debit_card,card_declined,1,16,3,29556.06,2026-05-20T14:19:02.154169,14,2,0,0.0
pay_demo_002616,cust_0852,12155.24,INR,credit_card,bank_timeout,2,2,3,20933.86,2026-03-12T10:35:02.154185,10,3,0,0.0
pay_demo_002617,cust_0374,7483.38,INR,credit_card,upi_failure,1,10,2,25820.19,2026-03-29T18:16:02.154203,18,6,1,6919.95
pay_demo_002618,cust_0132,14646.89,INR,upi,bank_timeout,1,4,0,16610.08,2026-03-10T22:57:02.154221,22,1,0,0.0
pay_demo_002619,cust_0312,33393.68,INR,netbanking,bank_timeout,1,18,0,17004.61,2026-06-02T15:49:02.154236,15,1,1,32511.59
pay_demo_002620,cust_0508,43895.1,INR,netbanking,authentication_failed,1,1,5,21034.18,2026-07-08T16:42:02.154256,16,2,0,0.0
pay_demo_002621,cust_0921,21156.27,INR,credit_card,card_declined,1,6,0,3137.57,2026-08-13T22:16:02.154272,22,3,0,0.0
pay_demo_002622,cust_0039,29548.78,INR,credit_card,bank_timeout,1,16,0,21949.99,2026-06-09T07:00:02.154287,7,1,1,25885.43
pay_demo_002623,cust_0660,49123.38,INR,credit_card,upi_failure,1,8,0,10385.54,2026-03-27T18:23:02.154310,18,4,1,46787.14
pay_demo_002624,cust_0637,37031.84,INR,upi,upi_failure,2,20,3,12806.19,2026-08-05T16:13:02.154327,16,2,1,33796.1
pay_demo_002625,cust_0175,26782.72,INR,upi,network_error,2,2,1,29558.84,2026-03-08T03:35:02.154345,3,6,0,0.0
pay_demo_002626,cust_0533,3525.64,INR,debit_card,card_declined,2,8,3,25480.72,2026-05-31T01:48:02.154363,1,6,0,0.0
pay_demo_002627,cust_0076,49676.71,INR,upi,bank_timeout,3,17,1,20393.12,2026-06-26T23:07:02.154379,23,4,1,46792.03
pay_demo_002628,cust_0510,46507.46,INR,netbanking,network_error,1,4,0,16952.14,2026-07-27T00:43:02.154399,0,0,1,40507.52
pay_demo_002629,cust_0433,30398.93,INR,netbanking,card_declined,2,11,5,1349.06,2026-08-01T11:11:02.154416,11,5,0,0.0
pay_demo_002630,cust_0498,21471.61,INR,upi,network_error,1,12,1,19916.96,2026-04-11T17:36:02.154432,17,5,1,21235.97
pay_demo_002631,cust_0443,27328.4,INR,debit_card,bank_timeout,1,20,3,26433.39,2026-03-17T18:33:02.154449,18,1,1,27018.16
pay_demo_002632,cust_0177,29687.8,INR,credit_card,card_declined,1,14,4,25008.67,2026-04-18T23:26:02.154466,23,5,0,0.0
pay_demo_002633,cust_0717,34451.77,INR,netbanking,authentication_failed,1,12,2,5485.74,2026-04-09T03:24:02.154485,3,3,0,0.0
pay_demo_002634,cust_0693,44621.14,INR,upi,card_declined,1,18,1,24348.49,2026-04-05T06:56:02.154503,6,6,1,38835.42
pay_demo_002635,cust_0350,31199.85,INR,netbanking,card_declined,1,10,4,25160.4,2026-05-22T15:01:02.154520,15,4,1,29089.39
pay_demo_002636,cust_0193,45624.32,INR,debit_card,authentication_failed,1,10,0,27766.19,2026-06-14T20:13:02.154536,20,6,0,0.0
pay_demo_002637,cust_0452,5646.15,INR,netbanking,upi_failure,1,18,1,17363.89,2026-07-23T05:07:02.154552,5,3,1,5097.75
pay_demo_002638,cust_0406,17675.76,INR,upi,network_error,1,2,5,3867.45,2026-06-10T07:35:02.154571,7,2,0,0.0
pay_demo_002639,cust_0041,2992.91,INR,debit_card,bank_timeout,1,19,1,8225.76,2026-03-28T01:22:02.154587,1,5,1,2625.21
pay_demo_002640,cust_0971,22470.85,INR,netbanking,upi_failure,1,1,5,7370.98,2026-08-23T19:25:02.154605,19,6,0,0.0
pay_demo_002641,cust_0201,1097.29,INR,upi,authentication_failed,2,10,5,889.19,2026-03-16T07:37:02.154620,7,0,0,0.0
pay_demo_002642,cust_0856,31353.09,INR,netbanking,upi_failure,1,0,3,20016.25,2026-03-27T12:53:02.154635,12,4,0,0.0
pay_demo_002643,cust_0186,8270.14,INR,credit_card,card_declined,1,3,5,17043.41,2026-05-21T18:06:02.154653,18,3,0,0.0
pay_demo_002644,cust_0043,879.28,INR,netbanking,authentication_failed,1,4,2,23672.14,2026-05-21T03:17:02.154672,3,3,1,803.24
pay_demo_002645,cust_0266,35147.1,INR,netbanking,upi_failure,1,20,2,29827.2,2026-03-02T13:31:02.154689,13,0,1,34536.22
pay_demo_002646,cust_0707,4782.68,INR,debit_card,upi_failure,1,19,2,27088.1,2026-03-07T08:46:02.154706,8,5,1,4100.93
pay_demo_002647,cust_0390,27228.96,INR,netbanking,insufficient_funds,1,9,2,28222.46,2026-07-02T15:41:02.154722,15,3,1,26103.94
pay_demo_002648,cust_0288,19164.7,INR,netbanking,network_error,3,13,2,27860.61,2026-04-18T17:20:02.154739,17,5,1,18438.95
pay_demo_002649,cust_0275,25432.49,INR,debit_card,network_error,2,7,5,28223.47,2026-05-29T03:27:02.154755,3,4,1,25221.53
pay_demo_002650,cust_0646,8169.05,INR,netbanking,card_declined,1,12,2,15768.76,2026-06-27T20:01:02.154772,20,5,1,7998.33
pay_demo_002651,cust_0831,23144.01,INR,debit_card,network_error,1,16,4,9076.47,2026-07-18T03:36:02.154788,3,5,1,22350.59
pay_demo_002652,cust_0625,28130.46,INR,debit_card,upi_failure,1,13,4,20870.01,2026-04-12T22:40:02.154805,22,6,1,24011.23
pay_demo_002653,cust_0742,39564.19,INR,debit_card,bank_timeout,1,1,4,5658.62,2026-06-20T11:33:02.154823,11,5,0,0.0
pay_demo_002654,cust_0170,36694.25,INR,upi,bank_timeout,1,8,1,27574.1,2026-03-26T17:26:02.154839,17,3,0,0.0
pay_demo_002655,cust_0047,34907.76,INR,netbanking,insufficient_funds,2,15,1,25413.82,2026-03-29T13:45:02.154855,13,6,1,32996.23
pay_demo_002656,cust_0945,17398.91,INR,upi,insufficient_funds,1,0,0,12940.45,2026-06-03T06:40:02.154874,6,2,0,0.0
pay_demo_002657,cust_0113,17846.5,INR,credit_card,authentication_failed,1,0,2,29777.49,2026-08-22T02:51:02.154892,2,5,0,0.0
pay_demo_002658,cust_0983,28203.88,INR,debit_card,insufficient_funds,1,2,1,27311.24,2026-03-28T15:13:02.154908,15,5,1,26866.09
pay_demo_002659,cust_0689,34290.41,INR,credit_card,card_declined,1,10,1,2820.75,2026-08-02T20:53:02.154927,20,6,0,0.0
pay_demo_002660,cust_0245,32909.65,INR,upi,upi_failure,3,5,3,11060.11,2026-05-02T15:53:02.154953,15,5,0,0.0
pay_demo_002661,cust_0565,21819.73,INR,netbanking,insufficient_funds,2,11,0,20911.07,2026-04-15T12:31:02.154970,12,2,1,19278.1
pay_demo_002662,cust_0198,27789.56,INR,debit_card,upi_failure,1,2,2,19141.66,2026-05-09T22:11:02.154987,22,5,1,26137.31
pay_demo_002663,cust_0931,31365.32,INR,credit_card,upi_failure,1,15,5,27105.37,2026-06-11T12:09:02.155009,12,3,1,28342.39
pay_demo_002664,cust_0774,34276.3,INR,netbanking,authentication_failed,1,13,1,14480.24,2026-04-10T20:36:02.155026,20,4,1,31477.44
pay_demo_002665,cust_0254,22224.64,INR,netbanking,bank_timeout,3,4,0,20200.12,2026-04-28T12:35:02.155044,12,1,0,0.0
pay_demo_002666,cust_0737,36151.3,INR,credit_card,card_declined,1,3,1,22721.09,2026-08-20T07:46:02.155062,7,3,0,0.0
pay_demo_002667,cust_0539,6102.71,INR,netbanking,card_declined,1,18,4,28020.82,2026-05-11T05:48:02.155078,5,0,0,0.0
pay_demo_002668,cust_0086,30254.67,INR,netbanking,insufficient_funds,1,7,4,18132.53,2026-08-09T10:15:02.155094,10,6,0,0.0
pay_demo_002669,cust_0506,47063.04,INR,debit_card,upi_failure,1,10,5,18658.59,2026-03-29T06:53:02.155111,6,6,0,0.0
pay_demo_002670,cust_0940,41080.27,INR,netbanking,card_declined,1,3,1,28591.91,2026-07-03T15:12:02.155140,15,4,0,0.0
pay_demo_002671,cust_0235,41423.68,INR,upi,upi_failure,1,2,5,9106.69,2026-07-20T22:53:02.155160,22,0,0,0.0
pay_demo_002672,cust_0379,30468.77,INR,credit_card,card_declined,1,1,5,4770.21,2026-07-14T00:47:02.155177,0,1,0,0.0
pay_demo_002673,cust_0110,12466.56,INR,credit_card,card_declined,1,11,3,11668.6,2026-07-11T04:23:02.155228,4,5,1,10716.11
pay_demo_002674,cust_0736,16695.52,INR,upi,authentication_failed,1,8,1,26911.35,2026-04-16T01:50:02.155255,1,3,0,0.0
pay_demo_002675,cust_0663,15097.9,INR,netbanking,network_error,1,2,0,20727.44,2026-07-18T02:25:02.155272,2,5,1,13928.89
pay_demo_002676,cust_0122,33974.54,INR,upi,upi_failure,1,4,5,17744.12,2026-03-08T09:24:02.155290,9,6,1,29523.06
pay_demo_002677,cust_0925,39156.51,INR,debit_card,bank_timeout,2,6,1,15522.39,2026-05-10T19:19:02.155307,19,6,0,0.0
pay_demo_002678,cust_0630,4352.39,INR,upi,authentication_failed,1,7,4,5090.78,2026-08-02T05:27:02.155323,5,6,0,0.0
pay_demo_002679,cust_0253,19974.1,INR,upi,upi_failure,1,14,3,23451.41,2026-07-29T23:40:02.155339,23,2,1,17388.18
pay_demo_002680,cust_0527,34185.74,INR,netbanking,bank_timeout,1,9,2,25588.06,2026-03-22T00:57:02.155356,0,6,1,30971.39
pay_demo_002681,cust_0202,3012.69,INR,debit_card,upi_failure,1,5,0,4362.5,2026-03-15T11:15:02.155377,11,6,1,2925.43
pay_demo_002682,cust_0250,28110.97,INR,upi,insufficient_funds,2,9,5,10713.49,2026-08-13T18:24:02.155395,18,3,0,0.0
pay_demo_002683,cust_0324,25249.35,INR,netbanking,card_declined,1,20,0,8529.92,2026-03-26T00:12:02.155413,0,3,0,0.0
pay_demo_002684,cust_0211,13802.5,INR,netbanking,authentication_failed,1,20,0,16325.85,2026-07-21T16:12:02.155434,16,1,1,12609.89
pay_demo_002685,cust_0518,4993.66,INR,upi,insufficient_funds,2,4,3,5589.43,2026-08-15T13:56:02.155471,13,5,0,0.0
pay_demo_002686,cust_0250,12379.45,INR,netbanking,bank_timeout,1,9,1,4892.47,2026-08-02T16:28:02.155501,16,6,1,11743.52
pay_demo_002687,cust_0174,18210.77,INR,credit_card,insufficient_funds,1,17,5,6311.11,2026-08-08T02:38:02.155531,2,5,0,0.0
pay_demo_002688,cust_0536,6253.61,INR,netbanking,insufficient_funds,1,0,1,16355.4,2026-03-07T02:19:02.155561,2,5,1,5396.2
pay_demo_002689,cust_0961,35130.4,INR,credit_card,authentication_failed,1,0,3,22598.04,2026-03-29T01:43:02.155592,1,6,1,33275.6
pay_demo_002690,cust_0439,24210.71,INR,upi,bank_timeout,1,4,0,8080.89,2026-08-02T22:32:02.155621,22,6,0,0.0
pay_demo_002691,cust_0936,639.98,INR,upi,card_declined,1,17,2,26205.16,2026-08-20T03:20:02.155647,3,3,0,0.0
pay_demo_002692,cust_0546,41929.9,INR,debit_card,bank_timeout,1,14,0,16108.05,2026-08-07T20:06:02.155674,20,4,1,40553.01
pay_demo_002693,cust_0772,4209.06,INR,debit_card,authentication_failed,1,8,2,12899.31,2026-04-29T19:23:02.155734,19,2,1,3827.36
pay_demo_002694,cust_0347,19596.37,INR,upi,network_error,1,13,3,2808.3,2026-05-07T09:16:02.155794,9,3,1,18668.55
pay_demo_002695,cust_0120,34467.31,INR,netbanking,insufficient_funds,2,7,4,10954.07,2026-07-31T19:15:02.155838,19,4,0,0.0
pay_demo_002696,cust_0412,38292.64,INR,netbanking,card_declined,1,0,2,11221.96,2026-07-05T09:56:02.155875,9,6,0,0.0
pay_demo_002697,cust_0201,27314.64,INR,netbanking,authentication_failed,1,1,1,22018.44,2026-07-03T02:21:02.155896,2,4,0,0.0
pay_demo_002698,cust_0950,35925.93,INR,debit_card,authentication_failed,1,2,2,9265.02,2026-05-19T11:51:02.155914,11,1,0,0.0
pay_demo_002699,cust_0507,21328.29,INR,credit_card,bank_timeout,1,3,0,24263.31,2026-05-13T20:19:02.155932,20,2,1,19083.03
pay_demo_002700,cust_0642,33612.93,INR,debit_card,insufficient_funds,1,7,0,18228.48,2026-04-13T00:36:02.155950,0,0,1,29615.73
pay_demo_002701,cust_0946,20899.78,INR,netbanking,bank_timeout,2,12,2,11624.68,2026-04-05T11:25:02.155968,11,6,1,19365.26
pay_demo_002702,cust_0495,46363.24,INR,credit_card,card_declined,1,7,0,1335.05,2026-04-11T16:31:02.155991,16,5,0,0.0
pay_demo_002703,cust_0700,30246.9,INR,credit_card,card_declined,2,2,2,17511.27,2026-07-12T00:53:02.156010,0,6,0,0.0
pay_demo_002704,cust_0799,47756.35,INR,upi,authentication_failed,1,15,0,11807.4,2026-03-27T16:45:02.156029,16,4,1,41054.32
pay_demo_002705,cust_0930,13358.28,INR,netbanking,authentication_failed,2,4,4,3278.54,2026-04-10T09:52:02.156062,9,4,1,11611.58
pay_demo_002706,cust_0161,14182.14,INR,upi,network_error,1,2,4,3869.27,2026-03-02T05:13:02.156083,5,0,1,14158.53
pay_demo_002707,cust_0411,32669.78,INR,netbanking,upi_failure,1,16,4,22008.4,2026-04-16T03:46:02.156106,3,3,1,31849.59
pay_demo_002708,cust_0489,44740.62,INR,netbanking,network_error,1,10,1,27930.83,2026-07-24T20:31:02.156124,20,4,1,38863.31
pay_demo_002709,cust_0286,27405.01,INR,netbanking,upi_failure,3,11,4,22264.2,2026-04-08T04:28:02.156141,4,2,0,0.0
pay_demo_002710,cust_0679,5279.87,INR,upi,card_declined,1,6,5,24123.27,2026-02-28T13:36:02.156158,13,5,0,0.0
pay_demo_002711,cust_0883,12314.05,INR,netbanking,insufficient_funds,2,5,4,14099.45,2026-05-26T12:34:02.156175,12,1,0,0.0
pay_demo_002712,cust_0838,9064.82,INR,netbanking,bank_timeout,1,9,4,12610.36,2026-04-25T06:30:02.156191,6,5,1,7801.68
pay_demo_002713,cust_0588,41991.17,INR,credit_card,network_error,2,18,5,17632.48,2026-03-31T22:37:02.156212,22,1,1,39033.32
pay_demo_002714,cust_0971,8501.15,INR,upi,bank_timeout,2,20,0,15237.94,2026-05-10T08:40:02.156230,8,6,1,7466.38
pay_demo_002715,cust_0700,34841.25,INR,upi,card_declined,1,6,3,27667.23,2026-06-27T21:32:02.156247,21,5,1,32823.52
pay_demo_002716,cust_0540,16605.26,INR,upi,bank_timeout,1,19,0,7658.84,2026-03-08T18:24:02.156276,18,6,1,15004.32
pay_demo_002717,cust_0303,18704.26,INR,debit_card,network_error,1,13,1,20562.43,2026-03-30T06:14:02.156297,6,0,1,18229.73
pay_demo_002718,cust_0157,24195.09,INR,debit_card,authentication_failed,1,20,1,4792.25,2026-06-06T13:56:02.156315,13,5,0,0.0
pay_demo_002719,cust_0449,40474.35,INR,upi,network_error,2,5,2,16950.72,2026-08-10T03:15:02.156332,3,0,1,39521.44
pay_demo_002720,cust_0925,47444.27,INR,debit_card,card_declined,2,5,0,24657.56,2026-07-12T01:50:02.156350,1,6,0,0.0
pay_demo_002721,cust_0416,40592.68,INR,upi,authentication_failed,1,7,4,18147.91,2026-05-28T15:56:02.156366,15,3,1,39525.99
pay_demo_002722,cust_0741,38673.51,INR,debit_card,upi_failure,1,10,3,6920.03,2026-08-14T04:47:02.156384,4,4,0,0.0
pay_demo_002723,cust_0009,44758.86,INR,netbanking,network_error,1,10,4,1861.17,2026-03-30T10:18:02.156405,10,0,0,0.0
pay_demo_002724,cust_0678,15431.52,INR,netbanking,insufficient_funds,1,1,4,29565.51,2026-03-24T04:07:02.156421,4,1,0,0.0
pay_demo_002725,cust_0181,35190.39,INR,netbanking,card_declined,1,6,2,19700.09,2026-08-04T10:37:02.156440,10,1,0,0.0
pay_demo_002726,cust_0521,3405.72,INR,credit_card,insufficient_funds,3,15,1,28062.01,2026-05-04T23:32:02.156456,23,0,0,0.0
pay_demo_002727,cust_0710,6977.05,INR,netbanking,authentication_failed,1,9,0,21337.24,2026-07-12T14:54:02.156473,14,6,1,6611.23
pay_demo_002728,cust_0662,8702.65,INR,debit_card,bank_timeout,1,16,5,7271.26,2026-08-12T10:19:02.156491,10,2,1,8588.25
pay_demo_002729,cust_0190,36729.28,INR,netbanking,upi_failure,1,0,0,26801.02,2026-08-02T03:12:02.156509,3,6,1,32927.82
pay_demo_002730,cust_0275,8576.16,INR,debit_card,insufficient_funds,1,0,1,20947.25,2026-06-26T13:02:02.156527,13,4,1,8187.28
pay_demo_002731,cust_0316,22073.07,INR,debit_card,authentication_failed,2,2,0,20215.08,2026-04-18T10:20:02.156549,10,5,0,0.0
pay_demo_002732,cust_0067,48997.76,INR,netbanking,upi_failure,1,18,2,3539.98,2026-04-23T12:50:02.156568,12,3,0,0.0
pay_demo_002733,cust_0636,27049.75,INR,upi,insufficient_funds,1,10,2,25009.13,2026-07-24T14:09:02.156591,14,4,1,24310.1
pay_demo_002734,cust_0096,34281.98,INR,upi,network_error,2,5,3,25872.3,2026-03-10T22:01:02.156613,22,1,1,32446.2
pay_demo_002735,cust_0326,19289.88,INR,debit_card,insufficient_funds,2,18,1,1539.36,2026-07-14T16:32:02.156633,16,1,0,0.0
pay_demo_002736,cust_0392,35614.02,INR,netbanking,network_error,1,13,4,5611.44,2026-07-16T05:40:02.156649,5,3,0,0.0
pay_demo_002737,cust_0240,11739.3,INR,netbanking,bank_timeout,1,2,0,18940.82,2026-04-11T17:24:02.156668,17,5,1,11170.19
pay_demo_002738,cust_0856,31131.35,INR,credit_card,upi_failure,1,20,5,25830.52,2026-06-13T23:38:02.156684,23,5,0,0.0
pay_demo_002739,cust_0435,33732.71,INR,credit_card,upi_failure,1,6,2,20399.1,2026-04-12T04:48:02.156700,4,6,0,0.0
pay_demo_002740,cust_0976,12058.87,INR,credit_card,card_declined,1,16,3,13367.31,2026-03-24T15:16:02.156716,15,1,1,10317.48
pay_demo_002741,cust_0446,38847.1,INR,debit_card,upi_failure,1,7,5,17079.59,2026-05-21T04:54:02.156732,4,3,0,0.0
pay_demo_002742,cust_0568,16622.52,INR,upi,card_declined,1,10,0,17539.72,2026-05-31T18:14:02.156748,18,6,1,16254.91
pay_demo_002743,cust_0649,45190.32,INR,debit_card,network_error,1,15,5,26036.05,2026-06-25T05:35:02.156770,5,3,1,43879.81
pay_demo_002744,cust_0620,43706.5,INR,netbanking,upi_failure,1,10,4,3335.72,2026-04-29T11:41:02.156789,11,2,0,0.0
pay_demo_002745,cust_0046,13078.99,INR,upi,network_error,1,0,0,22979.65,2026-03-30T13:45:02.156806,13,0,1,11384.69
pay_demo_002746,cust_0521,47487.09,INR,credit_card,upi_failure,3,19,5,12357.97,2026-05-23T07:35:02.156827,7,5,0,0.0
pay_demo_002747,cust_0441,22608.7,INR,debit_card,card_declined,1,3,3,21158.26,2026-03-16T23:07:02.156845,23,0,0,0.0
pay_demo_002748,cust_0885,43353.54,INR,netbanking,network_error,1,8,4,13489.28,2026-08-06T22:01:02.156861,22,3,0,0.0
pay_demo_002749,cust_0987,37984.13,INR,debit_card,authentication_failed,2,14,0,10433.31,2026-04-27T12:36:02.156877,12,0,1,34748.65
pay_demo_002750,cust_0334,202.57,INR,debit_card,bank_timeout,1,16,3,28338.64,2026-03-05T20:38:02.156893,20,3,1,187.12
pay_demo_002751,cust_0300,13185.82,INR,credit_card,insufficient_funds,1,6,2,18515.54,2026-03-17T10:26:02.156911,10,1,1,12230.75
pay_demo_002752,cust_0020,44170.58,INR,debit_card,upi_failure,2,0,5,10386.15,2026-05-15T10:08:02.156928,10,4,1,42232.0
pay_demo_002753,cust_0810,47429.91,INR,netbanking,upi_failure,1,4,5,22607.0,2026-06-21T18:12:02.156947,18,6,0,0.0
pay_demo_002754,cust_0575,21844.75,INR,netbanking,authentication_failed,1,5,2,24145.35,2026-07-27T15:00:02.156964,15,0,1,21335.17
pay_demo_002755,cust_0339,2973.71,INR,credit_card,network_error,1,15,3,22464.76,2026-05-23T14:30:02.156981,14,5,1,2970.46
pay_demo_002756,cust_0074,31533.41,INR,credit_card,network_error,1,18,1,22882.86,2026-05-15T06:07:02.157002,6,4,1,27048.27
pay_demo_002757,cust_0395,9953.94,INR,debit_card,insufficient_funds,1,2,0,23208.52,2026-07-22T09:27:02.157019,9,2,0,0.0
pay_demo_002758,cust_0592,18993.15,INR,debit_card,bank_timeout,3,19,5,6647.69,2026-06-13T03:04:02.157035,3,5,0,0.0
pay_demo_002759,cust_0516,43010.79,INR,credit_card,authentication_failed,1,11,4,11593.41,2026-04-28T22:05:02.157051,22,1,0,0.0
pay_demo_002760,cust_0222,19487.1,INR,netbanking,insufficient_funds,1,6,5,12962.63,2026-06-24T14:19:02.157067,14,2,0,0.0
pay_demo_002761,cust_0289,10721.99,INR,debit_card,card_declined,1,19,3,22542.65,2026-06-26T16:56:02.157083,16,4,0,0.0
pay_demo_002762,cust_0551,3782.58,INR,credit_card,insufficient_funds,1,14,5,12939.53,2026-04-27T01:09:02.157098,1,0,1,3636.64
pay_demo_002763,cust_0049,22534.96,INR,credit_card,bank_timeout,2,9,2,26058.42,2026-05-01T09:06:02.157117,9,4,1,20601.49
pay_demo_002764,cust_0692,20791.13,INR,credit_card,card_declined,1,12,3,16376.39,2026-03-02T22:30:02.157134,22,0,1,19588.11
pay_demo_002765,cust_0932,27802.55,INR,netbanking,card_declined,1,15,2,18591.63,2026-03-05T14:21:02.157152,14,3,1,24630.67
pay_demo_002766,cust_0293,41997.68,INR,debit_card,insufficient_funds,1,6,3,22622.19,2026-06-24T23:14:02.157171,23,2,0,0.0
pay_demo_002767,cust_0803,12153.3,INR,netbanking,card_declined,1,15,2,1238.15,2026-07-20T23:07:02.157187,23,0,1,11205.38
pay_demo_002768,cust_0479,17863.64,INR,debit_card,network_error,1,6,2,3103.87,2026-06-07T08:13:02.157203,8,6,1,15740.63
pay_demo_002769,cust_0796,10556.45,INR,upi,bank_timeout,1,1,4,25607.62,2026-08-19T10:39:02.157232,10,2,0,0.0
pay_demo_002770,cust_0408,17982.0,INR,credit_card,insufficient_funds,2,8,2,7702.9,2026-06-03T03:20:02.157249,3,2,0,0.0
pay_demo_002771,cust_0433,18399.76,INR,debit_card,insufficient_funds,2,4,3,13180.2,2026-08-19T03:19:02.157270,3,2,1,18166.33
pay_demo_002772,cust_0688,38182.04,INR,upi,upi_failure,1,18,5,2821.1,2026-08-12T00:47:02.157287,0,2,0,0.0
pay_demo_002773,cust_0835,15521.71,INR,debit_card,card_declined,1,19,5,23078.81,2026-04-21T05:25:02.157305,5,1,0,0.0
pay_demo_002774,cust_0754,20075.29,INR,debit_card,bank_timeout,1,3,5,26658.58,2026-04-21T17:15:02.157321,17,1,0,0.0
pay_demo_002775,cust_0985,22501.54,INR,debit_card,card_declined,1,9,5,9539.17,2026-05-05T10:03:02.157337,10,1,0,0.0
pay_demo_002776,cust_0096,25634.19,INR,netbanking,network_error,1,0,2,21756.14,2026-03-31T10:37:02.157352,10,1,0,0.0
pay_demo_002777,cust_0688,32614.75,INR,netbanking,network_error,2,19,0,22341.04,2026-07-24T12:37:02.157368,12,4,0,0.0
pay_demo_002778,cust_0352,48901.95,INR,debit_card,bank_timeout,1,19,0,8648.68,2026-07-16T01:48:02.157384,1,3,0,0.0
pay_demo_002779,cust_0709,11731.56,INR,credit_card,network_error,2,15,3,27293.91,2026-08-23T13:45:02.157400,13,6,1,11446.79
pay_demo_002780,cust_0697,12250.06,INR,netbanking,insufficient_funds,2,2,2,2116.46,2026-08-10T17:06:02.157417,17,0,0,0.0
pay_demo_002781,cust_0091,26690.32,INR,netbanking,bank_timeout,1,9,3,26094.64,2026-07-04T06:25:02.157432,6,5,1,26041.78
pay_demo_002782,cust_0260,22798.39,INR,debit_card,insufficient_funds,1,9,2,24914.61,2026-08-27T17:42:02.157449,17,3,1,21450.01
pay_demo_002783,cust_0289,5334.96,INR,credit_card,authentication_failed,1,16,3,19531.62,2026-05-28T21:28:02.157468,21,3,1,5267.56
pay_demo_002784,cust_0699,35044.13,INR,netbanking,card_declined,1,15,3,9422.17,2026-07-06T21:49:02.157489,21,0,1,34616.63
pay_demo_002785,cust_0079,25373.03,INR,credit_card,bank_timeout,1,16,2,6270.06,2026-05-12T13:28:02.157506,13,1,1,24667.84
pay_demo_002786,cust_0358,10659.86,INR,debit_card,authentication_failed,1,3,3,16736.13,2026-06-05T13:06:02.157528,13,4,0,0.0
pay_demo_002787,cust_0638,40375.21,INR,upi,network_error,1,2,1,29148.21,2026-04-08T11:41:02.157548,11,2,1,36505.28
pay_demo_002788,cust_0532,42007.26,INR,upi,card_declined,1,19,1,6846.4,2026-07-06T20:25:02.157566,20,0,0,0.0
pay_demo_002789,cust_0226,15690.24,INR,upi,network_error,2,1,5,2136.87,2026-07-08T06:58:02.157583,6,2,0,0.0
pay_demo_002790,cust_0839,13058.41,INR,netbanking,insufficient_funds,1,19,1,9696.82,2026-07-18T20:18:02.157599,20,5,1,12291.1
pay_demo_002791,cust_0379,28796.82,INR,credit_card,bank_timeout,2,3,1,2367.77,2026-06-08T19:32:02.157618,19,0,1,28384.75
pay_demo_002792,cust_0303,4715.76,INR,upi,upi_failure,2,2,1,7859.03,2026-06-03T03:40:02.157635,3,2,0,0.0
pay_demo_002793,cust_0372,9949.7,INR,upi,bank_timeout,1,1,1,2237.14,2026-06-10T15:02:02.157656,15,2,1,9128.52
pay_demo_002794,cust_0546,4579.95,INR,upi,bank_timeout,1,13,2,18610.39,2026-06-11T02:13:02.157676,2,3,1,4107.89
pay_demo_002795,cust_0468,20457.51,INR,netbanking,insufficient_funds,2,9,2,29644.62,2026-06-11T20:12:02.157693,20,3,0,0.0
pay_demo_002796,cust_0572,37150.73,INR,credit_card,network_error,1,4,3,28193.41,2026-03-27T15:41:02.157709,15,4,1,32429.06
pay_demo_002797,cust_0427,15477.94,INR,upi,network_error,2,3,0,12870.85,2026-08-01T01:15:02.157730,1,5,0,0.0
pay_demo_002798,cust_0392,49113.68,INR,netbanking,authentication_failed,1,0,0,26907.56,2026-03-01T00:29:02.157746,0,6,0,0.0
pay_demo_002799,cust_0652,6794.25,INR,debit_card,insufficient_funds,2,3,3,16298.64,2026-05-13T07:03:02.157763,7,2,0,0.0
pay_demo_002800,cust_0129,7766.86,INR,upi,authentication_failed,2,11,5,12362.2,2026-03-14T11:09:02.157779,11,5,0,0.0
pay_demo_002801,cust_0634,28510.34,INR,netbanking,insufficient_funds,1,6,5,8494.21,2026-04-03T01:57:02.157795,1,4,1,27423.05
pay_demo_002802,cust_0012,17394.08,INR,credit_card,insufficient_funds,1,20,5,27713.27,2026-03-18T12:31:02.157812,12,2,1,15122.86
pay_demo_002803,cust_0136,27653.16,INR,netbanking,bank_timeout,2,5,1,1399.91,2026-03-15T02:33:02.157831,2,6,0,0.0
pay_demo_002804,cust_0935,42295.2,INR,debit_card,network_error,1,4,2,24249.31,2026-04-07T09:55:02.157848,9,1,0,0.0
pay_demo_002805,cust_0149,30581.0,INR,upi,upi_failure,1,1,2,20468.3,2026-04-18T04:01:02.157864,4,5,0,0.0
pay_demo_002806,cust_0724,46501.43,INR,netbanking,bank_timeout,2,1,2,16796.33,2026-07-14T18:46:02.157881,18,1,1,39615.45
pay_demo_002807,cust_0802,18058.89,INR,debit_card,card_declined,1,12,5,29402.04,2026-06-01T22:17:02.157901,22,0,0,0.0
pay_demo_002808,cust_0594,1360.03,INR,upi,authentication_failed,1,18,4,10249.22,2026-05-19T01:46:02.157919,1,1,0,0.0
pay_demo_002809,cust_0210,1956.8,INR,netbanking,upi_failure,1,11,3,24255.14,2026-07-02T07:27:02.157935,7,3,1,1807.73
pay_demo_002810,cust_0521,46351.95,INR,netbanking,authentication_failed,2,11,3,21069.08,2026-03-23T04:09:02.157952,4,0,0,0.0
pay_demo_002811,cust_0244,3888.63,INR,netbanking,authentication_failed,3,13,5,4275.32,2026-07-23T06:01:02.157968,6,3,0,0.0
pay_demo_002812,cust_0906,4591.57,INR,upi,authentication_failed,2,17,3,769.08,2026-06-17T08:09:02.157984,8,2,0,0.0
pay_demo_002813,cust_0604,13999.29,INR,netbanking,bank_timeout,2,19,0,6822.41,2026-08-23T17:41:02.158002,17,6,1,12154.02
pay_demo_002814,cust_0739,36567.76,INR,debit_card,authentication_failed,1,5,5,17301.37,2026-06-10T21:25:02.158020,21,2,0,0.0
pay_demo_002815,cust_0729,37723.58,INR,debit_card,card_declined,2,1,2,7384.07,2026-05-07T19:27:02.158035,19,3,0,0.0
pay_demo_002816,cust_0246,29508.49,INR,upi,authentication_failed,1,6,5,2160.72,2026-04-05T13:16:02.158051,13,6,1,26060.7
pay_demo_002817,cust_0674,36561.66,INR,netbanking,bank_timeout,2,8,4,22894.61,2026-05-16T03:29:02.158068,3,5,0,0.0
pay_demo_002818,cust_0767,38557.09,INR,debit_card,card_declined,1,4,4,26782.11,2026-05-25T02:20:02.158087,2,0,0,0.0
pay_demo_002819,cust_0548,33244.78,INR,credit_card,network_error,2,17,0,22924.03,2026-07-30T07:49:02.158103,7,3,1,29027.33
pay_demo_002820,cust_0383,10641.5,INR,netbanking,network_error,1,13,4,21961.05,2026-03-06T10:31:02.158120,10,4,1,10492.49
pay_demo_002821,cust_0655,24861.41,INR,upi,network_error,2,8,2,24150.45,2026-07-02T08:45:02.158137,8,3,1,23869.69
pay_demo_002822,cust_0589,16407.6,INR,netbanking,upi_failure,1,7,2,19267.26,2026-08-07T08:42:02.158153,8,4,1,16154.65
pay_demo_002823,cust_0701,39407.12,INR,debit_card,network_error,1,16,5,18868.25,2026-06-18T06:17:02.158172,6,3,1,36199.5
pay_demo_002824,cust_0284,4531.88,INR,upi,authentication_failed,1,16,3,20675.17,2026-07-18T10:34:02.158189,10,5,1,4071.82
pay_demo_002825,cust_0124,41983.72,INR,upi,network_error,1,13,2,10372.03,2026-06-20T04:36:02.158206,4,5,1,37925.53
pay_demo_002826,cust_0326,3782.69,INR,debit_card,authentication_failed,1,3,4,12397.43,2026-04-14T04:35:02.158225,4,1,0,0.0
pay_demo_002827,cust_0244,46781.19,INR,upi,bank_timeout,1,6,2,22223.74,2026-07-11T22:09:02.158241,22,5,1,40537.71
pay_demo_002828,cust_0804,9745.23,INR,upi,bank_timeout,2,10,4,14524.3,2026-03-17T19:51:02.158258,19,1,0,0.0
pay_demo_002829,cust_0945,14182.94,INR,credit_card,network_error,1,17,5,6841.51,2026-03-11T04:52:02.158276,4,2,1,13075.81
pay_demo_002830,cust_0421,27754.2,INR,debit_card,card_declined,1,1,0,24231.7,2026-04-20T22:45:02.158294,22,0,0,0.0
pay_demo_002831,cust_0009,39722.97,INR,credit_card,upi_failure,1,2,2,26178.78,2026-05-07T00:47:02.158311,0,3,0,0.0
pay_demo_002832,cust_0384,39769.11,INR,netbanking,card_declined,3,15,0,27892.04,2026-06-05T15:45:02.158327,15,4,0,0.0
pay_demo_002833,cust_0427,44061.41,INR,debit_card,insufficient_funds,1,12,0,18644.1,2026-05-08T08:08:02.158346,8,4,0,0.0
pay_demo_002834,cust_0274,46583.47,INR,netbanking,authentication_failed,2,15,1,1918.3,2026-06-03T00:49:02.158362,0,2,0,0.0
pay_demo_002835,cust_0405,46273.91,INR,debit_card,network_error,1,3,4,20880.78,2026-04-14T12:36:02.158380,12,1,1,42417.77
pay_demo_002836,cust_0642,46289.24,INR,credit_card,network_error,1,1,1,29442.9,2026-05-28T13:16:02.158417,13,3,1,45498.16
pay_demo_002837,cust_0804,32520.6,INR,credit_card,network_error,1,0,5,15165.26,2026-06-01T13:27:02.158452,13,0,1,28319.39
pay_demo_002838,cust_0937,8104.0,INR,credit_card,card_declined,1,19,2,12231.12,2026-03-16T07:45:02.158497,7,0,1,7239.19
pay_demo_002839,cust_0405,325.88,INR,upi,card_declined,2,2,5,23547.66,2026-04-05T01:26:02.158524,1,6,0,0.0
pay_demo_002840,cust_0961,5182.73,INR,upi,card_declined,1,11,0,5018.71,2026-03-07T01:45:02.158540,1,5,1,4637.72
pay_demo_002841,cust_0813,15479.58,INR,credit_card,upi_failure,1,3,3,27570.76,2026-03-22T06:51:02.158569,6,6,0,0.0
pay_demo_002842,cust_0533,38014.91,INR,credit_card,network_error,2,10,5,17325.75,2026-06-19T09:34:02.158587,9,4,0,0.0
pay_demo_002843,cust_0445,17655.15,INR,debit_card,network_error,2,15,0,11168.52,2026-06-11T00:23:02.158609,0,3,1,15704.23
pay_demo_002844,cust_0813,35476.49,INR,debit_card,insufficient_funds,3,13,4,14387.14,2026-04-23T20:41:02.158631,20,3,1,34730.54
pay_demo_002845,cust_0820,28271.13,INR,credit_card,authentication_failed,1,18,2,23146.61,2026-08-14T08:37:02.158648,8,4,1,28044.72
pay_demo_002846,cust_0711,12201.35,INR,upi,upi_failure,1,18,3,14265.33,2026-08-14T02:59:02.158676,2,4,0,0.0
pay_demo_002847,cust_0113,6328.85,INR,debit_card,authentication_failed,1,14,1,23111.74,2026-03-23T15:47:02.158693,15,0,1,6009.13
pay_demo_002848,cust_0839,44742.67,INR,debit_card,authentication_failed,1,4,1,10895.73,2026-05-26T09:30:02.158710,9,1,0,0.0
pay_demo_002849,cust_0345,20184.29,INR,upi,insufficient_funds,1,20,5,19199.46,2026-06-09T20:37:02.158730,20,1,0,0.0
pay_demo_002850,cust_0547,16574.19,INR,debit_card,card_declined,1,10,1,7514.72,2026-07-21T06:39:02.158746,6,1,1,16491.5
pay_demo_002851,cust_0358,27723.85,INR,debit_card,card_declined,2,9,3,11182.7,2026-04-21T20:21:02.158766,20,1,0,0.0
pay_demo_002852,cust_0419,20242.11,INR,credit_card,network_error,2,8,5,19388.11,2026-07-09T10:52:02.158783,10,3,0,0.0
pay_demo_002853,cust_0245,10827.57,INR,debit_card,card_declined,1,0,3,3501.98,2026-05-17T05:34:02.158800,5,6,1,10232.48
pay_demo_002854,cust_0099,12873.37,INR,netbanking,authentication_failed,1,7,2,4172.32,2026-05-30T01:42:02.158818,1,5,0,0.0
pay_demo_002855,cust_0586,17134.27,INR,upi,network_error,2,15,2,11499.47,2026-05-16T22:55:02.158834,22,5,1,15750.2
pay_demo_002856,cust_0196,30502.46,INR,netbanking,bank_timeout,1,14,2,18665.35,2026-08-20T02:08:02.158850,2,3,0,0.0
pay_demo_002857,cust_0041,37947.33,INR,netbanking,authentication_failed,1,12,3,17396.97,2026-03-15T15:26:02.158866,15,6,0,0.0
pay_demo_002858,cust_0035,24546.28,INR,netbanking,authentication_failed,1,16,2,9757.57,2026-08-02T11:05:02.158882,11,6,1,23455.08
pay_demo_002859,cust_0113,37513.2,INR,debit_card,network_error,2,7,5,16715.48,2026-03-31T10:34:02.158898,10,1,0,0.0
pay_demo_002860,cust_0412,33907.42,INR,debit_card,insufficient_funds,2,15,1,11356.43,2026-03-08T12:17:02.158914,12,6,0,0.0
pay_demo_002861,cust_0540,29798.45,INR,upi,card_declined,1,4,1,16252.36,2026-07-04T15:13:02.158929,15,5,0,0.0
pay_demo_002862,cust_0088,48358.53,INR,credit_card,upi_failure,2,6,4,715.39,2026-06-19T17:59:02.158945,17,4,0,0.0
pay_demo_002863,cust_0619,23511.16,INR,debit_card,insufficient_funds,1,9,4,7187.97,2026-05-16T02:03:02.158962,2,5,0,0.0
pay_demo_002864,cust_0231,15819.68,INR,netbanking,card_declined,2,2,5,8406.89,2026-08-22T17:17:02.158978,17,5,0,0.0
pay_demo_002865,cust_0787,42736.88,INR,upi,authentication_failed,1,14,5,21767.04,2026-05-26T03:35:02.158994,3,1,0,0.0
pay_demo_002866,cust_0864,18364.92,INR,credit_card,card_declined,2,16,1,29242.13,2026-06-01T18:20:02.159010,18,0,0,0.0
pay_demo_002867,cust_0426,12016.77,INR,netbanking,network_error,2,2,1,26647.5,2026-04-16T11:35:02.159026,11,3,0,0.0
pay_demo_002868,cust_0962,29247.04,INR,upi,insufficient_funds,1,6,1,2728.99,2026-03-20T02:52:02.159042,2,4,1,26273.81
pay_demo_002869,cust_0163,40294.18,INR,upi,bank_timeout,1,20,4,17244.46,2026-07-21T13:11:02.159058,13,1,1,37989.53
pay_demo_002870,cust_0314,19836.86,INR,debit_card,card_declined,3,20,5,8549.03,2026-05-24T01:49:02.159076,1,6,0,0.0
pay_demo_002871,cust_0186,18864.28,INR,debit_card,upi_failure,1,2,0,15862.77,2026-03-04T06:20:02.159092,6,2,0,0.0
pay_demo_002872,cust_0871,38272.81,INR,debit_card,bank_timeout,1,14,1,15580.68,2026-08-23T02:41:02.159110,2,6,1,33360.79
pay_demo_002873,cust_0212,27720.32,INR,upi,authentication_failed,1,14,5,13150.76,2026-06-11T20:28:02.159129,20,3,0,0.0
pay_demo_002874,cust_0798,44910.89,INR,netbanking,bank_timeout,1,4,1,1323.09,2026-08-08T15:20:02.159145,15,5,0,0.0
pay_demo_002875,cust_0535,12342.74,INR,credit_card,upi_failure,1,1,0,3783.12,2026-05-06T18:28:02.159161,18,2,0,0.0
pay_demo_002876,cust_0213,45588.63,INR,upi,insufficient_funds,1,15,3,27643.96,2026-04-30T09:00:02.159176,9,3,1,43758.12
pay_demo_002877,cust_0011,49570.95,INR,netbanking,card_declined,1,17,1,23376.65,2026-05-23T19:15:02.159192,19,5,1,46624.21
pay_demo_002878,cust_0003,24262.51,INR,netbanking,authentication_failed,2,20,3,5973.48,2026-08-03T08:53:02.159208,8,0,1,20775.25
pay_demo_002879,cust_0559,26272.92,INR,netbanking,network_error,1,9,0,15279.61,2026-04-02T17:00:02.159235,17,3,0,0.0
pay_demo_002880,cust_0232,44325.2,INR,credit_card,card_declined,2,20,2,23977.44,2026-06-23T04:35:02.159253,4,1,0,0.0
pay_demo_002881,cust_0479,15065.83,INR,upi,card_declined,1,7,4,20611.06,2026-05-20T15:12:02.159269,15,2,0,0.0
pay_demo_002882,cust_0817,28542.57,INR,netbanking,authentication_failed,1,9,1,10420.65,2026-03-11T20:17:02.159285,20,2,0,0.0
pay_demo_002883,cust_0985,29889.92,INR,upi,bank_timeout,1,11,4,17429.11,2026-07-10T11:28:02.159304,11,4,1,26043.99
pay_demo_002884,cust_0401,23334.43,INR,upi,card_declined,1,3,2,27707.07,2026-08-10T04:47:02.159321,4,0,0,0.0
pay_demo_002885,cust_0653,45086.15,INR,credit_card,upi_failure,3,12,0,4647.57,2026-07-30T10:26:02.159337,10,3,0,0.0
pay_demo_002886,cust_0753,46475.27,INR,upi,network_error,2,14,2,23883.68,2026-04-18T23:53:02.159373,23,5,1,45533.03
pay_demo_002887,cust_0951,30253.51,INR,credit_card,upi_failure,1,16,2,6167.66,2026-03-21T03:57:02.159399,3,5,0,0.0
pay_demo_002888,cust_0005,20531.03,INR,netbanking,insufficient_funds,2,10,0,14660.53,2026-06-02T15:38:02.159415,15,1,1,19218.82
pay_demo_002889,cust_0791,34575.33,INR,debit_card,bank_timeout,1,5,5,2903.88,2026-08-15T21:53:02.159433,21,5,0,0.0
pay_demo_002890,cust_0933,27245.37,INR,credit_card,bank_timeout,1,11,4,28569.62,2026-03-31T01:32:02.159449,1,1,1,25472.76
pay_demo_002891,cust_0013,46600.25,INR,debit_card,network_error,1,15,3,2902.65,2026-04-25T02:01:02.159469,2,5,1,40954.02
pay_demo_002892,cust_0354,20658.11,INR,netbanking,bank_timeout,2,9,0,4322.3,2026-03-02T12:02:02.159486,12,0,1,18581.84
pay_demo_002893,cust_0987,19729.59,INR,credit_card,authentication_failed,1,18,2,6660.6,2026-05-05T11:27:02.159507,11,1,0,0.0
pay_demo_002894,cust_0266,5942.11,INR,netbanking,card_declined,1,13,0,777.0,2026-06-17T16:43:02.159524,16,2,1,5340.11
pay_demo_002895,cust_0978,32871.54,INR,netbanking,authentication_failed,1,7,0,19352.06,2026-04-29T17:00:02.159543,17,2,1,29063.27
pay_demo_002896,cust_0182,13356.99,INR,netbanking,authentication_failed,2,14,2,27416.06,2026-04-22T15:07:02.159560,15,2,0,0.0
pay_demo_002897,cust_0349,5992.26,INR,upi,upi_failure,1,17,0,17806.14,2026-03-01T09:16:02.159576,9,6,1,5814.28
pay_demo_002898,cust_0864,6029.97,INR,upi,upi_failure,1,10,2,5284.84,2026-08-14T09:24:02.159593,9,4,0,0.0
pay_demo_002899,cust_0799,42465.76,INR,debit_card,network_error,2,9,3,12699.92,2026-07-28T20:56:02.159614,20,1,0,0.0
pay_demo_002900,cust_0053,24309.02,INR,netbanking,card_declined,1,14,2,9052.94,2026-05-30T10:41:02.159633,10,5,0,0.0
pay_demo_002901,cust_0473,7662.93,INR,netbanking,insufficient_funds,1,18,1,9233.28,2026-06-02T15:19:02.159649,15,1,1,6541.92
pay_demo_002902,cust_0209,29082.51,INR,debit_card,authentication_failed,1,11,5,12797.44,2026-05-08T11:16:02.159666,11,4,1,27294.51
pay_demo_002903,cust_0612,9263.42,INR,netbanking,bank_timeout,1,4,3,23562.74,2026-04-28T22:23:02.159687,22,1,0,0.0
pay_demo_002904,cust_0786,43142.65,INR,netbanking,card_declined,1,11,3,1705.97,2026-03-13T17:26:02.159703,17,4,1,40327.6
pay_demo_002905,cust_0846,20432.14,INR,netbanking,insufficient_funds,1,18,1,26440.58,2026-05-06T21:20:02.159720,21,2,0,0.0
pay_demo_002906,cust_0805,4452.87,INR,netbanking,insufficient_funds,3,3,1,16840.01,2026-05-12T18:51:02.159735,18,1,1,4226.23
pay_demo_002907,cust_0034,20461.96,INR,credit_card,upi_failure,1,7,1,20690.12,2026-06-27T22:12:02.159753,22,5,1,17831.87
pay_demo_002908,cust_0632,29551.45,INR,credit_card,upi_failure,1,0,3,24524.66,2026-08-20T11:26:02.159769,11,3,0,0.0
pay_demo_002909,cust_0998,13077.78,INR,credit_card,authentication_failed,2,12,4,10641.8,2026-07-25T17:41:02.159786,17,5,0,0.0
pay_demo_002910,cust_0449,26976.75,INR,netbanking,upi_failure,2,19,2,3165.15,2026-04-20T13:47:02.159801,13,0,0,0.0
pay_demo_002911,cust_0494,35827.04,INR,upi,bank_timeout,2,8,2,16166.34,2026-04-07T13:44:02.159817,13,1,1,33310.41
pay_demo_002912,cust_0799,47364.68,INR,credit_card,bank_timeout,1,18,5,22726.58,2026-04-16T23:46:02.159836,23,3,0,0.0
pay_demo_002913,cust_0171,18233.08,INR,debit_card,insufficient_funds,1,0,2,7803.65,2026-05-06T10:14:02.159855,10,2,0,0.0
pay_demo_002914,cust_0310,48537.02,INR,debit_card,upi_failure,2,15,4,25859.38,2026-05-11T06:29:02.159873,6,0,0,0.0
pay_demo_002915,cust_0653,48037.15,INR,netbanking,bank_timeout,1,1,1,21802.15,2026-07-25T18:55:02.159889,18,5,1,42626.53
pay_demo_002916,cust_0077,45869.25,INR,upi,bank_timeout,1,10,4,12337.87,2026-05-13T17:25:02.159906,17,2,1,44325.88
pay_demo_002917,cust_0678,6759.58,INR,netbanking,network_error,1,15,1,27630.72,2026-04-17T08:50:02.159925,8,4,1,6583.53
pay_demo_002918,cust_0717,3999.18,INR,credit_card,upi_failure,1,13,1,17500.18,2026-07-30T08:04:02.159943,8,3,1,3799.14
pay_demo_002919,cust_0402,15623.53,INR,upi,card_declined,1,6,1,16486.11,2026-04-20T23:32:02.159960,23,0,0,0.0
pay_demo_002920,cust_0005,1165.43,INR,upi,authentication_failed,1,16,3,9710.47,2026-03-05T21:53:02.159975,21,3,0,0.0
pay_demo_002921,cust_0962,1255.87,INR,credit_card,authentication_failed,2,0,0,21833.18,2026-04-24T12:43:02.159993,12,4,1,1136.54
pay_demo_002922,cust_0279,3527.8,INR,debit_card,network_error,1,4,5,26014.21,2026-08-10T22:07:02.160010,22,0,0,0.0
pay_demo_002923,cust_0910,13599.19,INR,netbanking,insufficient_funds,2,10,5,22321.78,2026-08-02T12:52:02.160028,12,6,0,0.0
pay_demo_002924,cust_0416,34111.11,INR,netbanking,upi_failure,1,1,1,26097.77,2026-05-18T22:32:02.160047,22,0,0,0.0
pay_demo_002925,cust_0548,45445.67,INR,debit_card,upi_failure,2,6,1,895.21,2026-05-24T07:31:02.160062,7,6,0,0.0
pay_demo_002926,cust_0146,45123.93,INR,credit_card,card_declined,1,20,0,13074.22,2026-08-05T15:41:02.160082,15,2,1,41370.3
pay_demo_002927,cust_0609,7845.75,INR,credit_card,card_declined,1,8,5,20077.96,2026-06-01T07:17:02.160099,7,0,0,0.0
pay_demo_002928,cust_0103,31123.85,INR,netbanking,bank_timeout,1,1,5,3652.29,2026-05-09T08:24:02.160114,8,5,1,31036.16
pay_demo_002929,cust_0999,24272.69,INR,credit_card,bank_timeout,1,11,0,17357.99,2026-08-16T20:08:02.160131,20,6,1,22679.25
pay_demo_002930,cust_0563,36246.36,INR,debit_card,insufficient_funds,1,4,4,13773.92,2026-08-27T15:26:02.160148,15,3,0,0.0
pay_demo_002931,cust_0663,42579.63,INR,netbanking,network_error,1,5,4,27329.99,2026-06-01T06:22:02.160163,6,0,0,0.0
pay_demo_002932,cust_0931,18723.31,INR,debit_card,bank_timeout,1,6,4,19554.77,2026-08-06T14:24:02.160179,14,3,1,16377.86
pay_demo_002933,cust_0020,45221.08,INR,netbanking,upi_failure,2,14,2,21031.74,2026-07-30T14:04:02.160199,14,3,1,39682.75
pay_demo_002934,cust_0575,40572.99,INR,credit_card,network_error,1,12,1,10701.9,2026-08-07T07:03:02.160217,7,4,0,0.0
pay_demo_002935,cust_0559,12039.18,INR,upi,insufficient_funds,1,18,3,21964.71,2026-06-28T03:35:02.160234,3,6,0,0.0
pay_demo_002936,cust_0726,39512.31,INR,netbanking,insufficient_funds,2,8,2,6142.45,2026-06-10T17:22:02.160252,17,2,0,0.0
pay_demo_002937,cust_0905,17261.87,INR,debit_card,network_error,2,16,3,5361.33,2026-05-23T12:32:02.160268,12,5,1,14958.23
pay_demo_002938,cust_0926,20423.81,INR,debit_card,insufficient_funds,2,20,0,25130.08,2026-03-23T05:59:02.160285,5,0,1,19697.43
pay_demo_002939,cust_0232,13656.49,INR,upi,authentication_failed,1,9,3,17644.88,2026-05-12T22:22:02.160302,22,1,0,0.0
pay_demo_002940,cust_0032,36105.55,INR,debit_card,bank_timeout,1,13,5,10952.93,2026-06-30T08:36:02.160319,8,1,1,31379.94
pay_demo_002941,cust_0901,8556.07,INR,netbanking,authentication_failed,2,4,1,11296.04,2026-03-28T19:03:02.160336,19,5,0,0.0
pay_demo_002942,cust_0034,11197.02,INR,credit_card,bank_timeout,1,2,5,28745.22,2026-03-19T22:04:02.160352,22,3,1,9685.85
pay_demo_002943,cust_0341,7585.76,INR,credit_card,bank_timeout,2,3,3,5938.23,2026-07-12T11:43:02.160372,11,6,0,0.0
pay_demo_002944,cust_0934,3478.51,INR,netbanking,upi_failure,1,0,0,19206.97,2026-04-16T15:54:02.160388,15,3,1,3435.94
pay_demo_002945,cust_0817,11294.16,INR,debit_card,network_error,1,8,3,24133.26,2026-07-17T18:26:02.160405,18,4,1,10512.67
pay_demo_002946,cust_0249,41736.39,INR,debit_card,network_error,1,13,5,14698.33,2026-04-27T21:40:02.160422,21,0,1,37036.01
pay_demo_002947,cust_0610,1189.98,INR,credit_card,insufficient_funds,1,5,5,9385.25,2026-06-28T11:42:02.160447,11,6,1,1013.37
pay_demo_002948,cust_0737,10299.06,INR,upi,network_error,1,20,0,13253.56,2026-05-03T10:58:02.160465,10,6,1,10089.99
pay_demo_002949,cust_0661,15725.85,INR,credit_card,card_declined,1,7,5,21317.11,2026-06-07T15:20:02.160482,15,6,1,15580.4
pay_demo_002950,cust_0732,46069.63,INR,credit_card,authentication_failed,1,12,4,15034.92,2026-07-22T00:17:02.160498,0,2,0,0.0
pay_demo_002951,cust_0768,3246.02,INR,netbanking,card_declined,3,8,4,7126.7,2026-07-08T14:48:02.160514,14,2,0,0.0
pay_demo_002952,cust_0701,28813.52,INR,upi,upi_failure,1,6,5,23447.25,2026-03-29T18:12:02.160532,18,6,1,28776.1
pay_demo_002953,cust_0356,8890.97,INR,netbanking,network_error,1,10,3,6344.78,2026-04-19T20:05:02.160554,20,6,1,7852.48
pay_demo_002954,cust_0021,46725.84,INR,credit_card,upi_failure,1,20,5,6641.65,2026-07-12T16:35:02.160571,16,6,0,0.0
pay_demo_002955,cust_0318,5253.25,INR,credit_card,insufficient_funds,1,15,2,1138.34,2026-04-04T06:39:02.160587,6,5,0,0.0
pay_demo_002956,cust_0196,35786.05,INR,netbanking,insufficient_funds,1,7,2,1822.26,2026-08-09T11:59:02.160603,11,6,0,0.0
pay_demo_002957,cust_0129,12577.2,INR,credit_card,upi_failure,1,0,3,21406.7,2026-05-26T12:42:02.160619,12,1,0,0.0
pay_demo_002958,cust_0548,42988.13,INR,upi,network_error,3,8,5,29931.17,2026-08-14T15:53:02.160635,15,4,0,0.0
pay_demo_002959,cust_0156,44788.98,INR,debit_card,upi_failure,1,2,0,18015.07,2026-07-18T12:10:02.160759,12,5,0,0.0
pay_demo_002960,cust_0382,42821.38,INR,credit_card,upi_failure,1,1,3,23235.5,2026-08-08T05:57:02.160792,5,5,0,0.0
pay_demo_002961,cust_0865,12623.42,INR,debit_card,bank_timeout,1,7,5,20813.21,2026-03-24T15:03:02.160820,15,1,1,12172.94
pay_demo_002962,cust_0071,30900.23,INR,netbanking,bank_timeout,1,15,2,11059.3,2026-07-27T11:35:02.160838,11,0,1,29961.83
pay_demo_002963,cust_0178,47947.86,INR,credit_card,upi_failure,1,0,3,4049.58,2026-05-14T19:08:02.160858,19,3,1,46883.95
pay_demo_002964,cust_0688,33546.82,INR,debit_card,authentication_failed,1,10,1,773.11,2026-08-27T09:35:02.160875,9,3,0,0.0
pay_demo_002965,cust_0963,3843.25,INR,upi,upi_failure,1,10,4,17090.12,2026-05-21T07:11:02.160892,7,3,1,3473.43
pay_demo_002966,cust_0668,21117.34,INR,netbanking,card_declined,2,9,1,20732.24,2026-03-03T11:01:02.160911,11,1,0,0.0
pay_demo_002967,cust_0935,46676.92,INR,upi,authentication_failed,2,1,0,1801.87,2026-06-16T10:16:02.160927,10,1,1,40347.86
pay_demo_002968,cust_0052,36687.44,INR,credit_card,card_declined,2,16,4,16939.41,2026-04-12T04:49:02.160946,4,6,0,0.0
pay_demo_002969,cust_0040,14196.17,INR,netbanking,authentication_failed,1,7,4,15928.58,2026-05-15T07:32:02.160964,7,4,0,0.0
pay_demo_002970,cust_0725,26875.71,INR,debit_card,bank_timeout,1,11,3,27963.43,2026-08-16T12:22:02.160981,12,6,1,22986.2
pay_demo_002971,cust_0606,19214.11,INR,netbanking,network_error,1,5,3,14619.67,2026-04-15T23:02:02.161000,23,2,1,17713.01
pay_demo_002972,cust_0160,35783.88,INR,credit_card,bank_timeout,2,17,0,20360.27,2026-06-14T09:53:02.161019,9,6,1,33810.08
pay_demo_002973,cust_0470,10696.76,INR,netbanking,upi_failure,1,16,1,21950.98,2026-08-20T06:48:02.161038,6,3,1,9172.02
pay_demo_002974,cust_0410,30262.29,INR,debit_card,bank_timeout,1,11,2,18423.16,2026-07-06T10:33:02.161056,10,0,1,29770.67
pay_demo_002975,cust_0267,19498.91,INR,debit_card,network_error,1,13,3,16042.23,2026-05-13T09:39:02.161072,9,2,1,16774.07
pay_demo_002976,cust_0575,17013.79,INR,netbanking,bank_timeout,1,9,2,13217.67,2026-05-30T02:24:02.161097,2,5,1,16492.16
pay_demo_002977,cust_0841,20228.1,INR,debit_card,insufficient_funds,2,2,4,1940.03,2026-03-20T03:34:02.161119,3,4,0,0.0
pay_demo_002978,cust_0215,29510.85,INR,credit_card,bank_timeout,2,4,2,16113.05,2026-05-31T10:41:02.161136,10,6,1,28441.47
pay_demo_002979,cust_0220,12163.28,INR,netbanking,authentication_failed,1,7,0,20471.7,2026-08-02T11:31:02.161153,11,6,0,0.0
pay_demo_002980,cust_0705,27949.03,INR,upi,network_error,2,13,0,11449.71,2026-04-09T08:19:02.161169,8,3,1,24401.04
pay_demo_002981,cust_0873,5354.12,INR,debit_card,authentication_failed,1,11,2,10441.95,2026-08-21T02:59:02.161186,2,4,0,0.0
pay_demo_002982,cust_0351,14930.21,INR,upi,network_error,3,1,5,17125.76,2026-04-09T17:26:02.161202,17,3,0,0.0
pay_demo_002983,cust_0867,24899.58,INR,netbanking,insufficient_funds,1,15,1,9640.76,2026-08-03T11:49:02.161218,11,0,1,21213.91
pay_demo_002984,cust_0818,39719.01,INR,debit_card,insufficient_funds,1,1,0,1382.31,2026-08-07T14:48:02.161259,14,4,1,35625.2
pay_demo_002985,cust_0630,15499.23,INR,credit_card,bank_timeout,1,8,0,13411.65,2026-04-04T05:21:02.161280,5,5,1,14134.0
pay_demo_002986,cust_0278,20782.95,INR,netbanking,insufficient_funds,1,15,5,6242.22,2026-08-02T07:24:02.161298,7,6,0,0.0
pay_demo_002987,cust_0818,19004.09,INR,credit_card,upi_failure,1,10,5,12424.5,2026-08-26T18:54:02.161314,18,2,0,0.0
pay_demo_002988,cust_0256,2060.28,INR,credit_card,upi_failure,1,12,5,14308.88,2026-08-01T18:39:02.161330,18,5,0,0.0
pay_demo_002989,cust_0081,33032.9,INR,upi,upi_failure,1,16,5,5397.05,2026-04-20T23:41:02.161347,23,0,0,0.0
pay_demo_002990,cust_0072,20758.32,INR,netbanking,bank_timeout,2,3,1,6916.54,2026-07-26T08:29:02.161363,8,6,0,0.0
pay_demo_002991,cust_0567,14836.86,INR,debit_card,card_declined,1,1,4,16927.78,2026-07-09T10:57:02.161378,10,3,0,0.0
pay_demo_002992,cust_0335,7198.65,INR,netbanking,network_error,1,17,2,9431.01,2026-07-19T23:53:02.161394,23,6,0,0.0
pay_demo_002993,cust_0164,40002.39,INR,debit_card,authentication_failed,1,8,4,16554.49,2026-05-19T17:16:02.161410,17,1,1,34425.04
pay_demo_002994,cust_0890,23182.18,INR,netbanking,bank_timeout,1,1,1,28319.15,2026-07-30T07:00:02.161452,7,3,1,22123.16
pay_demo_002995,cust_0390,34016.19,INR,upi,upi_failure,2,19,1,20251.32,2026-05-15T23:38:02.161505,23,4,0,0.0
pay_demo_002996,cust_0088,1420.46,INR,netbanking,bank_timeout,2,18,5,4162.14,2026-08-01T05:11:02.161548,5,5,1,1377.76
pay_demo_002997,cust_0129,36735.16,INR,netbanking,authentication_failed,1,4,2,21925.29,2026-05-15T06:27:02.161571,6,4,0,0.0
pay_demo_002998,cust_0686,38897.72,INR,debit_card,bank_timeout,3,7,2,2815.51,2026-08-04T17:14:02.161589,17,1,1,33470.09
pay_demo_002999,cust_0107,5721.04,INR,upi,upi_failure,1,10,0,21073.52,2026-06-29T18:42:02.161609,18,0,0,0.0
pay_demo_003000,cust_0652,5969.04,INR,upi,upi_failure,1,1,4,11154.18,2026-08-27T05:15:02.161625,5,3,0,0.0
pay_demo_003001,cust_0282,39660.77,INR,netbanking,card_declined,1,16,3,16033.73,2026-08-10T23:50:02.161642,23,0,0,0.0
pay_demo_003002,cust_0108,13281.27,INR,debit_card,card_declined,1,15,1,28417.8,2026-07-19T09:42:02.161658,9,6,1,12606.7
pay_demo_003003,cust_0484,30062.25,INR,upi,card_declined,2,0,1,6836.44,2026-05-04T15:46:02.161679,15,0,0,0.0
pay_demo_003004,cust_0634,31443.9,INR,netbanking,bank_timeout,1,7,1,18449.53,2026-06-30T11:15:02.161698,11,1,1,31300.85
pay_demo_003005,cust_0630,14588.74,INR,credit_card,authentication_failed,1,9,0,627.06,2026-05-21T23:48:02.161715,23,3,1,12767.69
pay_demo_003006,cust_0778,40491.42,INR,debit_card,insufficient_funds,2,20,4,1841.46,2026-04-24T11:47:02.161733,11,4,0,0.0
pay_demo_003007,cust_0090,34335.17,INR,upi,bank_timeout,1,17,4,12478.37,2026-06-03T14:36:02.161750,14,2,0,0.0
pay_demo_003008,cust_0806,4912.13,INR,debit_card,insufficient_funds,1,12,2,1128.89,2026-06-17T09:44:02.161768,9,2,1,4875.72
pay_demo_003009,cust_0410,23301.18,INR,debit_card,network_error,1,20,5,17724.41,2026-04-17T05:45:02.161787,5,4,1,21584.23
pay_demo_003010,cust_0530,3652.95,INR,upi,authentication_failed,1,3,0,29652.72,2026-05-03T10:02:02.161804,10,6,1,3517.88
pay_demo_003011,cust_0456,24417.07,INR,credit_card,authentication_failed,1,18,2,18067.79,2026-07-07T22:34:02.161822,22,1,0,0.0
pay_demo_003012,cust_0541,5342.52,INR,upi,card_declined,1,13,0,29784.66,2026-06-17T05:01:02.161839,5,2,1,4677.55
pay_demo_003013,cust_0096,13548.87,INR,debit_card,bank_timeout,2,11,2,25551.64,2026-05-11T09:45:02.161855,9,0,1,11978.79
pay_demo_003014,cust_0239,33346.05,INR,debit_card,authentication_failed,1,13,5,27805.72,2026-05-24T18:48:02.161872,18,6,0,0.0
pay_demo_003015,cust_0582,49284.79,INR,netbanking,authentication_failed,1,6,5,7407.08,2026-06-26T23:06:02.161890,23,4,1,48817.57
pay_demo_003016,cust_0057,15693.61,INR,credit_card,card_declined,1,11,1,21720.56,2026-07-30T00:23:02.161908,0,3,0,0.0
pay_demo_003017,cust_0490,32450.21,INR,netbanking,insufficient_funds,1,14,1,28865.11,2026-06-11T10:18:02.161924,10,3,1,32026.92
pay_demo_003018,cust_0280,25427.03,INR,credit_card,insufficient_funds,2,17,2,25451.03,2026-05-23T13:20:02.161942,13,5,1,22542.08
pay_demo_003019,cust_0637,7841.01,INR,netbanking,authentication_failed,2,17,3,20081.55,2026-06-22T01:57:02.161959,1,0,0,0.0
pay_demo_003020,cust_0948,47956.15,INR,debit_card,network_error,1,3,3,27563.62,2026-05-20T09:03:02.161975,9,2,1,41002.83
pay_demo_003021,cust_0007,18391.51,INR,upi,card_declined,2,10,3,18421.99,2026-07-28T01:55:02.161992,1,1,0,0.0
pay_demo_003022,cust_0398,6985.12,INR,upi,card_declined,1,18,4,18564.49,2026-05-25T15:37:02.162011,15,0,0,0.0
pay_demo_003023,cust_0310,20152.08,INR,netbanking,bank_timeout,1,9,5,29326.82,2026-03-15T13:39:02.162030,13,6,0,0.0
pay_demo_003024,cust_0498,444.15,INR,credit_card,network_error,2,8,5,4403.45,2026-03-02T20:16:02.162045,20,0,0,0.0
pay_demo_003025,cust_0554,49281.12,INR,netbanking,authentication_failed,1,4,2,10003.55,2026-03-26T03:59:02.162062,3,3,0,0.0
pay_demo_003026,cust_0338,1387.91,INR,credit_card,card_declined,3,0,0,20170.87,2026-07-30T02:13:02.162078,2,3,0,0.0
pay_demo_003027,cust_0768,2958.06,INR,debit_card,card_declined,1,2,4,14060.36,2026-04-06T15:12:02.162099,15,0,0,0.0
pay_demo_003028,cust_0259,48403.55,INR,upi,insufficient_funds,2,7,0,1882.92,2026-04-07T07:54:02.162118,7,1,0,0.0
pay_demo_003029,cust_0671,38236.32,INR,debit_card,authentication_failed,3,18,4,2011.4,2026-03-06T02:06:02.162134,2,4,1,37738.51
pay_demo_003030,cust_0840,28121.98,INR,netbanking,card_declined,1,6,0,2310.16,2026-03-10T15:29:02.162153,15,1,0,0.0
pay_demo_003031,cust_0128,24790.75,INR,netbanking,authentication_failed,1,13,2,29098.1,2026-05-12T21:24:02.162171,21,1,1,21587.18
pay_demo_003032,cust_0074,38650.58,INR,credit_card,insufficient_funds,1,6,0,16024.94,2026-05-18T14:55:02.162189,14,0,0,0.0
pay_demo_003033,cust_0493,19343.44,INR,credit_card,bank_timeout,1,13,2,23055.02,2026-03-04T03:35:02.162215,3,2,1,18204.74
pay_demo_003034,cust_0434,25435.8,INR,debit_card,authentication_failed,1,2,3,25504.69,2026-05-08T16:02:02.162233,16,4,1,24812.37
pay_demo_003035,cust_0151,11421.34,INR,upi,authentication_failed,1,7,5,5800.7,2026-06-01T19:12:02.162250,19,0,1,11249.5
pay_demo_003036,cust_0153,44298.46,INR,netbanking,card_declined,2,5,3,26697.87,2026-06-27T09:25:02.162267,9,5,0,0.0
pay_demo_003037,cust_0267,30329.67,INR,debit_card,insufficient_funds,2,10,1,27256.42,2026-05-13T15:46:02.162284,15,2,0,0.0
pay_demo_003038,cust_0309,34252.95,INR,debit_card,insufficient_funds,2,20,3,23118.95,2026-04-11T10:30:02.162301,10,5,0,0.0
pay_demo_003039,cust_0116,43630.99,INR,upi,bank_timeout,1,7,1,1866.8,2026-06-23T23:24:02.162317,23,1,1,41716.89
pay_demo_003040,cust_0026,16159.63,INR,netbanking,card_declined,1,10,2,21223.18,2026-03-28T02:20:02.162334,2,5,1,15630.57
pay_demo_003041,cust_0058,38591.99,INR,netbanking,authentication_failed,2,15,4,14627.82,2026-03-24T22:52:02.162351,22,1,0,0.0
pay_demo_003042,cust_0945,17945.27,INR,upi,authentication_failed,1,8,3,28634.62,2026-04-30T18:55:02.162370,18,3,1,16363.73
pay_demo_003043,cust_0908,36279.01,INR,netbanking,card_declined,2,6,1,6112.72,2026-04-19T14:58:02.162391,14,6,0,0.0
pay_demo_003044,cust_0549,39855.94,INR,credit_card,network_error,1,19,4,17249.33,2026-04-24T09:13:02.162407,9,4,1,35236.91
pay_demo_003045,cust_0467,48514.53,INR,credit_card,network_error,2,15,4,9817.49,2026-05-31T21:26:02.162426,21,6,1,48235.6
pay_demo_003046,cust_0836,7473.23,INR,netbanking,upi_failure,1,2,0,14644.79,2026-07-03T11:03:02.162446,11,4,0,0.0
pay_demo_003047,cust_0467,790.1,INR,netbanking,insufficient_funds,3,12,5,14158.98,2026-05-09T20:56:02.162463,20,5,0,0.0
pay_demo_003048,cust_0165,18365.44,INR,debit_card,authentication_failed,2,6,1,1403.56,2026-08-24T07:00:02.162479,7,0,1,16606.47
pay_demo_003049,cust_0980,12612.39,INR,credit_card,network_error,3,20,2,29829.68,2026-04-06T19:30:02.162498,19,0,1,11602.78
pay_demo_003050,cust_0985,45473.82,INR,credit_card,bank_timeout,1,15,5,21625.44,2026-04-15T17:57:02.162515,17,2,1,39824.37
pay_demo_003051,cust_0452,11630.48,INR,netbanking,upi_failure,2,9,4,10793.6,2026-07-11T23:32:02.162532,23,5,0,0.0
pay_demo_003052,cust_0137,527.86,INR,netbanking,bank_timeout,1,4,4,14363.83,2026-03-08T21:35:02.162547,21,6,1,502.67
pay_demo_003053,cust_0165,24604.83,INR,netbanking,insufficient_funds,1,10,0,5131.8,2026-06-05T12:41:02.162567,12,4,1,21251.34
pay_demo_003054,cust_0727,1170.31,INR,debit_card,bank_timeout,1,3,4,9455.45,2026-04-12T15:17:02.162585,15,6,1,1017.39
pay_demo_003055,cust_0440,43880.25,INR,credit_card,authentication_failed,1,6,3,816.69,2026-05-04T19:54:02.162601,19,0,0,0.0
pay_demo_003056,cust_0247,16247.49,INR,credit_card,authentication_failed,1,7,0,21308.99,2026-07-10T02:45:02.162617,2,4,1,15474.44
pay_demo_003057,cust_0899,40999.89,INR,debit_card,insufficient_funds,3,10,1,17442.31,2026-05-08T05:53:02.162633,5,4,0,0.0
pay_demo_003058,cust_0870,47843.76,INR,upi,network_error,1,13,5,12193.66,2026-07-27T10:09:02.162649,10,0,1,47125.04
pay_demo_003059,cust_0437,30688.37,INR,netbanking,authentication_failed,1,0,1,6587.07,2026-08-27T15:39:02.162665,15,3,0,0.0
pay_demo_003060,cust_0286,45512.1,INR,upi,bank_timeout,1,13,3,8285.14,2026-05-02T00:01:02.162683,0,5,1,43366.94
pay_demo_003061,cust_0295,14649.46,INR,debit_card,network_error,1,10,5,19848.7,2026-04-24T10:43:02.162700,10,4,1,12765.62
pay_demo_003062,cust_0969,20761.13,INR,credit_card,network_error,1,4,2,3328.83,2026-05-28T23:42:02.162717,23,3,1,20194.71
pay_demo_003063,cust_0670,30570.01,INR,netbanking,network_error,1,13,0,22058.83,2026-07-09T20:41:02.162740,20,3,1,29820.08
pay_demo_003064,cust_0726,16704.55,INR,credit_card,authentication_failed,1,5,1,19989.44,2026-04-08T22:42:02.162758,22,2,0,0.0
pay_demo_003065,cust_0516,41905.17,INR,credit_card,card_declined,1,20,2,7432.84,2026-06-19T00:59:02.162774,0,4,0,0.0
pay_demo_003066,cust_0978,35031.95,INR,debit_card,card_declined,3,5,2,22511.48,2026-03-07T17:24:02.162791,17,5,0,0.0
pay_demo_003067,cust_0373,2526.8,INR,upi,bank_timeout,1,10,1,24603.6,2026-06-07T07:19:02.162807,7,6,1,2312.81
pay_demo_003068,cust_0186,23257.74,INR,credit_card,card_declined,1,2,3,8652.63,2026-03-30T23:47:02.162825,23,0,1,19838.41
pay_demo_003069,cust_0931,48199.28,INR,upi,authentication_failed,2,15,0,25184.72,2026-05-09T21:11:02.162843,21,5,1,47395.66
pay_demo_003070,cust_0864,15613.01,INR,credit_card,insufficient_funds,1,7,2,28739.71,2026-06-04T01:13:02.162860,1,3,1,13961.97
pay_demo_003071,cust_0749,18350.38,INR,credit_card,bank_timeout,1,11,4,12499.57,2026-06-06T09:31:02.162876,9,5,1,17248.21
pay_demo_003072,cust_0874,4595.51,INR,credit_card,card_declined,3,17,1,1040.48,2026-06-10T13:33:02.162893,13,2,1,4189.96
pay_demo_003073,cust_0147,22219.17,INR,debit_card,upi_failure,2,3,0,29920.95,2026-08-27T06:26:02.162912,6,3,0,0.0
pay_demo_003074,cust_0914,42473.64,INR,netbanking,bank_timeout,2,3,2,19949.28,2026-07-16T18:55:02.162929,18,3,0,0.0
pay_demo_003075,cust_0796,10414.28,INR,netbanking,authentication_failed,1,12,0,728.99,2026-04-18T17:45:02.162945,17,5,1,9568.39
pay_demo_003076,cust_0698,37467.0,INR,credit_card,authentication_failed,1,18,4,17807.99,2026-06-30T23:19:02.162962,23,1,1,37401.75
pay_demo_003077,cust_0508,14182.01,INR,upi,authentication_failed,1,7,5,25194.5,2026-03-26T03:32:02.162979,3,3,0,0.0
pay_demo_003078,cust_0592,44216.07,INR,credit_card,card_declined,1,10,5,12121.44,2026-08-15T16:49:02.162997,16,5,0,0.0
pay_demo_003079,cust_0534,33902.6,INR,debit_card,insufficient_funds,1,20,4,25893.02,2026-04-18T11:30:02.163014,11,5,0,0.0
pay_demo_003080,cust_0668,5424.69,INR,debit_card,insufficient_funds,3,14,3,21051.96,2026-08-14T01:04:02.163029,1,4,1,5340.51
pay_demo_003081,cust_0009,32323.48,INR,netbanking,insufficient_funds,1,9,4,17680.58,2026-03-24T00:21:02.163046,0,1,0,0.0
pay_demo_003082,cust_0844,15000.01,INR,debit_card,upi_failure,1,20,5,7953.21,2026-06-09T15:55:02.163062,15,1,1,14662.51
pay_demo_003083,cust_0045,22704.59,INR,credit_card,authentication_failed,1,12,5,23249.96,2026-06-01T14:21:02.163081,14,0,0,0.0
pay_demo_003084,cust_0238,15026.37,INR,netbanking,upi_failure,3,3,5,12034.48,2026-06-22T16:41:02.163099,16,0,0,0.0
pay_demo_003085,cust_0594,32682.52,INR,credit_card,network_error,1,20,5,21463.83,2026-04-04T00:59:02.163118,0,5,1,30045.34
pay_demo_003086,cust_0621,35261.33,INR,netbanking,upi_failure,1,10,3,15467.8,2026-07-01T02:31:02.163135,2,2,1,31716.86
pay_demo_003087,cust_0682,49313.87,INR,upi,card_declined,1,9,1,29733.98,2026-03-07T22:31:02.163152,22,5,0,0.0
pay_demo_003088,cust_0862,47771.21,INR,credit_card,bank_timeout,3,20,5,3386.92,2026-03-05T09:33:02.163168,9,3,0,0.0
pay_demo_003089,cust_0981,19518.89,INR,credit_card,upi_failure,1,20,5,577.11,2026-04-19T06:49:02.163184,6,6,0,0.0
pay_demo_003090,cust_0398,29276.64,INR,credit_card,insufficient_funds,1,16,2,8834.38,2026-06-28T17:36:02.163200,17,6,0,0.0
pay_demo_003091,cust_0596,29475.86,INR,debit_card,insufficient_funds,3,10,5,23091.91,2026-07-11T16:57:02.163215,16,5,0,0.0
pay_demo_003092,cust_0784,49983.97,INR,credit_card,authentication_failed,2,10,1,5179.35,2026-06-28T13:18:02.163230,13,6,0,0.0
pay_demo_003093,cust_0688,35604.57,INR,upi,upi_failure,1,4,2,18029.95,2026-08-14T17:54:02.163262,17,4,0,0.0
pay_demo_003094,cust_0992,6572.35,INR,debit_card,card_declined,1,9,3,23870.21,2026-06-04T22:25:02.163279,22,3,1,5826.08
pay_demo_003095,cust_0366,15835.37,INR,debit_card,authentication_failed,1,1,1,1584.06,2026-05-14T20:32:02.163296,20,3,0,0.0
pay_demo_003096,cust_0258,3867.42,INR,netbanking,upi_failure,1,11,4,8585.79,2026-04-29T11:55:02.163315,11,2,1,3731.66
pay_demo_003097,cust_0111,27640.41,INR,credit_card,authentication_failed,1,20,1,14589.47,2026-08-24T10:42:02.163332,10,0,1,23617.34
pay_demo_003098,cust_0753,20380.01,INR,credit_card,insufficient_funds,2,17,5,7487.23,2026-03-19T23:39:02.163350,23,3,0,0.0
pay_demo_003099,cust_0396,14942.77,INR,netbanking,network_error,1,7,5,628.94,2026-06-23T12:39:02.163366,12,1,1,13427.22
pay_demo_003100,cust_0963,17137.45,INR,debit_card,bank_timeout,1,13,1,21317.94,2026-05-10T23:31:02.163382,23,6,1,15848.08
pay_demo_003101,cust_0787,27038.89,INR,debit_card,insufficient_funds,1,4,3,12593.3,2026-07-09T05:16:02.163415,5,3,1,25419.01
pay_demo_003102,cust_0270,33983.03,INR,netbanking,bank_timeout,1,5,5,22383.99,2026-06-26T11:26:02.163468,11,4,1,30807.47
pay_demo_003103,cust_0677,49155.93,INR,credit_card,card_declined,2,18,0,5920.38,2026-03-05T18:53:02.163504,18,3,0,0.0
pay_demo_003104,cust_0064,28298.84,INR,debit_card,upi_failure,1,12,0,14008.39,2026-03-25T22:35:02.163525,22,2,1,26784.77
pay_demo_003105,cust_0938,23218.92,INR,upi,upi_failure,1,5,0,2146.6,2026-03-31T17:46:02.163542,17,1,1,20813.46
pay_demo_003106,cust_0034,22963.37,INR,netbanking,insufficient_funds,2,12,1,21979.42,2026-04-08T03:50:02.163562,3,2,0,0.0
pay_demo_003107,cust_0703,12036.0,INR,credit_card,network_error,2,2,5,18089.93,2026-04-02T11:12:02.163579,11,3,0,0.0
pay_demo_003108,cust_0665,30548.13,INR,upi,bank_timeout,2,7,0,14671.33,2026-07-18T18:04:02.163603,18,5,0,0.0
pay_demo_003109,cust_0428,2297.76,INR,upi,network_error,1,4,4,7378.62,2026-05-01T09:15:02.163637,9,4,0,0.0
pay_demo_003110,cust_0287,9255.19,INR,upi,upi_failure,1,17,2,14984.37,2026-04-11T06:06:02.163662,6,5,0,0.0
pay_demo_003111,cust_0456,39506.44,INR,credit_card,bank_timeout,1,4,1,20942.6,2026-04-17T01:15:02.163678,1,4,1,37980.52
pay_demo_003112,cust_0984,4141.68,INR,credit_card,card_declined,3,17,0,27095.33,2026-06-22T10:17:02.163696,10,0,1,3780.79
pay_demo_003113,cust_0516,29063.58,INR,credit_card,authentication_failed,2,15,3,887.66,2026-04-04T10:10:02.163719,10,5,0,0.0
pay_demo_003114,cust_0710,41131.4,INR,netbanking,upi_failure,1,20,2,27546.07,2026-06-01T18:39:02.163741,18,0,1,37806.12
pay_demo_003115,cust_0464,27595.59,INR,debit_card,card_declined,1,17,2,915.77,2026-08-27T01:18:02.163770,1,3,1,25964.67
pay_demo_003116,cust_0427,16040.4,INR,netbanking,card_declined,2,1,3,3049.11,2026-03-23T07:30:02.163787,7,0,0,0.0
pay_demo_003117,cust_0622,22797.26,INR,credit_card,network_error,1,12,4,2308.25,2026-03-27T19:30:02.163807,19,4,1,22101.88
pay_demo_003118,cust_0151,44700.33,INR,upi,authentication_failed,1,12,2,4026.03,2026-08-21T23:41:02.163833,23,4,1,39308.63
pay_demo_003119,cust_0505,3911.68,INR,netbanking,bank_timeout,1,12,4,15701.68,2026-07-07T21:18:02.163852,21,1,1,3817.41
pay_demo_003120,cust_0657,20190.68,INR,debit_card,card_declined,3,18,2,19261.33,2026-07-22T09:25:02.163868,9,2,0,0.0
pay_demo_003121,cust_0537,9707.23,INR,upi,insufficient_funds,2,8,1,16921.01,2026-05-27T16:39:02.163885,16,2,0,0.0
pay_demo_003122,cust_0689,34346.51,INR,upi,card_declined,2,2,4,18315.94,2026-03-23T06:19:02.163901,6,0,0,0.0
pay_demo_003123,cust_0268,27896.99,INR,netbanking,bank_timeout,2,3,3,534.65,2026-04-18T00:19:02.163919,0,5,1,25387.88
pay_demo_003124,cust_0894,44940.92,INR,debit_card,insufficient_funds,1,14,5,3552.09,2026-08-13T08:10:02.163946,8,3,0,0.0
pay_demo_003125,cust_0293,3099.11,INR,credit_card,insufficient_funds,1,17,4,11503.21,2026-05-06T04:38:02.163982,4,2,0,0.0
pay_demo_003126,cust_0464,35029.52,INR,debit_card,card_declined,1,1,2,29246.14,2026-08-04T22:03:02.164007,22,1,0,0.0
pay_demo_003127,cust_0849,28618.37,INR,upi,bank_timeout,1,1,0,15142.68,2026-05-27T23:16:02.164046,23,2,1,25083.76
pay_demo_003128,cust_0382,2593.65,INR,debit_card,authentication_failed,1,15,1,20739.29,2026-03-20T16:17:02.164064,16,4,0,0.0
pay_demo_003129,cust_0700,30965.13,INR,upi,bank_timeout,1,5,4,27086.0,2026-04-29T12:05:02.164080,12,2,0,0.0
pay_demo_003130,cust_0640,39569.68,INR,netbanking,upi_failure,1,20,5,25872.82,2026-06-03T03:48:02.164096,3,2,1,38787.13
pay_demo_003131,cust_0433,16200.3,INR,netbanking,authentication_failed,1,5,2,4964.76,2026-03-11T02:19:02.164113,2,2,1,15266.02
pay_demo_003132,cust_0760,13044.17,INR,credit_card,bank_timeout,1,12,2,3833.67,2026-07-04T09:44:02.164130,9,5,1,11164.54
pay_demo_003133,cust_0813,39387.85,INR,debit_card,bank_timeout,2,6,1,14028.29,2026-03-24T16:07:02.164149,16,1,1,36103.72
pay_demo_003134,cust_0434,39851.82,INR,netbanking,authentication_failed,1,19,3,11689.95,2026-07-29T00:19:02.164166,0,2,0,0.0
pay_demo_003135,cust_0923,18960.86,INR,upi,network_error,1,15,0,24345.87,2026-05-02T14:24:02.164183,14,5,1,17986.17
pay_demo_003136,cust_0820,18285.87,INR,debit_card,network_error,2,16,4,2825.8,2026-06-19T05:23:02.164200,5,4,1,15638.61
pay_demo_003137,cust_0060,10729.66,INR,debit_card,network_error,1,9,5,1831.42,2026-05-28T09:46:02.164217,9,3,0,0.0
pay_demo_003138,cust_0272,16668.91,INR,netbanking,insufficient_funds,1,11,1,9861.47,2026-05-07T00:25:02.164232,0,3,1,14441.81
pay_demo_003139,cust_0923,6004.69,INR,upi,authentication_failed,1,2,4,7883.42,2026-03-07T10:05:02.164250,10,5,0,0.0
pay_demo_003140,cust_0524,30562.47,INR,debit_card,network_error,1,5,0,7661.5,2026-04-02T10:55:02.164265,10,3,1,28270.65
pay_demo_003141,cust_0215,2805.3,INR,netbanking,authentication_failed,1,20,2,20948.81,2026-04-13T23:06:02.164282,23,0,1,2704.04
pay_demo_003142,cust_0906,7978.59,INR,netbanking,upi_failure,1,19,3,20049.58,2026-07-24T23:41:02.164299,23,4,1,7800.94
pay_demo_003143,cust_0304,27423.12,INR,credit_card,network_error,1,15,4,26001.66,2026-03-24T19:58:02.164318,19,1,0,0.0
pay_demo_003144,cust_0875,37983.07,INR,debit_card,card_declined,3,8,4,22000.9,2026-06-17T09:43:02.164334,9,2,0,0.0
pay_demo_003145,cust_0396,445.01,INR,credit_card,network_error,1,14,0,14712.48,2026-04-09T15:19:02.164349,15,3,1,409.93
pay_demo_003146,cust_0814,44003.04,INR,upi,upi_failure,1,14,1,15221.58,2026-04-12T22:11:02.164367,22,6,0,0.0
pay_demo_003147,cust_0278,17338.03,INR,credit_card,network_error,2,5,3,13657.42,2026-05-10T04:04:02.164383,4,6,1,16046.64
pay_demo_003148,cust_0665,31009.23,INR,netbanking,card_declined,1,8,2,15625.27,2026-05-04T14:58:02.164403,14,0,0,0.0
pay_demo_003149,cust_0242,14026.22,INR,upi,network_error,2,4,5,28100.79,2026-03-03T17:36:02.164419,17,1,1,14015.11
pay_demo_003150,cust_0939,362.4,INR,debit_card,network_error,1,14,2,20072.9,2026-08-11T01:25:02.164436,1,1,1,319.39
pay_demo_003151,cust_0386,44811.47,INR,upi,bank_timeout,1,8,4,8947.11,2026-06-13T08:24:02.164455,8,5,1,39719.1
pay_demo_003152,cust_0737,39458.52,INR,debit_card,card_declined,1,2,2,12582.89,2026-05-17T19:17:02.164472,19,6,1,34322.87
pay_demo_003153,cust_0944,12151.62,INR,upi,card_declined,1,13,2,18592.03,2026-04-17T23:07:02.164491,23,4,1,10905.0
pay_demo_003154,cust_0238,5286.48,INR,upi,insufficient_funds,2,14,5,27752.19,2026-06-27T16:59:02.164508,16,5,0,0.0
pay_demo_003155,cust_0219,41882.44,INR,credit_card,authentication_failed,2,15,0,16338.42,2026-03-18T03:52:02.164524,3,2,1,37385.95
pay_demo_003156,cust_0468,43635.8,INR,debit_card,card_declined,1,2,0,4336.73,2026-08-08T17:28:02.164541,17,5,0,0.0
pay_demo_003157,cust_0716,913.94,INR,credit_card,network_error,2,17,0,27232.04,2026-05-13T21:42:02.164557,21,2,1,872.4
pay_demo_003158,cust_0306,17466.5,INR,debit_card,network_error,1,7,2,13273.75,2026-06-13T21:29:02.164573,21,5,1,17283.34
pay_demo_003159,cust_0170,31498.24,INR,credit_card,upi_failure,1,5,5,15937.69,2026-04-11T11:35:02.164590,11,5,0,0.0
pay_demo_003160,cust_0599,2266.88,INR,debit_card,network_error,1,18,5,18368.76,2026-06-09T18:28:02.164605,18,1,1,2097.37
pay_demo_003161,cust_0161,49678.08,INR,debit_card,card_declined,2,10,1,1811.45,2026-08-07T02:48:02.164622,2,4,1,48483.83
pay_demo_003162,cust_0172,40761.67,INR,netbanking,bank_timeout,2,5,1,22500.87,2026-08-23T17:07:02.164638,17,6,1,37292.39
pay_demo_003163,cust_0391,26243.12,INR,debit_card,insufficient_funds,2,15,4,11981.37,2026-05-10T06:18:02.164658,6,6,1,24918.11
pay_demo_003164,cust_0347,9470.4,INR,credit_card,network_error,1,12,0,21810.07,2026-07-20T23:30:02.164680,23,0,1,9461.79
pay_demo_003165,cust_0495,22552.02,INR,credit_card,upi_failure,1,2,5,713.97,2026-07-12T02:28:02.164697,2,6,0,0.0
pay_demo_003166,cust_0234,41229.18,INR,debit_card,authentication_failed,1,20,5,11364.35,2026-06-26T13:05:02.164713,13,4,0,0.0
pay_demo_003167,cust_0436,8839.52,INR,credit_card,card_declined,1,1,0,8013.34,2026-07-04T13:29:02.164731,13,5,0,0.0
pay_demo_003168,cust_0366,35344.8,INR,netbanking,insufficient_funds,1,4,3,7008.48,2026-03-18T02:10:02.164747,2,2,0,0.0
pay_demo_003169,cust_0130,8676.72,INR,debit_card,card_declined,2,0,2,21420.98,2026-06-23T22:14:02.164764,22,1,0,0.0
pay_demo_003170,cust_0745,48553.74,INR,debit_card,upi_failure,1,13,4,18307.12,2026-03-01T02:48:02.164780,2,6,1,48416.12
pay_demo_003171,cust_0815,22603.43,INR,netbanking,authentication_failed,1,3,0,12759.29,2026-04-07T06:08:02.164797,6,1,1,22448.62
pay_demo_003172,cust_0369,39478.01,INR,netbanking,authentication_failed,2,9,3,26148.63,2026-05-02T16:29:02.164813,16,5,0,0.0
pay_demo_003173,cust_0401,42102.16,INR,debit_card,card_declined,1,9,2,15689.53,2026-06-21T00:20:02.164831,0,6,0,0.0
pay_demo_003174,cust_0442,25073.16,INR,credit_card,insufficient_funds,1,5,4,25520.15,2026-03-04T18:44:02.164847,18,2,0,0.0
pay_demo_003175,cust_0558,30193.93,INR,debit_card,network_error,1,14,0,811.74,2026-05-11T18:47:02.164862,18,0,1,28732.8
pay_demo_003176,cust_0269,47012.84,INR,debit_card,insufficient_funds,1,1,3,12671.12,2026-03-18T06:24:02.164879,6,2,0,0.0
pay_demo_003177,cust_0331,10475.18,INR,upi,insufficient_funds,2,1,1,25853.91,2026-06-26T05:30:02.164894,5,4,0,0.0
pay_demo_003178,cust_0030,34751.69,INR,credit_card,authentication_failed,2,15,0,26080.78,2026-05-23T19:28:02.164912,19,5,0,0.0
pay_demo_003179,cust_0230,12538.01,INR,netbanking,network_error,1,10,4,23364.29,2026-08-08T22:28:02.164927,22,5,0,0.0
pay_demo_003180,cust_0690,1042.05,INR,upi,upi_failure,2,6,3,8766.0,2026-07-08T13:37:02.164943,13,2,1,957.39
pay_demo_003181,cust_0133,31867.22,INR,netbanking,card_declined,1,14,0,29940.54,2026-05-22T12:24:02.164959,12,4,0,0.0
pay_demo_003182,cust_0442,33070.5,INR,debit_card,card_declined,1,18,5,26990.23,2026-05-29T08:41:02.164977,8,4,0,0.0
pay_demo_003183,cust_0582,17294.33,INR,debit_card,upi_failure,1,10,2,26948.25,2026-06-27T01:22:02.164996,1,5,1,15703.4
pay_demo_003184,cust_0577,35561.67,INR,upi,card_declined,1,16,2,26322.29,2026-06-15T21:27:02.165012,21,0,0,0.0
pay_demo_003185,cust_0230,31288.43,INR,credit_card,authentication_failed,1,11,1,24365.65,2026-08-12T09:05:02.165028,9,2,0,0.0
pay_demo_003186,cust_0685,38727.28,INR,credit_card,bank_timeout,1,10,0,26273.15,2026-03-24T03:17:02.165044,3,1,0,0.0
pay_demo_003187,cust_0190,4808.06,INR,debit_card,card_declined,1,9,2,4893.66,2026-07-06T22:12:02.165059,22,0,1,4668.75
pay_demo_003188,cust_0139,23784.5,INR,netbanking,network_error,2,14,1,1258.76,2026-04-09T19:43:02.165075,19,3,1,23609.94
pay_demo_003189,cust_0194,41162.21,INR,debit_card,authentication_failed,2,5,5,28147.17,2026-07-15T00:44:02.165092,0,2,0,0.0
pay_demo_003190,cust_0900,49566.24,INR,upi,authentication_failed,2,18,1,29960.72,2026-05-08T16:44:02.165107,16,4,0,0.0
pay_demo_003191,cust_0660,41807.73,INR,upi,network_error,1,5,5,3112.14,2026-04-08T22:39:02.165125,22,2,0,0.0
pay_demo_003192,cust_0736,41556.56,INR,credit_card,upi_failure,1,10,4,17261.4,2026-08-21T14:03:02.165141,14,4,1,40417.7
pay_demo_003193,cust_0623,45672.29,INR,upi,insufficient_funds,2,20,1,27175.01,2026-06-05T14:36:02.165159,14,4,1,38877.36
pay_demo_003194,cust_0567,45022.21,INR,upi,bank_timeout,1,9,5,28915.36,2026-06-29T15:11:02.165176,15,0,1,41661.34
pay_demo_003195,cust_0376,23754.98,INR,credit_card,insufficient_funds,1,19,3,20911.18,2026-05-01T10:28:02.165194,10,4,1,21674.08
pay_demo_003196,cust_0191,24779.73,INR,debit_card,insufficient_funds,1,3,1,1264.64,2026-07-16T04:57:02.165211,4,3,0,0.0
pay_demo_003197,cust_0905,34851.11,INR,credit_card,network_error,1,7,0,3221.87,2026-03-29T14:27:02.165229,14,6,0,0.0
pay_demo_003198,cust_0036,8305.51,INR,upi,network_error,1,16,5,2571.95,2026-05-22T02:36:02.165259,2,4,0,0.0
pay_demo_003199,cust_0310,40516.56,INR,credit_card,insufficient_funds,1,18,0,20444.96,2026-03-29T22:30:02.165277,22,6,1,35375.49
pay_demo_003200,cust_0687,11004.52,INR,debit_card,card_declined,3,6,0,13546.93,2026-07-20T16:14:02.165295,16,0,0,0.0
pay_demo_003201,cust_0442,44073.88,INR,netbanking,card_declined,1,9,5,26459.88,2026-08-10T08:57:02.165315,8,0,0,0.0
pay_demo_003202,cust_0012,42941.23,INR,credit_card,authentication_failed,1,18,0,18742.23,2026-04-20T08:44:02.165331,8,0,0,0.0
pay_demo_003203,cust_0037,16188.76,INR,upi,bank_timeout,1,6,1,1176.32,2026-06-25T15:11:02.165349,15,3,1,14400.3
pay_demo_003204,cust_0377,21606.89,INR,netbanking,bank_timeout,1,16,3,23213.43,2026-05-31T22:10:02.165367,22,6,1,20685.0
pay_demo_003205,cust_0465,17468.27,INR,credit_card,upi_failure,2,20,3,4984.7,2026-08-08T11:14:02.165383,11,5,1,16803.74
pay_demo_003206,cust_0121,19839.82,INR,credit_card,authentication_failed,1,20,4,21978.63,2026-08-04T03:08:02.165401,3,1,1,18863.22
pay_demo_003207,cust_0788,2932.54,INR,netbanking,bank_timeout,3,18,4,11683.91,2026-07-06T22:35:02.165418,22,0,1,2668.14
pay_demo_003208,cust_0473,1330.95,INR,debit_card,network_error,1,12,4,25948.54,2026-05-18T11:19:02.165434,11,0,1,1252.01
pay_demo_003209,cust_0882,35842.53,INR,credit_card,insufficient_funds,1,1,0,15047.99,2026-03-06T13:29:02.165451,13,4,0,0.0
pay_demo_003210,cust_0839,643.35,INR,upi,network_error,1,2,2,19850.95,2026-04-06T10:50:02.165467,10,0,1,570.94
pay_demo_003211,cust_0222,15052.58,INR,upi,card_declined,1,17,3,9148.0,2026-03-02T06:18:02.165484,6,0,0,0.0
pay_demo_003212,cust_0539,27692.56,INR,credit_card,insufficient_funds,1,19,5,653.52,2026-04-02T08:51:02.165503,8,3,0,0.0
pay_demo_003213,cust_0146,26325.03,INR,debit_card,network_error,2,4,5,11528.1,2026-06-02T00:45:02.165524,0,1,0,0.0
pay_demo_003214,cust_0365,15954.98,INR,upi,insufficient_funds,1,3,4,28667.05,2026-08-21T17:04:02.165543,17,4,0,0.0
pay_demo_003215,cust_0319,26065.14,INR,credit_card,insufficient_funds,1,17,4,27311.83,2026-04-09T01:31:02.165559,1,3,0,0.0
pay_demo_003216,cust_0201,19939.69,INR,credit_card,insufficient_funds,3,17,0,1459.98,2026-03-03T16:36:02.165575,16,1,0,0.0
pay_demo_003217,cust_0262,22060.99,INR,debit_card,card_declined,1,8,4,13206.46,2026-04-27T01:45:02.165592,1,0,0,0.0
pay_demo_003218,cust_0101,19766.16,INR,netbanking,bank_timeout,1,12,1,3616.65,2026-06-03T12:06:02.165608,12,2,0,0.0
pay_demo_003219,cust_0173,28839.35,INR,netbanking,card_declined,1,8,2,15644.87,2026-08-26T07:56:02.165624,7,2,1,24993.23
pay_demo_003220,cust_0795,13613.87,INR,upi,upi_failure,1,17,0,21348.64,2026-07-04T01:38:02.165641,1,5,1,13392.57
pay_demo_003221,cust_0075,20820.75,INR,netbanking,bank_timeout,1,12,0,25862.56,2026-05-23T21:57:02.165658,21,5,1,19310.4
pay_demo_003222,cust_0171,20103.5,INR,upi,upi_failure,1,20,2,11682.97,2026-05-30T15:51:02.165674,15,5,1,19324.04
pay_demo_003223,cust_0513,48494.88,INR,netbanking,network_error,2,7,3,13836.27,2026-06-20T23:50:02.165693,23,5,0,0.0
pay_demo_003224,cust_0298,43888.79,INR,debit_card,authentication_failed,1,8,2,25504.19,2026-05-29T02:36:02.165710,2,4,0,0.0
pay_demo_003225,cust_0807,21314.77,INR,upi,insufficient_funds,3,2,0,18228.72,2026-05-14T03:54:02.165725,3,3,0,0.0
pay_demo_003226,cust_0156,24927.84,INR,credit_card,insufficient_funds,3,12,4,14411.51,2026-06-20T02:54:02.165740,2,5,1,23770.44
pay_demo_003227,cust_0668,42890.58,INR,netbanking,authentication_failed,2,6,3,24036.35,2026-06-29T06:39:02.165757,6,0,1,40691.07
pay_demo_003228,cust_0896,2956.67,INR,debit_card,authentication_failed,1,0,4,6213.52,2026-08-20T01:24:02.165774,1,3,0,0.0
pay_demo_003229,cust_0588,4434.68,INR,debit_card,bank_timeout,1,2,1,12649.97,2026-03-03T15:08:02.165790,15,1,1,4362.57
pay_demo_003230,cust_0793,47370.14,INR,credit_card,upi_failure,2,20,2,17078.2,2026-07-10T00:32:02.165806,0,4,0,0.0
pay_demo_003231,cust_0833,23277.22,INR,upi,authentication_failed,1,15,4,10256.23,2026-03-11T05:41:02.165821,5,2,1,22845.22
pay_demo_003232,cust_0128,15383.07,INR,credit_card,network_error,3,8,2,18585.17,2026-05-20T10:26:02.165838,10,2,1,13835.46
pay_demo_003233,cust_0142,41798.28,INR,netbanking,authentication_failed,1,11,3,4347.7,2026-06-01T18:30:02.165858,18,0,0,0.0
pay_demo_003234,cust_0008,48368.01,INR,upi,card_declined,3,2,5,29788.34,2026-07-06T15:43:02.165875,15,0,0,0.0
pay_demo_003235,cust_0473,29081.92,INR,debit_card,authentication_failed,2,18,1,7409.93,2026-03-08T20:10:02.165891,20,6,0,0.0
pay_demo_003236,cust_0420,35637.62,INR,credit_card,insufficient_funds,1,16,4,14849.19,2026-08-04T02:19:02.165907,2,1,1,34847.76
pay_demo_003237,cust_0055,4706.77,INR,upi,card_declined,1,3,1,20651.1,2026-03-21T14:22:02.165927,14,5,1,4463.98
pay_demo_003238,cust_0460,20370.78,INR,upi,authentication_failed,2,1,2,26281.73,2026-04-05T14:27:02.165946,14,6,1,18176.36
pay_demo_003239,cust_0716,46065.88,INR,debit_card,insufficient_funds,1,20,1,9744.69,2026-05-30T19:12:02.165964,19,5,1,46041.39
pay_demo_003240,cust_0834,44618.49,INR,credit_card,authentication_failed,1,5,5,16278.82,2026-04-29T01:40:02.165981,1,2,1,43677.79
pay_demo_003241,cust_0675,24698.75,INR,upi,authentication_failed,1,4,3,26615.18,2026-05-23T15:22:02.166000,15,5,1,22684.61
pay_demo_003242,cust_0729,23723.18,INR,upi,upi_failure,1,4,5,22003.97,2026-08-11T07:07:02.166017,7,1,0,0.0
pay_demo_003243,cust_0984,23543.44,INR,upi,authentication_failed,2,19,2,2653.04,2026-08-27T08:16:02.166035,8,3,0,0.0
pay_demo_003244,cust_0591,6216.9,INR,netbanking,bank_timeout,1,12,2,8010.07,2026-03-14T21:56:02.166051,21,5,0,0.0
pay_demo_003245,cust_0597,42841.68,INR,credit_card,bank_timeout,2,14,2,24107.21,2026-07-14T00:13:02.166067,0,1,1,38355.99
pay_demo_003246,cust_0941,24575.74,INR,debit_card,authentication_failed,1,15,5,20238.61,2026-06-14T06:19:02.166084,6,6,0,0.0
pay_demo_003247,cust_0859,48570.16,INR,netbanking,card_declined,1,15,4,17035.03,2026-07-28T03:53:02.166100,3,1,0,0.0
pay_demo_003248,cust_0349,12264.07,INR,debit_card,bank_timeout,1,20,5,23241.39,2026-08-20T06:52:02.166118,6,3,0,0.0
pay_demo_003249,cust_0774,8466.66,INR,netbanking,network_error,3,1,4,12568.44,2026-05-16T10:16:02.166133,10,5,0,0.0
pay_demo_003250,cust_0020,7590.45,INR,netbanking,upi_failure,2,6,4,29786.15,2026-04-03T03:39:02.166155,3,4,0,0.0
pay_demo_003251,cust_0471,3346.23,INR,debit_card,card_declined,2,16,1,29265.2,2026-08-27T23:50:02.166172,23,3,0,0.0
pay_demo_003252,cust_0700,49652.6,INR,netbanking,bank_timeout,2,18,0,13687.03,2026-06-26T08:29:02.166191,8,4,1,47989.58
pay_demo_003253,cust_0541,31649.38,INR,netbanking,authentication_failed,2,13,4,7131.49,2026-08-18T08:11:02.166214,8,1,0,0.0
pay_demo_003254,cust_0861,39764.86,INR,upi,network_error,3,16,1,8552.39,2026-06-19T04:53:02.166232,4,4,1,37810.73
pay_demo_003255,cust_0709,21872.66,INR,debit_card,network_error,1,13,5,5692.07,2026-05-15T12:59:02.166249,12,4,1,21388.47
pay_demo_003256,cust_0818,14462.57,INR,debit_card,upi_failure,1,14,1,13098.58,2026-05-18T12:19:02.166265,12,0,0,0.0
pay_demo_003257,cust_0283,4672.65,INR,credit_card,network_error,1,18,2,15203.15,2026-04-02T13:02:02.166283,13,3,1,4573.9
pay_demo_003258,cust_0826,2209.84,INR,debit_card,upi_failure,2,4,0,5984.13,2026-07-13T11:23:02.166299,11,0,0,0.0
pay_demo_003259,cust_0232,3105.71,INR,credit_card,authentication_failed,1,8,2,5569.0,2026-05-24T09:48:02.166315,9,6,1,2752.37
pay_demo_003260,cust_0627,45543.92,INR,upi,card_declined,2,8,0,22107.0,2026-06-30T13:57:02.166333,13,1,0,0.0
pay_demo_003261,cust_0444,25844.03,INR,credit_card,authentication_failed,1,14,3,22466.63,2026-05-25T20:54:02.166348,20,0,0,0.0
pay_demo_003262,cust_0351,35462.89,INR,credit_card,card_declined,2,18,4,29511.61,2026-08-12T00:11:02.166364,0,2,0,0.0
pay_demo_003263,cust_0367,42060.01,INR,credit_card,card_declined,2,13,4,27955.76,2026-07-09T19:31:02.166382,19,3,1,38492.12
pay_demo_003264,cust_0223,49646.89,INR,credit_card,insufficient_funds,1,11,5,12307.28,2026-04-16T16:33:02.166399,16,3,1,43241.05
pay_demo_003265,cust_0806,41678.4,INR,credit_card,card_declined,1,5,2,22652.0,2026-07-05T21:00:02.166415,21,6,0,0.0
pay_demo_003266,cust_0239,40533.67,INR,netbanking,authentication_failed,1,1,0,16524.94,2026-03-31T14:53:02.166436,14,1,1,38435.93
pay_demo_003267,cust_0258,46793.16,INR,upi,insufficient_funds,2,0,2,6326.65,2026-06-29T17:19:02.166452,17,0,0,0.0
pay_demo_003268,cust_0127,31686.34,INR,credit_card,network_error,1,12,5,23098.29,2026-08-06T19:39:02.166468,19,3,1,30002.23
pay_demo_003269,cust_0913,27461.77,INR,upi,upi_failure,1,14,0,17977.03,2026-03-16T03:39:02.166484,3,0,0,0.0
pay_demo_003270,cust_0771,46775.34,INR,upi,card_declined,2,18,5,11876.45,2026-08-23T03:22:02.166500,3,6,0,0.0
pay_demo_003271,cust_0396,14930.46,INR,debit_card,upi_failure,1,4,0,11345.65,2026-03-10T01:28:02.166516,1,1,1,14463.62
pay_demo_003272,cust_0475,31112.06,INR,credit_card,card_declined,1,10,1,21542.01,2026-03-19T09:50:02.166532,9,3,0,0.0
pay_demo_003273,cust_0664,48492.16,INR,netbanking,network_error,1,19,1,8260.68,2026-07-25T07:27:02.166550,7,5,0,0.0
pay_demo_003274,cust_0219,31855.83,INR,upi,insufficient_funds,1,19,4,14328.1,2026-03-07T02:29:02.166566,2,5,0,0.0
pay_demo_003275,cust_0884,11041.1,INR,credit_card,bank_timeout,1,0,1,5366.94,2026-03-28T07:39:02.166581,7,5,1,10639.58
pay_demo_003276,cust_0845,33774.79,INR,debit_card,upi_failure,2,0,1,10282.84,2026-05-18T10:35:02.166599,10,0,0,0.0
pay_demo_003277,cust_0898,45593.17,INR,netbanking,authentication_failed,1,1,3,19563.85,2026-07-01T14:31:02.166615,14,2,0,0.0
pay_demo_003278,cust_0428,23657.36,INR,debit_card,network_error,1,17,3,7775.09,2026-04-06T05:40:02.166630,5,0,1,22678.51
pay_demo_003279,cust_0092,44550.76,INR,upi,insufficient_funds,1,5,2,4825.77,2026-04-29T11:52:02.166650,11,2,1,38888.61
pay_demo_003280,cust_0334,17752.99,INR,netbanking,insufficient_funds,2,14,2,6574.0,2026-03-07T10:48:02.166666,10,5,0,0.0
pay_demo_003281,cust_0611,30265.13,INR,debit_card,network_error,1,6,4,17105.02,2026-06-06T00:44:02.166682,0,5,1,27608.27
pay_demo_003282,cust_0446,38979.02,INR,debit_card,insufficient_funds,1,1,4,14972.71,2026-08-19T22:53:02.166698,22,2,0,0.0
pay_demo_003283,cust_0757,42638.19,INR,upi,authentication_failed,1,14,1,11715.0,2026-05-23T16:19:02.166716,16,5,0,0.0
pay_demo_003284,cust_0761,48654.08,INR,debit_card,authentication_failed,1,14,1,21734.58,2026-07-11T18:16:02.166731,18,5,1,42848.47
pay_demo_003285,cust_0941,25348.61,INR,debit_card,network_error,1,2,3,20192.19,2026-08-26T20:25:02.166748,20,2,0,0.0
pay_demo_003286,cust_0127,1862.59,INR,upi,upi_failure,1,13,3,21739.93,2026-08-22T00:34:02.166763,0,5,1,1641.28
pay_demo_003287,cust_0880,37345.06,INR,netbanking,upi_failure,1,14,4,26653.76,2026-03-20T01:50:02.166779,1,4,1,35465.52
pay_demo_003288,cust_0527,17998.72,INR,debit_card,authentication_failed,2,2,3,29755.73,2026-08-13T04:20:02.166797,4,3,0,0.0
pay_demo_003289,cust_0024,30053.61,INR,netbanking,bank_timeout,2,9,5,19879.52,2026-05-26T03:27:02.166813,3,1,0,0.0
pay_demo_003290,cust_0111,921.05,INR,debit_card,card_declined,2,8,3,13342.21,2026-04-02T14:46:02.166829,14,3,1,909.19
pay_demo_003291,cust_0812,10827.72,INR,credit_card,network_error,1,17,0,22453.91,2026-06-05T19:30:02.166846,19,4,1,10735.77
pay_demo_003292,cust_0031,33027.21,INR,netbanking,card_declined,1,2,4,6145.78,2026-04-11T14:15:02.166863,14,5,1,30299.29
pay_demo_003293,cust_0093,29752.07,INR,credit_card,card_declined,1,8,2,1780.18,2026-05-16T07:42:02.166881,7,5,1,28051.6
pay_demo_003294,cust_0516,2220.72,INR,credit_card,authentication_failed,1,4,1,1829.82,2026-04-03T03:25:02.166898,3,4,0,0.0
pay_demo_003295,cust_0849,33718.7,INR,debit_card,card_declined,2,20,1,8323.92,2026-07-02T14:13:02.166917,14,3,0,0.0
pay_demo_003296,cust_0896,11763.28,INR,debit_card,network_error,1,10,1,29904.01,2026-07-11T20:19:02.166935,20,5,1,10626.36
pay_demo_003297,cust_0033,41162.72,INR,netbanking,bank_timeout,1,17,0,6682.52,2026-06-09T10:23:02.166955,10,1,1,36783.44
pay_demo_003298,cust_0438,234.45,INR,debit_card,network_error,2,6,3,12369.66,2026-05-07T15:33:02.166975,15,3,1,214.42
pay_demo_003299,cust_0936,29225.38,INR,upi,card_declined,1,5,0,24468.45,2026-08-16T16:16:02.167005,16,6,1,27360.3
pay_demo_003300,cust_0697,20372.01,INR,debit_card,upi_failure,1,13,5,15329.9,2026-03-01T21:22:02.167028,21,6,0,0.0
pay_demo_003301,cust_0577,45166.45,INR,upi,bank_timeout,2,9,0,9758.75,2026-03-26T16:49:02.167044,16,3,1,39859.45
pay_demo_003302,cust_0135,42285.6,INR,netbanking,authentication_failed,2,12,0,3462.31,2026-07-01T07:42:02.167063,7,2,0,0.0
pay_demo_003303,cust_0324,37510.57,INR,upi,insufficient_funds,1,15,1,23799.64,2026-08-25T20:06:02.167082,20,1,1,36859.45
pay_demo_003304,cust_0071,9381.1,INR,debit_card,upi_failure,2,3,4,3232.96,2026-05-24T06:59:02.167099,6,6,0,0.0
pay_demo_003305,cust_0395,37434.15,INR,upi,network_error,1,18,4,3920.11,2026-05-17T03:12:02.167115,3,6,1,35884.51
pay_demo_003306,cust_0038,43878.94,INR,debit_card,bank_timeout,1,18,1,25082.77,2026-04-02T10:28:02.167131,10,3,1,40180.09
pay_demo_003307,cust_0514,21768.35,INR,netbanking,bank_timeout,1,17,0,19439.31,2026-03-24T19:24:02.167148,19,1,1,21280.81
pay_demo_003308,cust_0725,8314.22,INR,debit_card,bank_timeout,1,3,4,12965.65,2026-07-19T05:48:02.167165,5,6,1,7325.91
pay_demo_003309,cust_0144,3896.44,INR,credit_card,upi_failure,1,5,1,1741.69,2026-06-21T22:20:02.167184,22,6,1,3342.46
pay_demo_003310,cust_0847,10817.23,INR,upi,card_declined,1,16,4,10788.32,2026-07-19T01:34:02.167202,1,6,0,0.0
pay_demo_003311,cust_0262,27136.88,INR,netbanking,card_declined,1,5,3,23775.3,2026-07-25T01:00:02.167218,1,5,0,0.0
pay_demo_003312,cust_0666,11631.72,INR,upi,card_declined,1,11,0,13165.12,2026-04-24T02:57:02.167234,2,4,1,10180.11
pay_demo_003313,cust_0121,27807.49,INR,upi,authentication_failed,1,2,0,20183.15,2026-07-25T02:17:02.167267,2,5,1,26327.03
pay_demo_003314,cust_0236,43765.12,INR,credit_card,insufficient_funds,1,10,2,17719.64,2026-04-19T08:25:02.167285,8,6,0,0.0
pay_demo_003315,cust_0738,45780.71,INR,upi,card_declined,2,7,0,23826.03,2026-03-11T13:24:02.167300,13,2,0,0.0
pay_demo_003316,cust_0441,27837.58,INR,upi,bank_timeout,2,12,5,3678.25,2026-05-16T06:59:02.167319,6,5,1,27699.31
pay_demo_003317,cust_0368,1735.91,INR,credit_card,bank_timeout,1,1,1,23881.89,2026-08-26T07:55:02.167336,7,2,1,1580.97
pay_demo_003318,cust_0281,38843.51,INR,upi,upi_failure,1,13,0,26355.06,2026-03-01T21:18:02.167355,21,6,1,36578.07
pay_demo_003319,cust_0929,5289.9,INR,upi,network_error,2,8,3,17135.73,2026-06-21T15:26:02.167372,15,6,0,0.0
pay_demo_003320,cust_0897,17749.37,INR,netbanking,bank_timeout,1,10,4,1524.58,2026-07-25T01:33:02.167390,1,5,0,0.0
pay_demo_003321,cust_0269,17155.92,INR,netbanking,network_error,1,19,5,16618.27,2026-05-30T05:21:02.167405,5,5,1,14687.07
pay_demo_003322,cust_0265,7254.65,INR,debit_card,bank_timeout,1,19,5,974.25,2026-03-22T12:33:02.167422,12,6,1,7178.38
pay_demo_003323,cust_0667,22264.52,INR,netbanking,insufficient_funds,1,6,5,22952.32,2026-04-13T14:33:02.167441,14,0,0,0.0
pay_demo_003324,cust_0416,37686.91,INR,upi,network_error,2,6,0,3323.92,2026-06-15T08:54:02.167458,8,0,1,34998.53
pay_demo_003325,cust_0646,20162.54,INR,netbanking,upi_failure,1,12,4,9944.98,2026-08-24T19:12:02.167476,19,0,0,0.0
pay_demo_003326,cust_0986,34381.8,INR,credit_card,network_error,2,12,0,4068.31,2026-05-20T11:54:02.167492,11,2,0,0.0
pay_demo_003327,cust_0788,36014.19,INR,netbanking,card_declined,1,6,2,18104.54,2026-07-26T15:11:02.167508,15,6,0,0.0
pay_demo_003328,cust_0964,20121.03,INR,netbanking,card_declined,1,3,3,11402.54,2026-07-18T08:15:02.167524,8,5,1,18585.0
pay_demo_003329,cust_0701,14908.55,INR,credit_card,bank_timeout,2,15,1,6585.31,2026-07-21T13:53:02.167541,13,1,1,13283.93
pay_demo_003330,cust_0985,10313.34,INR,credit_card,upi_failure,2,12,0,520.29,2026-06-06T00:09:02.167558,0,5,1,9574.62
pay_demo_003331,cust_0635,15583.21,INR,netbanking,bank_timeout,1,3,2,28695.8,2026-08-13T13:13:02.167577,13,3,1,13596.82
pay_demo_003332,cust_0641,18127.03,INR,credit_card,upi_failure,1,2,1,21710.26,2026-04-18T15:39:02.167595,15,5,1,17905.54
pay_demo_003333,cust_0018,16603.48,INR,credit_card,upi_failure,1,7,1,4242.82,2026-07-27T23:24:02.167614,23,0,1,14325.14
pay_demo_003334,cust_0151,46083.57,INR,debit_card,upi_failure,2,7,5,3715.58,2026-06-18T01:21:02.167631,1,3,0,0.0
pay_demo_003335,cust_0818,3940.22,INR,upi,network_error,2,15,4,7062.14,2026-03-03T17:19:02.167646,17,1,1,3847.33
pay_demo_003336,cust_0477,43822.35,INR,netbanking,network_error,2,4,5,26279.19,2026-08-16T19:56:02.167664,19,6,0,0.0
pay_demo_003337,cust_0951,5914.91,INR,credit_card,insufficient_funds,1,15,4,28239.51,2026-03-06T00:29:02.167680,0,4,1,5099.37
pay_demo_003338,cust_0112,32726.55,INR,upi,authentication_failed,1,4,2,5297.43,2026-05-15T12:33:02.167697,12,4,0,0.0
pay_demo_003339,cust_0532,38663.37,INR,netbanking,insufficient_funds,1,11,4,14467.41,2026-06-16T12:07:02.167715,12,1,0,0.0
pay_demo_003340,cust_0131,20967.17,INR,debit_card,network_error,1,17,1,6264.94,2026-04-23T03:53:02.167731,3,3,0,0.0
pay_demo_003341,cust_0323,15678.66,INR,credit_card,insufficient_funds,1,6,2,3944.28,2026-04-30T07:19:02.167747,7,3,1,14637.05
pay_demo_003342,cust_0192,27766.22,INR,debit_card,bank_timeout,3,8,2,11282.94,2026-04-08T00:29:02.167764,0,2,1,24378.83
pay_demo_003343,cust_0986,23692.01,INR,upi,upi_failure,1,15,3,11700.88,2026-05-23T02:00:02.167783,2,5,0,0.0
pay_demo_003344,cust_0546,6599.5,INR,netbanking,upi_failure,1,16,3,2831.4,2026-03-10T19:59:02.167799,19,1,0,0.0
pay_demo_003345,cust_0641,23737.37,INR,credit_card,bank_timeout,1,6,5,27383.52,2026-04-07T12:24:02.167815,12,1,1,20851.79
pay_demo_003346,cust_0381,38901.35,INR,credit_card,card_declined,1,20,0,14682.56,2026-06-13T01:05:02.167832,1,5,1,38554.55
pay_demo_003347,cust_0264,39559.54,INR,debit_card,insufficient_funds,1,3,0,24255.45,2026-08-07T15:03:02.167848,15,4,0,0.0
pay_demo_003348,cust_0294,17902.51,INR,netbanking,upi_failure,1,14,2,8501.02,2026-07-06T17:58:02.167864,17,0,0,0.0
pay_demo_003349,cust_0610,39825.69,INR,netbanking,bank_timeout,2,11,1,7198.91,2026-06-26T15:12:02.167880,15,4,1,37320.43
pay_demo_003350,cust_0462,8398.46,INR,netbanking,network_error,1,2,0,22625.16,2026-07-06T03:43:02.167899,3,0,1,7423.76
pay_demo_003351,cust_0309,30067.82,INR,netbanking,upi_failure,2,17,5,11000.37,2026-04-08T01:36:02.167920,1,2,1,28385.07
pay_demo_003352,cust_0752,26628.02,INR,upi,card_declined,1,1,5,29881.27,2026-07-25T20:39:02.167939,20,5,1,24921.25
pay_demo_003353,cust_0158,25057.23,INR,debit_card,insufficient_funds,1,7,4,4263.13,2026-06-15T05:07:02.167958,5,0,0,0.0
pay_demo_003354,cust_0047,47638.39,INR,credit_card,insufficient_funds,1,5,1,7258.8,2026-03-26T13:46:02.167976,13,3,0,0.0
pay_demo_003355,cust_0571,2239.67,INR,netbanking,bank_timeout,1,6,5,3970.95,2026-06-09T00:06:02.167994,0,1,1,2151.59
pay_demo_003356,cust_0925,26362.95,INR,netbanking,network_error,1,14,3,21830.18,2026-04-22T16:02:02.168011,16,2,1,24223.77
pay_demo_003357,cust_0227,20253.93,INR,netbanking,upi_failure,1,0,5,29025.88,2026-05-23T01:54:02.168028,1,5,1,17708.18
pay_demo_003358,cust_0563,42654.5,INR,upi,insufficient_funds,2,20,4,4248.24,2026-04-01T17:08:02.168045,17,2,1,41735.71
pay_demo_003359,cust_0426,43287.54,INR,credit_card,card_declined,1,8,3,4443.07,2026-06-22T01:12:02.168062,1,0,0,0.0
pay_demo_003360,cust_0221,30015.1,INR,credit_card,bank_timeout,2,11,5,17793.77,2026-05-09T05:52:02.168078,5,5,0,0.0
pay_demo_003361,cust_0679,38072.41,INR,netbanking,card_declined,1,12,0,26679.61,2026-04-10T12:48:02.168096,12,4,0,0.0
pay_demo_003362,cust_0097,9248.85,INR,debit_card,authentication_failed,2,6,2,15871.01,2026-06-18T05:06:02.168112,5,3,0,0.0
pay_demo_003363,cust_0576,4760.3,INR,debit_card,card_declined,1,4,2,5848.81,2026-08-20T11:15:02.168130,11,3,1,4214.08
pay_demo_003364,cust_0571,34174.02,INR,netbanking,authentication_failed,1,17,5,21912.22,2026-07-01T11:46:02.168149,11,2,1,32256.44
pay_demo_003365,cust_0542,4923.4,INR,netbanking,authentication_failed,1,11,2,22274.34,2026-04-08T03:17:02.168168,3,2,0,0.0
pay_demo_003366,cust_0382,28721.26,INR,debit_card,insufficient_funds,1,7,3,17427.34,2026-07-08T20:49:02.168183,20,2,0,0.0
pay_demo_003367,cust_0782,42688.01,INR,credit_card,authentication_failed,1,18,3,5729.35,2026-05-17T09:35:02.168202,9,6,0,0.0
pay_demo_003368,cust_0533,24720.07,INR,netbanking,upi_failure,1,11,4,13041.79,2026-07-05T14:57:02.168219,14,6,0,0.0
pay_demo_003369,cust_0498,12990.57,INR,upi,network_error,1,17,0,28818.03,2026-03-13T06:11:02.168236,6,4,1,11622.23
pay_demo_003370,cust_0443,39373.82,INR,credit_card,insufficient_funds,1,19,0,20547.52,2026-04-24T11:55:02.168254,11,4,0,0.0
pay_demo_003371,cust_0373,43321.15,INR,upi,bank_timeout,1,7,4,3634.74,2026-06-10T08:02:02.168269,8,2,0,0.0
pay_demo_003372,cust_0316,14296.33,INR,credit_card,card_declined,3,15,4,5110.37,2026-08-08T15:25:02.168287,15,5,0,0.0
pay_demo_003373,cust_0619,835.76,INR,upi,authentication_failed,1,12,0,24106.73,2026-05-21T15:10:02.168306,15,3,1,768.1
pay_demo_003374,cust_0621,1123.7,INR,upi,upi_failure,3,15,1,16144.31,2026-08-21T11:33:02.168325,11,4,1,1058.49
pay_demo_003375,cust_0587,19168.32,INR,credit_card,card_declined,1,1,4,20429.74,2026-07-28T22:11:02.168341,22,1,0,0.0
pay_demo_003376,cust_0186,38131.44,INR,netbanking,insufficient_funds,1,7,5,5616.81,2026-05-26T07:11:02.168358,7,1,0,0.0
pay_demo_003377,cust_0397,28467.17,INR,netbanking,insufficient_funds,2,11,4,29533.27,2026-08-01T02:08:02.168374,2,5,1,27412.13
pay_demo_003378,cust_0373,18223.21,INR,netbanking,network_error,1,15,3,709.83,2026-07-29T02:41:02.168391,2,2,0,0.0
pay_demo_003379,cust_0316,33955.88,INR,upi,card_declined,1,6,5,24347.05,2026-05-14T23:10:02.168407,23,3,1,33784.8
pay_demo_003380,cust_0435,25497.23,INR,netbanking,network_error,1,17,5,20756.68,2026-05-12T22:00:02.168425,22,1,0,0.0
pay_demo_003381,cust_0951,37858.15,INR,debit_card,authentication_failed,1,6,2,15278.16,2026-04-27T05:44:02.168441,5,0,0,0.0
pay_demo_003382,cust_0850,10784.4,INR,credit_card,card_declined,1,15,0,5462.38,2026-07-07T19:31:02.168460,19,1,0,0.0
pay_demo_003383,cust_0406,42014.92,INR,netbanking,upi_failure,1,8,5,10375.97,2026-05-06T03:15:02.168479,3,2,1,38153.2
pay_demo_003384,cust_0634,13112.29,INR,debit_card,card_declined,2,11,2,25337.8,2026-06-27T15:08:02.168497,15,5,0,0.0
pay_demo_003385,cust_0454,45374.8,INR,debit_card,authentication_failed,1,20,1,7969.04,2026-05-26T16:34:02.168513,16,1,1,41938.71
pay_demo_003386,cust_0615,32443.18,INR,debit_card,authentication_failed,2,16,4,12251.73,2026-06-30T03:23:02.168533,3,1,0,0.0
pay_demo_003387,cust_0265,16771.75,INR,upi,insufficient_funds,1,11,2,16841.99,2026-08-19T08:29:02.168549,8,2,1,14274.33
pay_demo_003388,cust_0236,26698.37,INR,credit_card,authentication_failed,1,12,4,6060.42,2026-03-25T20:47:02.168566,20,2,1,24323.88
pay_demo_003389,cust_0389,15286.6,INR,upi,authentication_failed,2,0,3,7031.62,2026-07-05T22:11:02.168584,22,6,0,0.0
pay_demo_003390,cust_0897,13886.85,INR,debit_card,bank_timeout,2,12,1,5712.0,2026-02-28T15:09:02.168600,15,5,1,11864.88
pay_demo_003391,cust_0106,2485.3,INR,credit_card,card_declined,1,7,4,13832.69,2026-04-01T10:49:02.168617,10,2,1,2187.84
pay_demo_003392,cust_0299,46241.36,INR,netbanking,upi_failure,1,8,5,29511.77,2026-05-19T10:15:02.168636,10,1,0,0.0
pay_demo_003393,cust_0039,12532.47,INR,credit_card,card_declined,1,18,4,14498.84,2026-07-30T13:24:02.168655,13,3,0,0.0
pay_demo_003394,cust_0151,39171.47,INR,debit_card,bank_timeout,1,2,0,5781.66,2026-04-24T11:00:02.168672,11,4,1,36133.36
pay_demo_003395,cust_0547,5686.72,INR,debit_card,bank_timeout,1,16,2,17961.02,2026-05-01T08:26:02.168689,8,4,1,5374.39
pay_demo_003396,cust_0208,26014.81,INR,credit_card,bank_timeout,1,8,2,6841.4,2026-06-06T09:07:02.168705,9,5,1,24669.72
pay_demo_003397,cust_0277,35349.56,INR,netbanking,network_error,1,10,0,28402.19,2026-05-31T02:14:02.168723,2,6,1,34122.23
pay_demo_003398,cust_0703,9334.49,INR,upi,insufficient_funds,2,0,5,12402.89,2026-04-14T08:41:02.168740,8,1,0,0.0
pay_demo_003399,cust_0444,37859.62,INR,upi,card_declined,1,17,5,28298.82,2026-07-18T04:51:02.168755,4,5,0,0.0
pay_demo_003400,cust_0245,44175.7,INR,netbanking,bank_timeout,2,18,0,4257.59,2026-04-24T09:46:02.168771,9,4,1,39960.78
pay_demo_003401,cust_0661,29494.83,INR,debit_card,authentication_failed,1,6,1,15197.77,2026-04-21T10:02:02.168791,10,1,1,26550.36
pay_demo_003402,cust_0711,25350.21,INR,upi,card_declined,1,1,5,24178.01,2026-05-16T03:39:02.168808,3,5,0,0.0
pay_demo_003403,cust_0122,44345.09,INR,netbanking,upi_failure,1,1,3,16067.45,2026-04-12T02:21:02.168827,2,6,1,39698.11
pay_demo_003404,cust_0544,36591.4,INR,credit_card,bank_timeout,1,16,2,14141.98,2026-05-09T13:20:02.168845,13,5,1,32665.59
pay_demo_003405,cust_0695,560.5,INR,debit_card,upi_failure,1,15,1,15665.15,2026-03-23T23:50:02.168864,23,0,1,486.32
pay_demo_003406,cust_0463,27793.24,INR,credit_card,authentication_failed,2,8,1,22311.04,2026-08-06T10:31:02.168882,10,3,0,0.0
pay_demo_003407,cust_0763,26059.02,INR,debit_card,upi_failure,3,1,4,17078.06,2026-04-03T13:15:02.168899,13,4,1,24447.1
pay_demo_003408,cust_0025,10155.17,INR,credit_card,authentication_failed,1,20,2,13353.56,2026-06-01T19:35:02.168915,19,0,0,0.0
pay_demo_003409,cust_0635,31324.73,INR,upi,bank_timeout,2,5,1,25085.45,2026-03-14T22:05:02.168931,22,5,1,27238.4
pay_demo_003410,cust_0971,29986.21,INR,netbanking,card_declined,1,0,4,24764.37,2026-07-16T16:40:02.168948,16,3,1,29310.11
pay_demo_003411,cust_0410,17760.69,INR,upi,insufficient_funds,1,19,5,17998.47,2026-05-29T15:11:02.168965,15,4,0,0.0
pay_demo_003412,cust_0814,42111.07,INR,credit_card,authentication_failed,1,5,0,3965.51,2026-03-20T04:40:02.168981,4,4,1,37152.5
pay_demo_003413,cust_0572,48824.33,INR,debit_card,bank_timeout,1,4,1,2812.39,2026-04-13T19:18:02.169000,19,0,0,0.0
pay_demo_003414,cust_0040,37951.56,INR,netbanking,network_error,1,1,2,16086.19,2026-07-27T02:00:02.169015,2,0,1,35484.42
pay_demo_003415,cust_0932,48391.64,INR,debit_card,upi_failure,1,14,1,27499.02,2026-05-28T09:14:02.169032,9,3,1,47118.13
pay_demo_003416,cust_0615,22464.13,INR,credit_card,network_error,2,4,2,25015.32,2026-06-04T03:19:02.169048,3,3,0,0.0
pay_demo_003417,cust_0336,11987.77,INR,upi,upi_failure,2,17,1,14837.58,2026-03-07T17:14:02.169064,17,5,1,11116.06
pay_demo_003418,cust_0142,21942.22,INR,debit_card,insufficient_funds,1,3,4,10627.21,2026-05-27T12:21:02.169080,12,2,0,0.0
pay_demo_003419,cust_0479,34340.94,INR,upi,upi_failure,2,18,0,7688.51,2026-04-18T20:26:02.169096,20,5,0,0.0
pay_demo_003420,cust_0434,36450.96,INR,debit_card,upi_failure,1,16,3,11936.58,2026-03-08T14:02:02.169112,14,6,1,35491.7
pay_demo_003421,cust_0781,14849.73,INR,debit_card,network_error,2,10,5,1398.24,2026-04-03T19:21:02.169129,19,4,1,13190.96
pay_demo_003422,cust_0417,35649.9,INR,upi,insufficient_funds,2,0,3,28016.91,2026-05-14T04:03:02.169146,4,3,0,0.0
pay_demo_003423,cust_0370,17464.15,INR,debit_card,network_error,1,6,2,25897.81,2026-04-19T07:58:02.169164,7,6,0,0.0
pay_demo_003424,cust_0880,3287.75,INR,credit_card,authentication_failed,1,14,2,9350.74,2026-05-04T03:31:02.169182,3,0,0,0.0
pay_demo_003425,cust_0957,24759.38,INR,debit_card,network_error,2,11,2,26441.83,2026-07-28T19:49:02.169198,19,1,1,22955.59
pay_demo_003426,cust_0152,42605.99,INR,credit_card,card_declined,1,19,0,1002.29,2026-08-12T01:44:02.169215,1,2,1,41801.8
pay_demo_003427,cust_0915,18336.57,INR,debit_card,network_error,2,18,5,22247.74,2026-05-01T15:03:02.169231,15,4,1,17565.41
pay_demo_003428,cust_0915,5455.04,INR,netbanking,insufficient_funds,1,18,2,23748.72,2026-03-12T08:55:02.169248,8,3,1,4762.83
pay_demo_003429,cust_0373,29388.94,INR,debit_card,bank_timeout,2,14,3,13679.17,2026-03-21T00:12:02.169278,0,5,1,25072.39
pay_demo_003430,cust_0309,6371.46,INR,credit_card,insufficient_funds,1,15,3,11133.18,2026-08-11T14:10:02.169296,14,1,0,0.0
pay_demo_003431,cust_0377,47432.09,INR,credit_card,upi_failure,1,20,0,2148.52,2026-06-16T12:41:02.169312,12,1,1,44270.87
pay_demo_003432,cust_0810,14631.54,INR,debit_card,network_error,3,11,3,24141.89,2026-07-27T10:27:02.169328,10,0,1,14535.66
pay_demo_003433,cust_0680,10891.54,INR,debit_card,authentication_failed,1,13,3,15514.75,2026-04-06T04:40:02.169348,4,0,0,0.0
pay_demo_003434,cust_0777,587.37,INR,upi,bank_timeout,1,1,2,6427.23,2026-04-28T21:39:02.169365,21,1,0,0.0
pay_demo_003435,cust_0933,16615.52,INR,netbanking,network_error,1,5,0,18959.54,2026-04-01T09:25:02.169380,9,2,0,0.0
pay_demo_003436,cust_0238,11308.76,INR,netbanking,bank_timeout,2,19,5,28983.03,2026-08-10T02:19:02.169395,2,0,0,0.0
pay_demo_003437,cust_0431,1995.13,INR,debit_card,authentication_failed,1,2,0,11372.34,2026-04-08T17:24:02.169411,17,2,1,1719.29
pay_demo_003438,cust_0111,18597.32,INR,credit_card,insufficient_funds,1,12,2,1930.38,2026-03-24T01:50:02.169428,1,1,0,0.0
pay_demo_003439,cust_0703,33957.72,INR,credit_card,authentication_failed,1,18,3,7668.32,2026-03-30T22:51:02.169443,22,0,0,0.0
pay_demo_003440,cust_0932,321.46,INR,credit_card,network_error,1,14,4,5502.01,2026-03-13T21:27:02.169459,21,4,1,298.91
pay_demo_003441,cust_0217,26505.02,INR,debit_card,card_declined,1,13,3,13252.17,2026-06-25T00:06:02.169477,0,3,0,0.0
pay_demo_003442,cust_0280,44057.77,INR,credit_card,authentication_failed,1,7,2,15618.86,2026-08-04T18:44:02.169493,18,1,1,38680.62
pay_demo_003443,cust_0785,20356.93,INR,debit_card,card_declined,1,13,2,8607.01,2026-08-20T15:33:02.169512,15,3,0,0.0
pay_demo_003444,cust_0664,28028.5,INR,credit_card,card_declined,1,13,3,7568.73,2026-03-28T03:42:02.169528,3,5,0,0.0
pay_demo_003445,cust_0531,4827.63,INR,netbanking,card_declined,2,9,2,18476.83,2026-07-15T14:38:02.169544,14,2,1,4484.73
pay_demo_003446,cust_0680,4597.94,INR,debit_card,card_declined,2,6,4,18689.83,2026-06-03T16:57:02.169563,16,2,0,0.0
pay_demo_003447,cust_0830,16486.42,INR,netbanking,card_declined,1,4,1,18643.98,2026-08-25T19:22:02.169579,19,1,1,14950.35
pay_demo_003448,cust_0813,29250.13,INR,upi,network_error,2,12,2,23087.34,2026-03-30T11:38:02.169596,11,0,1,26697.91
pay_demo_003449,cust_0828,26064.16,INR,upi,authentication_failed,3,5,1,17507.89,2026-07-21T16:20:02.169617,16,1,1,25173.2
pay_demo_003450,cust_0646,48743.71,INR,credit_card,upi_failure,1,15,1,5979.3,2026-08-14T16:33:02.169635,16,4,0,0.0
pay_demo_003451,cust_0213,11674.11,INR,debit_card,bank_timeout,3,2,1,15683.09,2026-04-24T14:17:02.169653,14,4,0,0.0
pay_demo_003452,cust_0905,49470.06,INR,debit_card,card_declined,1,1,2,23723.1,2026-06-05T05:38:02.169670,5,4,1,47143.63
pay_demo_003453,cust_0936,44495.77,INR,netbanking,authentication_failed,1,11,3,15321.26,2026-04-06T03:02:02.169689,3,0,0,0.0
pay_demo_003454,cust_0056,44357.28,INR,debit_card,bank_timeout,2,4,3,19297.44,2026-04-27T03:35:02.169709,3,0,0,0.0
pay_demo_003455,cust_0268,32029.55,INR,debit_card,insufficient_funds,3,7,1,14273.32,2026-05-25T10:56:02.169725,10,0,1,28451.98
pay_demo_003456,cust_0445,17885.56,INR,debit_card,upi_failure,1,1,2,4952.3,2026-03-05T07:35:02.169744,7,3,0,0.0
pay_demo_003457,cust_0454,12652.99,INR,upi,upi_failure,1,7,2,2943.25,2026-04-02T21:26:02.169761,21,3,1,12597.97
pay_demo_003458,cust_0356,33599.36,INR,upi,upi_failure,1,20,0,7445.26,2026-06-07T06:42:02.169777,6,6,1,28809.75
pay_demo_003459,cust_0090,31370.22,INR,credit_card,insufficient_funds,2,18,4,26106.93,2026-04-28T10:36:02.169795,10,1,0,0.0
pay_demo_003460,cust_0728,49756.14,INR,credit_card,card_declined,1,1,2,4301.27,2026-07-06T06:56:02.169811,6,0,0,0.0
pay_demo_003461,cust_0002,20230.14,INR,upi,authentication_failed,2,1,0,11227.1,2026-07-26T04:57:02.169828,4,6,0,0.0
pay_demo_003462,cust_0542,13510.11,INR,netbanking,authentication_failed,2,9,4,25040.56,2026-05-15T12:23:02.169844,12,4,1,12696.66
pay_demo_003463,cust_0342,42392.79,INR,netbanking,bank_timeout,2,11,4,18802.88,2026-08-03T20:11:02.169863,20,0,1,37877.52
pay_demo_003464,cust_0325,45197.58,INR,credit_card,bank_timeout,1,0,5,14777.41,2026-05-26T20:48:02.169880,20,1,0,0.0
pay_demo_003465,cust_0042,21519.71,INR,upi,network_error,2,4,0,12342.88,2026-03-30T09:44:02.169896,9,0,1,19386.52
pay_demo_003466,cust_0959,10218.08,INR,netbanking,bank_timeout,1,14,1,29009.59,2026-07-19T22:44:02.169913,22,6,1,9062.15
pay_demo_003467,cust_0625,6487.7,INR,debit_card,insufficient_funds,2,5,3,13037.06,2026-05-30T11:08:02.169931,11,5,0,0.0
pay_demo_003468,cust_0045,8941.58,INR,credit_card,card_declined,1,13,2,10522.7,2026-08-22T10:14:02.169948,10,5,1,7795.55
pay_demo_003469,cust_0465,16427.99,INR,debit_card,insufficient_funds,1,4,0,20396.34,2026-05-16T03:05:02.169964,3,5,1,15129.53
pay_demo_003470,cust_0059,7369.88,INR,debit_card,bank_timeout,1,11,5,25441.03,2026-03-05T10:27:02.169987,10,3,1,6803.24
pay_demo_003471,cust_0437,29036.56,INR,debit_card,card_declined,3,2,1,2955.26,2026-04-16T21:08:02.170006,21,3,0,0.0
pay_demo_003472,cust_0393,22791.27,INR,credit_card,insufficient_funds,3,11,1,17443.31,2026-06-30T01:04:02.170022,1,1,1,20163.48
pay_demo_003473,cust_0645,43278.94,INR,debit_card,network_error,1,18,5,9930.32,2026-08-07T10:41:02.170042,10,4,1,39858.26
pay_demo_003474,cust_0058,44839.95,INR,debit_card,insufficient_funds,1,3,5,16076.38,2026-08-19T19:45:02.170059,19,2,0,0.0
pay_demo_003475,cust_0181,19918.05,INR,debit_card,card_declined,2,10,5,27901.16,2026-06-04T00:55:02.170077,0,3,0,0.0
pay_demo_003476,cust_0588,1422.58,INR,upi,upi_failure,1,20,0,10028.32,2026-06-10T06:30:02.170094,6,2,1,1216.19
pay_demo_003477,cust_0324,5106.61,INR,credit_card,insufficient_funds,1,11,5,7810.48,2026-05-13T17:14:02.170111,17,2,1,4523.01
pay_demo_003478,cust_0324,24203.3,INR,debit_card,authentication_failed,1,14,5,26180.05,2026-08-27T05:10:02.170128,5,3,0,0.0
pay_demo_003479,cust_0554,45005.47,INR,upi,card_declined,2,8,1,13799.7,2026-05-05T22:22:02.170143,22,1,0,0.0
pay_demo_003480,cust_0663,7506.78,INR,netbanking,bank_timeout,2,8,3,2313.89,2026-07-11T13:17:02.170161,13,5,1,7169.05
pay_demo_003481,cust_0638,8646.93,INR,credit_card,insufficient_funds,2,20,4,22473.08,2026-08-04T09:21:02.170179,9,1,1,8440.14
pay_demo_003482,cust_0553,18830.78,INR,upi,card_declined,1,14,2,1585.9,2026-03-26T20:31:02.170195,20,3,0,0.0
pay_demo_003483,cust_0975,37026.94,INR,credit_card,bank_timeout,2,2,0,20726.12,2026-05-27T05:57:02.170218,5,2,0,0.0
pay_demo_003484,cust_0794,19045.51,INR,credit_card,insufficient_funds,2,2,3,17871.31,2026-05-23T14:21:02.170235,14,5,0,0.0
pay_demo_003485,cust_0512,1590.91,INR,debit_card,authentication_failed,1,12,2,21274.12,2026-03-19T14:03:02.170252,14,3,1,1589.18
pay_demo_003486,cust_0364,41436.13,INR,debit_card,network_error,1,11,3,1132.9,2026-04-22T11:07:02.170269,11,2,1,37512.16
pay_demo_003487,cust_0591,13195.79,INR,credit_card,bank_timeout,1,20,2,13048.67,2026-03-13T00:51:02.170287,0,4,1,12107.47
pay_demo_003488,cust_0595,33149.57,INR,credit_card,card_declined,1,4,5,19900.62,2026-08-11T20:27:02.170309,20,1,0,0.0
pay_demo_003489,cust_0447,25724.13,INR,upi,authentication_failed,1,19,1,13362.16,2026-08-27T05:21:02.170326,5,3,1,22127.91
pay_demo_003490,cust_0286,42246.98,INR,upi,network_error,1,14,0,1945.18,2026-07-08T19:31:02.170344,19,2,1,40284.36
pay_demo_003491,cust_0683,8570.8,INR,upi,upi_failure,2,16,3,14215.7,2026-04-24T08:12:02.170361,8,4,0,0.0
pay_demo_003492,cust_0051,4414.42,INR,netbanking,insufficient_funds,1,16,1,26487.77,2026-08-02T20:26:02.170376,20,6,1,3974.65
pay_demo_003493,cust_0664,32870.69,INR,netbanking,upi_failure,1,15,3,6467.27,2026-06-07T04:39:02.170395,4,6,0,0.0
pay_demo_003494,cust_0400,34829.13,INR,upi,network_error,2,4,0,10945.98,2026-07-28T17:39:02.170413,17,1,1,31701.13
pay_demo_003495,cust_0877,46387.31,INR,netbanking,upi_failure,2,19,1,10875.32,2026-08-15T08:40:02.170431,8,5,1,40165.66
pay_demo_003496,cust_0479,37400.98,INR,netbanking,authentication_failed,1,11,4,4059.11,2026-07-25T00:55:02.170447,0,5,1,34540.17
pay_demo_003497,cust_0509,13254.58,INR,netbanking,upi_failure,1,19,1,11527.57,2026-03-23T04:20:02.170464,4,0,1,12614.57
pay_demo_003498,cust_0342,32799.35,INR,debit_card,insufficient_funds,1,11,3,18330.11,2026-03-29T08:14:02.170481,8,6,1,28490.48
pay_demo_003499,cust_0360,7400.85,INR,upi,bank_timeout,1,1,5,11709.0,2026-06-23T10:22:02.170497,10,1,1,6932.3
pay_demo_003500,cust_0153,19199.88,INR,netbanking,bank_timeout,1,18,3,28883.85,2026-04-02T17:49:02.170517,17,3,1,17384.23
pay_demo_003501,cust_0695,2071.07,INR,upi,insufficient_funds,2,15,4,6894.11,2026-06-06T03:37:02.170534,3,5,1,1925.17
pay_demo_003502,cust_0528,39932.55,INR,netbanking,upi_failure,1,10,2,5749.11,2026-03-04T18:59:02.170550,18,2,1,34755.8
pay_demo_003503,cust_0692,13982.94,INR,netbanking,upi_failure,1,3,0,5995.75,2026-07-18T11:25:02.170569,11,5,1,13677.75
pay_demo_003504,cust_0604,10009.0,INR,debit_card,bank_timeout,1,18,1,24118.98,2026-07-23T05:48:02.170585,5,3,1,8631.82
pay_demo_003505,cust_0661,23112.48,INR,netbanking,upi_failure,2,0,1,17245.91,2026-06-18T02:16:02.170601,2,3,1,22457.64
pay_demo_003506,cust_0450,18801.38,INR,upi,upi_failure,1,15,5,19974.92,2026-04-26T05:57:02.170618,5,6,1,17274.75
pay_demo_003507,cust_0209,3893.37,INR,credit_card,authentication_failed,1,9,5,9918.31,2026-05-30T16:30:02.170639,16,5,0,0.0
pay_demo_003508,cust_0948,34844.24,INR,upi,authentication_failed,1,11,0,25782.94,2026-07-22T09:52:02.170655,9,2,0,0.0
pay_demo_003509,cust_0052,31021.26,INR,upi,authentication_failed,2,12,4,21203.97,2026-05-24T09:21:02.170673,9,6,0,0.0
pay_demo_003510,cust_0361,49592.2,INR,credit_card,network_error,1,6,4,3462.39,2026-04-12T11:06:02.170688,11,6,1,48303.67
pay_demo_003511,cust_0472,48828.73,INR,debit_card,upi_failure,1,18,2,7220.96,2026-04-01T03:04:02.170705,3,2,1,43500.93
pay_demo_003512,cust_0822,5486.53,INR,upi,bank_timeout,1,15,5,17993.64,2026-06-22T04:50:02.170721,4,0,1,4950.61
pay_demo_003513,cust_0862,29309.91,INR,upi,bank_timeout,1,16,0,15395.43,2026-03-17T04:36:02.170740,4,1,1,27600.98
pay_demo_003514,cust_0961,31198.1,INR,upi,insufficient_funds,3,20,4,7739.89,2026-05-05T13:49:02.170757,13,1,0,0.0
pay_demo_003515,cust_0542,15472.97,INR,upi,bank_timeout,1,15,0,25725.19,2026-06-12T09:39:02.170775,9,4,1,14070.24
pay_demo_003516,cust_0659,4806.93,INR,netbanking,upi_failure,2,5,3,6027.6,2026-06-03T13:44:02.170792,13,2,0,0.0
pay_demo_003517,cust_0427,49459.31,INR,upi,insufficient_funds,3,7,2,21416.94,2026-05-20T04:17:02.170809,4,2,0,0.0
pay_demo_003518,cust_0713,8646.93,INR,credit_card,network_error,1,15,0,22647.1,2026-06-25T02:44:02.170824,2,3,1,7647.01
pay_demo_003519,cust_0395,19274.64,INR,upi,network_error,2,8,3,20712.82,2026-03-11T22:36:02.170841,22,2,1,16530.1
pay_demo_003520,cust_0811,12641.8,INR,upi,bank_timeout,1,11,0,12039.9,2026-06-02T19:58:02.170858,19,1,1,11238.1
pay_demo_003521,cust_0781,36959.34,INR,credit_card,bank_timeout,2,5,2,19176.69,2026-04-25T13:37:02.170874,13,5,1,31788.96
pay_demo_003522,cust_0527,2271.94,INR,debit_card,card_declined,1,2,4,22092.0,2026-06-03T15:55:02.170891,15,2,1,1996.49
pay_demo_003523,cust_0691,10013.53,INR,netbanking,upi_failure,2,0,1,15777.71,2026-03-28T21:41:02.170911,21,5,0,0.0
pay_demo_003524,cust_0927,21668.5,INR,debit_card,network_error,1,20,4,3417.67,2026-05-24T00:32:02.170928,0,6,0,0.0
pay_demo_003525,cust_0562,8687.68,INR,upi,authentication_failed,1,9,4,5759.3,2026-08-06T05:07:02.170946,5,3,0,0.0
pay_demo_003526,cust_0119,32227.63,INR,upi,authentication_failed,1,18,4,27359.41,2026-06-19T07:55:02.170962,7,4,1,28796.32
pay_demo_003527,cust_0292,540.62,INR,upi,insufficient_funds,2,11,5,21246.53,2026-04-02T05:50:02.170979,5,3,1,506.6
pay_demo_003528,cust_0292,42765.09,INR,netbanking,upi_failure,1,3,1,24713.33,2026-08-20T20:34:02.170996,20,3,1,38287.4
pay_demo_003529,cust_0044,7776.91,INR,debit_card,authentication_failed,1,19,4,15647.95,2026-04-16T11:37:02.171013,11,3,0,0.0
pay_demo_003530,cust_0373,31287.22,INR,upi,authentication_failed,1,14,1,28215.12,2026-03-27T20:47:02.171029,20,4,1,29701.31
pay_demo_003531,cust_0469,44368.38,INR,debit_card,network_error,3,13,2,28719.46,2026-03-03T03:26:02.171048,3,1,0,0.0
pay_demo_003532,cust_0127,49807.97,INR,debit_card,insufficient_funds,2,3,4,19811.63,2026-08-03T20:50:02.171064,20,0,0,0.0
pay_demo_003533,cust_0064,25965.64,INR,credit_card,insufficient_funds,1,12,4,23141.32,2026-06-28T14:51:02.171082,14,6,0,0.0
pay_demo_003534,cust_0557,12685.14,INR,upi,authentication_failed,1,8,3,5637.58,2026-05-19T08:09:02.171098,8,1,1,10937.77
pay_demo_003535,cust_0249,49953.79,INR,credit_card,bank_timeout,3,10,1,28150.17,2026-06-24T18:47:02.171115,18,2,0,0.0
pay_demo_003536,cust_0550,21310.81,INR,upi,card_declined,1,0,2,23296.36,2026-03-22T00:50:02.171131,0,6,0,0.0
pay_demo_003537,cust_0668,49644.19,INR,netbanking,authentication_failed,2,13,5,12156.6,2026-04-29T14:59:02.171147,14,2,1,49430.78
pay_demo_003538,cust_0718,43850.34,INR,netbanking,card_declined,2,2,0,13740.23,2026-06-02T18:12:02.171164,18,1,1,39194.17
pay_demo_003539,cust_0705,2777.6,INR,credit_card,insufficient_funds,1,11,0,1050.77,2026-03-08T04:17:02.171181,4,6,1,2720.5
pay_demo_003540,cust_0990,45877.85,INR,debit_card,card_declined,2,4,2,8657.02,2026-05-09T12:44:02.171197,12,5,0,0.0
pay_demo_003541,cust_0907,3423.63,INR,credit_card,network_error,1,13,5,28628.32,2026-06-29T05:27:02.171214,5,0,1,3073.94
pay_demo_003542,cust_0190,11132.62,INR,upi,network_error,1,16,4,6126.37,2026-05-22T03:50:02.171231,3,4,1,11082.93
pay_demo_003543,cust_0642,8487.32,INR,netbanking,network_error,1,16,0,14604.07,2026-08-17T15:51:02.171249,15,0,0,0.0
pay_demo_003544,cust_0667,43844.9,INR,debit_card,card_declined,2,7,0,15871.4,2026-03-26T12:25:02.171274,12,3,0,0.0
pay_demo_003545,cust_0241,3724.67,INR,upi,authentication_failed,1,18,4,6019.05,2026-08-07T03:50:02.171291,3,4,0,0.0
pay_demo_003546,cust_0327,12622.43,INR,netbanking,authentication_failed,1,0,3,29510.46,2026-03-13T23:31:02.171307,23,4,0,0.0
pay_demo_003547,cust_0491,18872.82,INR,debit_card,network_error,1,18,4,18552.7,2026-05-17T17:12:02.171326,17,6,1,17022.82
pay_demo_003548,cust_0387,25327.52,INR,netbanking,insufficient_funds,2,7,4,28063.74,2026-06-05T05:40:02.171343,5,4,1,21805.57
pay_demo_003549,cust_0800,41195.66,INR,debit_card,authentication_failed,1,5,1,27056.63,2026-03-31T13:41:02.171360,13,1,0,0.0
pay_demo_003550,cust_0104,9968.0,INR,credit_card,authentication_failed,1,10,4,2485.97,2026-06-13T20:25:02.171378,20,5,0,0.0
pay_demo_003551,cust_0424,10566.82,INR,debit_card,bank_timeout,2,3,0,18101.18,2026-04-22T14:41:02.171393,14,2,0,0.0
pay_demo_003552,cust_0110,33691.71,INR,netbanking,insufficient_funds,1,11,5,18359.48,2026-06-03T01:01:02.171418,1,2,0,0.0
pay_demo_003553,cust_0258,3431.3,INR,credit_card,card_declined,2,4,1,7499.11,2026-07-24T10:07:02.171435,10,4,0,0.0
pay_demo_003554,cust_0719,24445.85,INR,netbanking,bank_timeout,3,6,5,5588.43,2026-03-18T06:55:02.171452,6,2,1,21292.07
pay_demo_003555,cust_0083,22179.15,INR,credit_card,upi_failure,2,9,5,13572.05,2026-03-06T00:42:02.171484,0,4,1,21771.03
pay_demo_003556,cust_0978,41090.93,INR,upi,insufficient_funds,1,10,4,12981.79,2026-04-22T17:58:02.171518,17,2,0,0.0
pay_demo_003557,cust_0090,15429.5,INR,credit_card,insufficient_funds,3,3,0,29891.19,2026-04-21T11:52:02.171547,11,1,1,15369.3
pay_demo_003558,cust_0056,40857.28,INR,debit_card,network_error,2,0,0,7428.85,2026-04-13T20:30:02.171577,20,0,0,0.0
pay_demo_003559,cust_0821,1131.88,INR,netbanking,upi_failure,1,11,5,3234.05,2026-08-18T22:54:02.171617,22,1,0,0.0
pay_demo_003560,cust_0070,25139.83,INR,debit_card,bank_timeout,2,0,4,3073.69,2026-08-16T19:29:02.171649,19,6,1,22356.06
pay_demo_003561,cust_0433,3321.52,INR,netbanking,network_error,1,20,1,5919.64,2026-08-11T14:26:02.171681,14,1,1,3125.51
pay_demo_003562,cust_0490,43121.57,INR,upi,insufficient_funds,1,0,2,6037.38,2026-06-09T02:31:02.171712,2,1,0,0.0
pay_demo_003563,cust_0262,10809.65,INR,credit_card,upi_failure,1,3,0,12635.07,2026-08-11T22:11:02.171740,22,1,0,0.0
pay_demo_003564,cust_0022,14852.59,INR,netbanking,bank_timeout,1,20,2,3760.49,2026-07-27T16:41:02.171766,16,0,1,13440.97
pay_demo_003565,cust_0984,37310.89,INR,debit_card,insufficient_funds,1,15,1,20696.66,2026-07-26T02:48:02.171797,2,6,1,35054.31
pay_demo_003566,cust_0366,21278.51,INR,netbanking,insufficient_funds,1,15,3,23949.87,2026-08-08T01:29:02.171828,1,5,0,0.0
pay_demo_003567,cust_0820,38260.78,INR,netbanking,authentication_failed,1,14,3,12993.82,2026-05-07T12:07:02.171866,12,3,0,0.0
pay_demo_003568,cust_0066,11043.33,INR,netbanking,card_declined,1,4,1,18390.91,2026-08-06T06:26:02.171904,6,3,0,0.0
pay_demo_003569,cust_0229,30813.26,INR,credit_card,bank_timeout,1,15,1,1645.63,2026-05-27T20:25:02.171931,20,2,0,0.0
pay_demo_003570,cust_0259,16090.44,INR,netbanking,network_error,2,2,5,22228.06,2026-05-03T00:48:02.171958,0,6,0,0.0
pay_demo_003571,cust_0288,5850.77,INR,upi,card_declined,3,18,5,12380.82,2026-06-09T00:19:02.171986,0,1,0,0.0
pay_demo_003572,cust_0042,12549.16,INR,upi,upi_failure,2,10,4,10277.82,2026-07-09T05:56:02.172013,5,3,0,0.0
pay_demo_003573,cust_0786,49226.08,INR,debit_card,insufficient_funds,1,4,0,11170.06,2026-06-17T14:24:02.172048,14,2,0,0.0
pay_demo_003574,cust_0196,38406.93,INR,credit_card,card_declined,1,18,2,7924.04,2026-05-14T16:29:02.172078,16,3,1,34454.93
pay_demo_003575,cust_0431,44840.99,INR,upi,insufficient_funds,3,14,5,2703.75,2026-05-29T17:33:02.172107,17,4,0,0.0
pay_demo_003576,cust_0573,32905.17,INR,credit_card,bank_timeout,1,11,2,20632.03,2026-05-30T00:41:02.172141,0,5,0,0.0
pay_demo_003577,cust_0774,11108.47,INR,debit_card,upi_failure,1,1,3,22885.92,2026-04-17T01:25:02.172178,1,4,0,0.0
pay_demo_003578,cust_0694,20776.35,INR,netbanking,authentication_failed,3,16,4,29175.42,2026-03-30T18:21:02.172210,18,0,1,19890.68
pay_demo_003579,cust_0748,6944.13,INR,upi,bank_timeout,2,14,1,20534.52,2026-08-25T16:01:02.172241,16,1,0,0.0
pay_demo_003580,cust_0788,37853.61,INR,debit_card,card_declined,2,2,0,23577.59,2026-06-13T11:56:02.172272,11,5,0,0.0
pay_demo_003581,cust_0705,22290.94,INR,netbanking,network_error,1,8,0,28307.02,2026-08-22T01:43:02.172307,1,5,1,20792.83
pay_demo_003582,cust_0419,24277.07,INR,netbanking,upi_failure,3,4,3,4219.45,2026-06-14T14:10:02.172344,14,6,1,24084.86
pay_demo_003583,cust_0510,3152.85,INR,debit_card,network_error,1,15,0,3891.92,2026-08-23T20:30:02.172374,20,6,1,2898.98
pay_demo_003584,cust_0798,886.23,INR,credit_card,insufficient_funds,1,1,5,8915.33,2026-06-13T16:12:02.172400,16,5,0,0.0
pay_demo_003585,cust_0773,1651.58,INR,credit_card,insufficient_funds,1,12,5,12982.77,2026-04-14T05:23:02.172427,5,1,0,0.0
pay_demo_003586,cust_0896,24247.65,INR,debit_card,network_error,2,1,1,19353.07,2026-08-13T15:11:02.172456,15,3,0,0.0
pay_demo_003587,cust_0984,11533.47,INR,upi,card_declined,1,19,5,15256.23,2026-03-29T05:53:02.172486,5,6,0,0.0
pay_demo_003588,cust_0268,20316.38,INR,credit_card,upi_failure,1,9,4,4075.75,2026-03-06T17:59:02.172519,17,4,0,0.0
pay_demo_003589,cust_0096,25680.55,INR,debit_card,insufficient_funds,1,2,2,27708.64,2026-03-04T11:10:02.172546,11,2,0,0.0
pay_demo_003590,cust_0381,5025.49,INR,upi,insufficient_funds,1,19,0,26977.33,2026-04-28T23:01:02.172571,23,1,1,4456.9
pay_demo_003591,cust_0248,45195.72,INR,netbanking,upi_failure,1,4,2,26704.83,2026-03-06T08:44:02.172599,8,4,1,38608.45
pay_demo_003592,cust_0833,39738.59,INR,debit_card,insufficient_funds,1,10,0,26322.51,2026-03-09T19:49:02.172631,19,0,1,34513.79
pay_demo_003593,cust_0842,16960.54,INR,upi,authentication_failed,1,18,0,19382.29,2026-08-20T12:02:02.172661,12,3,0,0.0
pay_demo_003594,cust_0501,5302.55,INR,netbanking,authentication_failed,1,1,0,11134.18,2026-07-26T18:58:02.172687,18,6,0,0.0
pay_demo_003595,cust_0692,15602.74,INR,credit_card,authentication_failed,2,14,5,29596.82,2026-06-26T00:14:02.172715,0,4,0,0.0
pay_demo_003596,cust_0375,40851.85,INR,debit_card,authentication_failed,1,13,0,4148.96,2026-05-15T20:19:02.172752,20,4,0,0.0
pay_demo_003597,cust_0321,33470.16,INR,debit_card,upi_failure,2,13,5,3015.5,2026-06-18T13:42:02.172785,13,3,1,29502.21
pay_demo_003598,cust_0782,38744.15,INR,debit_card,network_error,3,12,4,4253.95,2026-03-16T04:39:02.172820,4,0,1,33281.38
pay_demo_003599,cust_0110,13631.63,INR,debit_card,bank_timeout,1,6,1,6248.18,2026-04-07T12:25:02.172854,12,1,1,12057.16
pay_demo_003600,cust_0357,25656.57,INR,credit_card,authentication_failed,2,20,2,26338.91,2026-07-15T07:29:02.172892,7,2,0,0.0
pay_demo_003601,cust_0031,16935.95,INR,netbanking,upi_failure,1,15,5,20136.76,2026-08-05T05:19:02.172972,5,2,0,0.0
pay_demo_003602,cust_0904,44608.16,INR,netbanking,insufficient_funds,1,9,1,11064.79,2026-06-17T01:18:02.173018,1,2,0,0.0
pay_demo_003603,cust_0485,24718.56,INR,netbanking,upi_failure,1,8,4,12020.29,2026-03-30T17:00:02.173050,17,0,0,0.0
pay_demo_003604,cust_0314,21471.47,INR,upi,bank_timeout,1,12,4,16196.15,2026-04-19T19:38:02.173083,19,6,0,0.0
pay_demo_003605,cust_0305,27407.57,INR,credit_card,authentication_failed,1,11,2,24168.64,2026-04-22T09:25:02.173127,9,2,0,0.0
pay_demo_003606,cust_0234,39300.84,INR,debit_card,authentication_failed,2,20,3,1110.58,2026-08-02T19:55:02.173164,19,6,0,0.0
pay_demo_003607,cust_0023,44320.46,INR,debit_card,bank_timeout,1,11,2,24389.87,2026-05-29T00:50:02.173200,0,4,0,0.0
pay_demo_003608,cust_0618,21866.18,INR,upi,card_declined,1,19,1,4669.4,2026-03-19T00:46:02.173247,0,3,1,20123.67
pay_demo_003609,cust_0451,28270.58,INR,netbanking,insufficient_funds,1,3,5,14569.26,2026-07-07T20:19:02.173308,20,1,1,25701.81
pay_demo_003610,cust_0059,11036.81,INR,debit_card,bank_timeout,1,7,5,20571.73,2026-03-03T05:43:02.173352,5,1,0,0.0
pay_demo_003611,cust_0253,33764.53,INR,debit_card,upi_failure,2,14,4,17409.61,2026-07-19T02:03:02.173395,2,6,1,29929.54
pay_demo_003612,cust_0093,39360.64,INR,netbanking,network_error,2,18,3,21914.31,2026-06-02T14:24:02.173441,14,1,1,37581.44
pay_demo_003613,cust_0918,17846.34,INR,debit_card,card_declined,2,3,1,13734.45,2026-07-09T00:56:02.173491,0,3,0,0.0
pay_demo_003614,cust_0505,35539.6,INR,debit_card,authentication_failed,2,4,3,22015.75,2026-04-14T16:54:02.173540,16,1,0,0.0
pay_demo_003615,cust_0871,7424.27,INR,debit_card,bank_timeout,1,19,1,12127.08,2026-03-10T19:32:02.173583,19,1,1,6742.12
pay_demo_003616,cust_0473,20551.02,INR,debit_card,authentication_failed,1,8,0,8705.87,2026-05-20T13:20:02.173623,13,2,1,18598.42
pay_demo_003617,cust_0083,8335.85,INR,netbanking,insufficient_funds,1,3,0,10831.34,2026-07-24T01:07:02.173661,1,4,0,0.0
pay_demo_003618,cust_0824,6736.6,INR,credit_card,bank_timeout,1,20,2,20535.54,2026-06-02T05:40:02.173700,5,1,1,5897.6
pay_demo_003619,cust_0970,46616.59,INR,credit_card,card_declined,2,13,3,14704.82,2026-06-19T18:49:02.173738,18,4,0,0.0
pay_demo_003620,cust_0640,10667.75,INR,debit_card,insufficient_funds,2,7,5,29846.0,2026-05-03T17:16:02.173775,17,6,0,0.0
pay_demo_003621,cust_0807,6833.05,INR,netbanking,network_error,3,19,3,23207.23,2026-04-01T18:57:02.173806,18,2,1,6653.55
pay_demo_003622,cust_0353,6160.75,INR,upi,insufficient_funds,1,15,3,22819.41,2026-08-10T15:50:02.173842,15,0,1,6062.83
pay_demo_003623,cust_0642,12718.78,INR,netbanking,network_error,1,12,2,6888.99,2026-04-22T21:39:02.173874,21,2,1,12532.97
pay_demo_003624,cust_0488,12581.59,INR,upi,upi_failure,1,17,4,17003.25,2026-08-11T06:33:02.173915,6,1,0,0.0
pay_demo_003625,cust_0228,1710.0,INR,debit_card,bank_timeout,1,6,1,14278.64,2026-06-30T20:54:02.173952,20,1,1,1610.56
pay_demo_003626,cust_0198,44476.6,INR,debit_card,bank_timeout,2,16,2,2024.3,2026-07-18T02:18:02.173998,2,5,1,40833.09
pay_demo_003627,cust_0935,49884.64,INR,upi,network_error,1,17,5,1046.85,2026-03-25T22:32:02.174041,22,2,0,0.0
pay_demo_003628,cust_0155,8806.51,INR,netbanking,bank_timeout,2,3,4,17738.13,2026-06-17T12:51:02.174080,12,2,1,7809.58
pay_demo_003629,cust_0659,35043.88,INR,netbanking,bank_timeout,1,6,0,24479.36,2026-03-22T04:29:02.174132,4,6,1,33580.35
pay_demo_003630,cust_0969,17668.83,INR,netbanking,upi_failure,1,19,0,6332.17,2026-07-08T23:10:02.174183,23,2,1,17499.07
pay_demo_003631,cust_0539,27013.76,INR,netbanking,bank_timeout,2,9,0,14213.28,2026-08-24T18:12:02.174232,18,0,1,25936.9
pay_demo_003632,cust_0125,47351.48,INR,upi,bank_timeout,1,20,4,12984.31,2026-03-14T12:29:02.174281,12,5,1,45225.41
pay_demo_003633,cust_0497,16362.19,INR,debit_card,bank_timeout,1,18,0,9457.99,2026-08-16T14:23:02.174339,14,6,1,15942.12
pay_demo_003634,cust_0449,8963.58,INR,credit_card,card_declined,1,9,5,12103.71,2026-05-05T18:30:02.174394,18,1,1,8196.18
pay_demo_003635,cust_0348,5398.32,INR,upi,upi_failure,2,4,0,9599.7,2026-07-01T03:27:02.174442,3,2,1,4807.52
pay_demo_003636,cust_0679,16332.84,INR,upi,authentication_failed,3,8,3,4813.98,2026-04-25T11:46:02.174492,11,5,0,0.0
pay_demo_003637,cust_0679,9830.27,INR,debit_card,network_error,2,18,2,3645.27,2026-05-23T09:46:02.174538,9,5,1,9784.05
pay_demo_003638,cust_0453,27884.46,INR,netbanking,network_error,1,11,4,9782.63,2026-06-19T04:58:02.174583,4,4,0,0.0
pay_demo_003639,cust_0981,37621.64,INR,upi,card_declined,1,13,3,19412.64,2026-05-10T14:57:02.174630,14,6,0,0.0
pay_demo_003640,cust_0517,22490.44,INR,credit_card,authentication_failed,1,17,4,26836.64,2026-07-03T09:32:02.174671,9,4,1,19293.6
pay_demo_003641,cust_0991,8173.36,INR,credit_card,bank_timeout,1,8,2,20435.76,2026-03-28T07:53:02.174699,7,5,1,8083.01
pay_demo_003642,cust_0265,49112.4,INR,netbanking,network_error,1,14,0,9135.4,2026-04-26T03:25:02.174718,3,6,1,43225.59
pay_demo_003643,cust_0353,3599.96,INR,netbanking,upi_failure,1,18,1,29579.63,2026-03-02T05:54:02.174745,5,0,1,3468.66
pay_demo_003644,cust_0854,48544.02,INR,credit_card,authentication_failed,3,5,3,28608.46,2026-06-01T08:55:02.174764,8,0,1,42289.0
pay_demo_003645,cust_0399,44573.09,INR,credit_card,bank_timeout,1,7,0,1292.49,2026-06-01T09:20:02.174784,9,0,0,0.0
pay_demo_003646,cust_0519,43153.63,INR,debit_card,network_error,1,7,1,21316.36,2026-07-12T13:13:02.174801,13,6,1,39194.46
pay_demo_003647,cust_0021,543.98,INR,upi,upi_failure,2,17,1,12514.3,2026-03-25T22:18:02.174819,22,2,1,540.2
pay_demo_003648,cust_0032,10268.79,INR,debit_card,bank_timeout,2,7,5,12467.04,2026-03-13T17:54:02.174837,17,4,1,9634.65
pay_demo_003649,cust_0331,21797.41,INR,debit_card,network_error,2,19,3,26039.41,2026-05-07T23:15:02.174854,23,3,1,20157.16
pay_demo_003650,cust_0045,21424.27,INR,upi,card_declined,1,12,0,25031.18,2026-06-27T16:07:02.174875,16,5,0,0.0
pay_demo_003651,cust_0456,1763.06,INR,upi,upi_failure,2,2,5,26096.69,2026-04-25T14:05:02.174891,14,5,0,0.0
pay_demo_003652,cust_0973,14328.84,INR,netbanking,network_error,1,20,3,7531.67,2026-03-01T09:35:02.174908,9,6,1,12580.27
pay_demo_003653,cust_0082,45345.96,INR,netbanking,authentication_failed,1,9,0,22302.07,2026-06-23T12:09:02.174931,12,1,1,41955.85
pay_demo_003654,cust_0440,6272.57,INR,credit_card,upi_failure,2,15,2,2478.52,2026-07-15T08:30:02.174948,8,2,0,0.0
pay_demo_003655,cust_0371,44142.46,INR,upi,upi_failure,1,19,4,15266.81,2026-07-14T10:49:02.174964,10,1,1,42214.33
pay_demo_003656,cust_0703,28683.28,INR,upi,authentication_failed,1,6,5,6954.68,2026-03-31T07:05:02.174980,7,1,0,0.0
pay_demo_003657,cust_0861,40895.97,INR,credit_card,bank_timeout,1,0,0,14100.27,2026-07-27T17:07:02.174997,17,0,1,40710.95
pay_demo_003658,cust_0678,34862.8,INR,debit_card,authentication_failed,1,16,2,27728.37,2026-05-30T10:33:02.175015,10,5,1,34463.59
pay_demo_003659,cust_0495,3739.35,INR,debit_card,bank_timeout,2,14,5,21024.04,2026-05-20T23:44:02.175034,23,2,1,3355.5
pay_demo_003660,cust_0562,29537.01,INR,credit_card,network_error,1,3,3,20725.85,2026-06-09T12:34:02.175052,12,1,1,27999.2
pay_demo_003661,cust_0504,46047.13,INR,netbanking,card_declined,2,15,5,13274.2,2026-05-17T15:32:02.175070,15,6,1,45858.32
pay_demo_003662,cust_0048,28194.51,INR,credit_card,bank_timeout,1,10,5,4620.51,2026-05-08T14:41:02.175091,14,4,1,27688.97
pay_demo_003663,cust_0949,9415.26,INR,netbanking,upi_failure,1,18,4,16349.95,2026-04-23T07:54:02.175111,7,3,1,8840.86
pay_demo_003664,cust_0514,24485.0,INR,credit_card,card_declined,1,8,1,5415.03,2026-05-09T21:19:02.175128,21,5,1,23382.56
pay_demo_003665,cust_0371,34678.61,INR,netbanking,network_error,1,17,3,23617.27,2026-06-29T03:29:02.175145,3,0,1,31722.92
pay_demo_003666,cust_0703,13926.34,INR,upi,card_declined,2,4,2,12739.12,2026-05-09T17:25:02.175161,17,5,0,0.0
pay_demo_003667,cust_0039,12438.55,INR,upi,upi_failure,1,6,0,16547.58,2026-07-10T05:10:02.175178,5,4,1,12247.78
pay_demo_003668,cust_0248,41075.71,INR,upi,bank_timeout,2,16,2,20223.23,2026-05-17T12:46:02.175195,12,6,0,0.0
pay_demo_003669,cust_0514,26682.5,INR,debit_card,network_error,1,11,1,21047.62,2026-05-28T19:26:02.175210,19,3,1,24251.84
pay_demo_003670,cust_0352,3926.02,INR,credit_card,card_declined,1,8,2,13917.27,2026-04-16T17:42:02.175231,17,3,0,0.0
pay_demo_003671,cust_0075,46885.48,INR,credit_card,authentication_failed,1,2,5,7625.31,2026-05-30T11:35:02.175248,11,5,1,46279.72
pay_demo_003672,cust_0443,48674.16,INR,credit_card,authentication_failed,3,17,5,24265.61,2026-05-29T01:06:02.175265,1,4,0,0.0
pay_demo_003673,cust_0763,26952.47,INR,debit_card,bank_timeout,1,17,1,10147.11,2026-03-06T11:05:02.175296,11,4,1,23095.21
pay_demo_003674,cust_0126,30080.29,INR,upi,authentication_failed,1,8,3,28061.01,2026-06-10T03:32:02.175316,3,2,0,0.0
pay_demo_003675,cust_0432,35243.32,INR,credit_card,network_error,1,17,2,4552.95,2026-04-15T12:09:02.175332,12,2,1,30574.93
pay_demo_003676,cust_0990,29574.77,INR,credit_card,card_declined,1,19,0,3168.45,2026-08-26T19:21:02.175352,19,2,1,29521.75
pay_demo_003677,cust_0837,42489.99,INR,upi,network_error,2,19,2,25753.82,2026-03-07T19:09:02.175370,19,5,1,36174.03
pay_demo_003678,cust_0553,47764.35,INR,netbanking,insufficient_funds,1,4,0,23387.44,2026-05-26T03:58:02.175388,3,1,0,0.0
pay_demo_003679,cust_0586,2264.99,INR,debit_card,upi_failure,2,12,1,24874.66,2026-06-19T10:18:02.175406,10,4,1,1987.37
pay_demo_003680,cust_0037,4873.75,INR,debit_card,card_declined,1,20,1,18247.95,2026-03-07T13:00:02.175424,13,5,0,0.0
pay_demo_003681,cust_0535,7951.81,INR,credit_card,authentication_failed,1,4,2,7597.18,2026-04-12T21:45:02.175440,21,6,0,0.0
pay_demo_003682,cust_0015,11903.87,INR,netbanking,upi_failure,1,19,4,25226.43,2026-08-11T02:45:02.175456,2,1,0,0.0
pay_demo_003683,cust_0916,8149.32,INR,credit_card,upi_failure,1,6,2,1953.47,2026-06-17T13:02:02.175474,13,2,1,7855.9
pay_demo_003684,cust_0764,30092.4,INR,credit_card,insufficient_funds,1,18,5,28237.67,2026-04-05T04:12:02.175491,4,6,0,0.0
pay_demo_003685,cust_0477,1417.29,INR,debit_card,upi_failure,1,6,0,1209.43,2026-03-22T23:33:02.175509,23,6,1,1307.64
pay_demo_003686,cust_0686,27951.66,INR,credit_card,authentication_failed,1,7,1,22816.48,2026-04-24T08:22:02.175529,8,4,0,0.0
pay_demo_003687,cust_0659,11186.46,INR,netbanking,upi_failure,1,14,3,2413.71,2026-07-26T09:40:02.175546,9,6,0,0.0
pay_demo_003688,cust_0488,47361.28,INR,debit_card,upi_failure,1,3,2,14310.51,2026-08-03T18:04:02.175562,18,0,1,43025.12
pay_demo_003689,cust_0439,5466.49,INR,credit_card,network_error,1,18,5,26163.87,2026-03-25T15:51:02.175587,15,2,1,5025.89
pay_demo_003690,cust_0053,41646.98,INR,upi,upi_failure,1,20,0,6626.98,2026-06-23T16:22:02.175605,16,1,1,36958.95
pay_demo_003691,cust_0052,21945.87,INR,netbanking,network_error,2,17,4,19499.0,2026-06-04T07:51:02.175623,7,3,1,21589.16
pay_demo_003692,cust_0832,22433.86,INR,credit_card,insufficient_funds,2,18,0,25024.72,2026-03-26T04:07:02.175641,4,3,0,0.0
pay_demo_003693,cust_0045,11208.16,INR,upi,authentication_failed,1,4,3,10725.8,2026-06-26T05:18:02.175660,5,4,0,0.0
pay_demo_003694,cust_0807,18259.05,INR,netbanking,authentication_failed,2,9,1,2986.14,2026-08-05T10:19:02.175679,10,2,0,0.0
pay_demo_003695,cust_0192,49154.6,INR,upi,authentication_failed,1,20,5,20352.75,2026-03-27T22:00:02.175696,22,4,1,41809.84
pay_demo_003696,cust_0283,41741.18,INR,credit_card,card_declined,1,6,3,8377.85,2026-06-24T17:10:02.175713,17,2,0,0.0
pay_demo_003697,cust_0165,37487.69,INR,netbanking,network_error,1,4,1,20855.54,2026-08-26T03:59:02.175732,3,2,1,34470.24
pay_demo_003698,cust_0154,8424.47,INR,netbanking,card_declined,2,7,2,5137.71,2026-04-19T22:08:02.175750,22,6,0,0.0
pay_demo_003699,cust_0643,25462.09,INR,netbanking,network_error,1,15,0,2163.16,2026-07-03T17:28:02.175767,17,4,1,24509.59
pay_demo_003700,cust_0224,2166.72,INR,upi,network_error,1,1,5,12978.37,2026-03-18T19:41:02.175784,19,2,1,2008.92
pay_demo_003701,cust_0882,21321.6,INR,netbanking,card_declined,2,9,3,11405.45,2026-05-14T20:32:02.175804,20,3,0,0.0
pay_demo_003702,cust_0170,27726.45,INR,debit_card,card_declined,1,7,2,8589.42,2026-05-12T03:49:02.175823,3,1,1,24483.37
pay_demo_003703,cust_0729,14494.69,INR,netbanking,upi_failure,1,13,4,8908.85,2026-08-11T13:44:02.175842,13,1,1,13948.02
pay_demo_003704,cust_0753,10194.66,INR,upi,card_declined,1,6,2,29199.59,2026-08-10T07:39:02.175862,7,0,0,0.0
pay_demo_003705,cust_0111,39422.88,INR,netbanking,card_declined,1,12,2,21257.25,2026-04-05T12:04:02.175879,12,6,1,36938.74
pay_demo_003706,cust_0336,39495.64,INR,upi,bank_timeout,2,20,1,21307.5,2026-05-05T00:42:02.175896,0,1,1,34480.36
pay_demo_003707,cust_0584,42181.78,INR,debit_card,network_error,1,4,0,756.79,2026-07-18T18:06:02.175912,18,5,1,36663.66
pay_demo_003708,cust_0095,36671.16,INR,debit_card,upi_failure,1,18,5,11363.85,2026-07-08T09:21:02.175930,9,2,1,31888.11
pay_demo_003709,cust_0497,19945.64,INR,upi,upi_failure,1,4,3,9553.11,2026-08-13T18:23:02.175949,18,3,1,19485.66
pay_demo_003710,cust_0048,27347.14,INR,credit_card,card_declined,1,18,4,4710.93,2026-08-23T04:13:02.175966,4,6,1,24066.78
pay_demo_003711,cust_0654,37909.03,INR,debit_card,authentication_failed,1,4,1,18416.99,2026-05-25T22:57:02.175983,22,0,1,36295.81
pay_demo_003712,cust_0690,33418.99,INR,debit_card,network_error,1,4,4,8178.85,2026-05-02T10:19:02.176001,10,5,1,31646.5
pay_demo_003713,cust_0606,40537.46,INR,credit_card,network_error,1,17,3,16385.66,2026-07-04T02:20:02.176021,2,5,1,36244.9
pay_demo_003714,cust_0511,20263.15,INR,upi,bank_timeout,3,14,4,5096.96,2026-06-11T11:35:02.176038,11,3,1,20204.01
pay_demo_003715,cust_0387,30456.8,INR,credit_card,card_declined,2,0,5,29048.78,2026-03-18T14:49:02.176055,14,2,0,0.0
pay_demo_003716,cust_0531,20542.04,INR,credit_card,authentication_failed,2,0,4,10145.89,2026-04-01T18:41:02.176072,18,2,0,0.0
pay_demo_003717,cust_0807,31733.94,INR,credit_card,network_error,1,5,3,11719.52,2026-07-21T17:11:02.176087,17,1,1,31320.3
pay_demo_003718,cust_0147,16504.24,INR,credit_card,card_declined,1,9,5,24923.31,2026-05-14T06:10:02.176104,6,3,0,0.0
pay_demo_003719,cust_0735,30365.78,INR,credit_card,card_declined,3,8,3,5716.65,2026-03-08T02:47:02.176120,2,6,0,0.0
pay_demo_003720,cust_0260,31974.07,INR,netbanking,card_declined,1,1,2,3453.84,2026-06-12T04:16:02.176136,4,4,0,0.0
pay_demo_003721,cust_0762,19439.49,INR,upi,card_declined,2,12,1,15313.53,2026-04-09T11:14:02.176152,11,3,0,0.0
pay_demo_003722,cust_0757,37361.25,INR,netbanking,network_error,3,8,2,18320.09,2026-06-23T23:14:02.176170,23,1,0,0.0
pay_demo_003723,cust_0252,34073.01,INR,debit_card,bank_timeout,1,13,4,21364.65,2026-05-13T21:48:02.176189,21,2,0,0.0
pay_demo_003724,cust_0684,15124.84,INR,upi,network_error,3,7,5,19845.33,2026-08-02T06:47:02.176205,6,6,0,0.0
pay_demo_003725,cust_0558,1577.43,INR,netbanking,network_error,2,8,3,12914.43,2026-08-10T19:21:02.176220,19,0,0,0.0
pay_demo_003726,cust_0853,39541.29,INR,credit_card,card_declined,3,19,1,19133.31,2026-03-24T06:11:02.176237,6,1,0,0.0
pay_demo_003727,cust_0003,4734.74,INR,credit_card,insufficient_funds,2,0,0,11873.89,2026-08-03T07:14:02.176253,7,0,0,0.0
pay_demo_003728,cust_0376,9182.95,INR,upi,authentication_failed,1,18,0,11232.47,2026-07-03T21:03:02.176269,21,4,1,8073.9
pay_demo_003729,cust_0834,41333.31,INR,credit_card,authentication_failed,1,0,4,16822.74,2026-08-07T18:31:02.176287,18,4,0,0.0
pay_demo_003730,cust_0047,9342.83,INR,upi,network_error,1,13,3,6025.28,2026-07-30T18:23:02.176303,18,3,1,8428.66
pay_demo_003731,cust_0019,44898.78,INR,credit_card,bank_timeout,1,14,3,19250.32,2026-05-17T05:18:02.176319,5,6,1,42805.99
pay_demo_003732,cust_0008,35017.98,INR,upi,authentication_failed,1,2,3,11598.43,2026-06-01T17:10:02.176337,17,0,0,0.0
pay_demo_003733,cust_0776,8873.36,INR,debit_card,upi_failure,1,8,1,23632.66,2026-04-19T08:55:02.176355,8,6,1,8038.45
pay_demo_003734,cust_0075,15768.28,INR,netbanking,upi_failure,1,3,0,14223.29,2026-03-20T22:05:02.176376,22,4,1,15095.44
pay_demo_003735,cust_0566,22719.36,INR,credit_card,card_declined,1,5,0,25391.1,2026-08-14T22:23:02.176393,22,4,0,0.0
pay_demo_003736,cust_0244,32908.08,INR,upi,network_error,2,6,2,18999.43,2026-04-04T03:55:02.176409,3,5,0,0.0
pay_demo_003737,cust_0184,41901.3,INR,credit_card,bank_timeout,1,0,0,11552.41,2026-03-27T01:49:02.176425,1,4,1,36734.55
pay_demo_003738,cust_0715,3988.78,INR,credit_card,insufficient_funds,1,11,1,21486.27,2026-05-21T18:39:02.176442,18,3,1,3478.75
pay_demo_003739,cust_0890,2337.97,INR,credit_card,bank_timeout,1,3,3,14286.01,2026-05-31T00:44:02.176458,0,6,0,0.0
pay_demo_003740,cust_0170,26550.78,INR,credit_card,insufficient_funds,2,15,5,1283.88,2026-08-06T11:34:02.176474,11,3,1,24581.52
pay_demo_003741,cust_0116,40199.6,INR,netbanking,authentication_failed,1,4,4,708.25,2026-06-07T20:41:02.176491,20,6,0,0.0
pay_demo_003742,cust_0194,25458.61,INR,debit_card,insufficient_funds,1,7,0,5533.65,2026-08-17T04:26:02.176508,4,0,1,22781.13
pay_demo_003743,cust_0495,34351.32,INR,debit_card,insufficient_funds,1,0,2,28390.0,2026-08-24T12:12:02.176529,12,0,1,30215.69
pay_demo_003744,cust_0623,26190.91,INR,upi,bank_timeout,1,0,3,10009.38,2026-06-07T23:29:02.176548,23,6,0,0.0
pay_demo_003745,cust_0266,25189.67,INR,credit_card,network_error,1,15,3,2337.4,2026-04-22T07:46:02.176564,7,2,1,23059.24
pay_demo_003746,cust_0625,24708.45,INR,upi,network_error,1,7,0,19687.14,2026-05-19T15:20:02.176584,15,1,1,22092.25
pay_demo_003747,cust_0042,17119.18,INR,credit_card,upi_failure,1,0,0,15177.74,2026-07-17T09:52:02.176601,9,4,0,0.0
pay_demo_003748,cust_0466,32133.8,INR,netbanking,insufficient_funds,2,4,4,6028.25,2026-08-21T20:08:02.176617,20,4,0,0.0
pay_demo_003749,cust_0707,27447.75,INR,credit_card,insufficient_funds,1,3,0,22666.49,2026-08-11T17:46:02.176633,17,1,0,0.0
pay_demo_003750,cust_0029,21473.45,INR,credit_card,card_declined,1,2,4,18097.87,2026-05-26T23:51:02.176649,23,1,0,0.0
pay_demo_003751,cust_0311,2264.58,INR,debit_card,bank_timeout,1,15,5,21541.09,2026-06-19T08:11:02.176664,8,4,1,1951.27
pay_demo_003752,cust_0091,23152.24,INR,netbanking,upi_failure,1,14,4,13351.09,2026-04-19T06:37:02.176681,6,6,0,0.0
pay_demo_003753,cust_0975,9923.08,INR,upi,insufficient_funds,2,8,0,13711.01,2026-03-11T05:01:02.176702,5,2,0,0.0
pay_demo_003754,cust_0316,31809.05,INR,upi,insufficient_funds,1,16,0,17537.7,2026-07-27T20:14:02.176719,20,0,1,31564.9
pay_demo_003755,cust_0281,41083.12,INR,debit_card,authentication_failed,1,12,3,13449.85,2026-08-09T05:07:02.176736,5,6,0,0.0
pay_demo_003756,cust_0347,6636.47,INR,netbanking,authentication_failed,1,15,0,17263.21,2026-08-03T09:35:02.176751,9,0,1,5946.04
pay_demo_003757,cust_0077,46612.91,INR,netbanking,card_declined,2,1,1,26587.15,2026-03-10T17:27:02.176769,17,1,0,0.0
pay_demo_003758,cust_0005,12728.81,INR,debit_card,insufficient_funds,1,16,1,13492.62,2026-03-12T19:42:02.176787,19,3,1,12465.4
pay_demo_003759,cust_0747,7608.67,INR,debit_card,authentication_failed,1,5,4,8399.3,2026-04-05T06:32:02.176804,6,6,0,0.0
pay_demo_003760,cust_0803,11938.88,INR,netbanking,insufficient_funds,3,5,4,18426.68,2026-07-10T17:22:02.176820,17,4,0,0.0
pay_demo_003761,cust_0743,17104.62,INR,netbanking,authentication_failed,1,5,5,27083.68,2026-08-20T04:47:02.176837,4,3,1,16015.04
pay_demo_003762,cust_0411,33365.71,INR,credit_card,authentication_failed,1,16,2,23090.83,2026-06-15T06:44:02.176854,6,0,1,29694.98
pay_demo_003763,cust_0694,22854.64,INR,credit_card,upi_failure,2,12,5,10730.7,2026-06-27T04:58:02.176875,4,5,0,0.0
pay_demo_003764,cust_0567,36705.53,INR,netbanking,authentication_failed,1,5,1,14462.97,2026-06-03T16:09:02.176895,16,2,1,32491.78
pay_demo_003765,cust_0320,44768.72,INR,netbanking,authentication_failed,1,3,3,13011.74,2026-06-26T15:13:02.176913,15,4,1,38450.29
pay_demo_003766,cust_0269,34619.59,INR,credit_card,bank_timeout,1,6,2,26526.05,2026-06-01T18:07:02.176930,18,0,1,31584.85
pay_demo_003767,cust_0411,8732.1,INR,netbanking,insufficient_funds,2,6,2,14051.42,2026-06-16T15:45:02.176947,15,1,1,7898.8
pay_demo_003768,cust_0819,35886.77,INR,debit_card,insufficient_funds,1,9,1,2979.56,2026-08-01T09:41:02.176964,9,5,1,31931.0
pay_demo_003769,cust_0590,13395.84,INR,debit_card,card_declined,1,5,0,19137.41,2026-04-13T01:43:02.176980,1,0,1,11747.41
pay_demo_003770,cust_0641,38460.12,INR,netbanking,insufficient_funds,1,11,0,5261.89,2026-07-30T20:04:02.176997,20,3,1,35044.11
pay_demo_003771,cust_0771,24657.74,INR,credit_card,upi_failure,1,9,1,17805.76,2026-04-21T09:51:02.177014,9,1,0,0.0
pay_demo_003772,cust_0260,22158.17,INR,credit_card,upi_failure,1,19,4,16085.21,2026-04-23T12:14:02.177030,12,3,1,20978.74
pay_demo_003773,cust_0832,6089.11,INR,credit_card,bank_timeout,1,10,0,8202.17,2026-03-14T21:11:02.177049,21,5,1,5658.94
pay_demo_003774,cust_0878,14042.36,INR,credit_card,authentication_failed,2,1,2,28756.89,2026-04-07T18:46:02.177066,18,1,0,0.0
pay_demo_003775,cust_0333,37059.48,INR,upi,bank_timeout,2,2,1,7904.32,2026-06-12T16:15:02.177082,16,4,1,34159.95
pay_demo_003776,cust_0656,34091.61,INR,netbanking,insufficient_funds,1,1,5,2594.84,2026-06-20T03:36:02.177100,3,5,0,0.0
pay_demo_003777,cust_0014,21403.53,INR,netbanking,bank_timeout,2,12,4,18986.34,2026-06-26T00:34:02.177116,0,4,1,21124.65
pay_demo_003778,cust_0622,5301.5,INR,credit_card,bank_timeout,1,15,4,28694.69,2026-03-20T22:38:02.177133,22,4,0,0.0
pay_demo_003779,cust_0347,645.92,INR,upi,upi_failure,1,11,4,765.17,2026-07-31T18:42:02.177149,18,4,1,549.25
pay_demo_003780,cust_0745,49548.69,INR,upi,card_declined,1,8,0,6023.77,2026-04-26T18:27:02.177166,18,6,0,0.0
pay_demo_003781,cust_0951,40605.49,INR,netbanking,network_error,3,20,1,3828.19,2026-07-14T22:27:02.177185,22,1,1,36896.85
pay_demo_003782,cust_0082,13360.82,INR,debit_card,insufficient_funds,1,14,4,12153.37,2026-05-22T04:24:02.177203,4,4,0,0.0
pay_demo_003783,cust_0834,31905.18,INR,netbanking,network_error,2,5,0,27977.34,2026-03-15T21:44:02.177221,21,6,1,27525.13
pay_demo_003784,cust_0859,13630.39,INR,debit_card,card_declined,1,15,1,25344.56,2026-07-15T16:17:02.177237,16,2,1,13311.32
pay_demo_003785,cust_0940,21272.27,INR,debit_card,network_error,1,16,5,27834.91,2026-06-06T00:24:02.177254,0,5,1,20342.74
pay_demo_003786,cust_0615,13808.38,INR,debit_card,authentication_failed,1,13,1,26914.04,2026-04-24T01:14:02.177276,1,4,1,12998.11
pay_demo_003787,cust_0175,29733.06,INR,upi,upi_failure,1,15,4,14342.25,2026-03-27T03:28:02.177302,3,4,1,29057.9
pay_demo_003788,cust_0214,19619.64,INR,netbanking,bank_timeout,1,20,0,1690.66,2026-03-30T17:24:02.177322,17,0,1,17478.92
pay_demo_003789,cust_0689,26867.17,INR,debit_card,bank_timeout,2,7,4,2142.41,2026-06-28T13:11:02.177340,13,6,1,24584.74
pay_demo_003790,cust_0027,43753.72,INR,debit_card,network_error,1,19,5,28932.99,2026-05-11T02:02:02.177362,2,0,0,0.0
pay_demo_003791,cust_0876,30946.6,INR,credit_card,upi_failure,1,14,3,1004.19,2026-04-25T13:08:02.177378,13,5,1,26684.73
pay_demo_003792,cust_0176,4536.21,INR,upi,network_error,1,12,1,20066.93,2026-05-22T14:09:02.177395,14,4,1,4301.73
pay_demo_003793,cust_0937,5368.4,INR,upi,insufficient_funds,2,11,4,9155.14,2026-04-21T12:12:02.177414,12,1,0,0.0
pay_demo_003794,cust_0622,31733.48,INR,debit_card,card_declined,1,10,1,24132.54,2026-03-16T16:32:02.177430,16,0,0,0.0
pay_demo_003795,cust_0792,22767.21,INR,debit_card,bank_timeout,2,13,5,27832.82,2026-06-06T09:05:02.177446,9,5,1,20115.43
pay_demo_003796,cust_0897,43013.76,INR,debit_card,authentication_failed,2,4,2,2743.43,2026-07-15T13:10:02.177465,13,2,0,0.0
pay_demo_003797,cust_0763,27630.31,INR,debit_card,card_declined,1,18,5,2015.66,2026-03-12T08:11:02.177481,8,3,0,0.0
pay_demo_003798,cust_0333,38688.34,INR,credit_card,card_declined,1,20,1,18824.38,2026-04-05T02:14:02.177497,2,6,1,37803.38
pay_demo_003799,cust_0439,16522.22,INR,credit_card,insufficient_funds,2,12,3,8016.46,2026-03-31T05:23:02.177514,5,1,0,0.0
pay_demo_003800,cust_0055,7282.02,INR,credit_card,authentication_failed,1,8,0,13410.87,2026-08-12T06:46:02.177533,6,2,1,7019.44
pay_demo_003801,cust_0351,28603.43,INR,upi,insufficient_funds,1,13,4,22323.97,2026-04-29T13:48:02.177550,13,2,0,0.0
pay_demo_003802,cust_0858,34797.51,INR,debit_card,bank_timeout,2,6,5,28276.86,2026-04-26T11:17:02.177570,11,6,0,0.0
pay_demo_003803,cust_0254,16818.73,INR,debit_card,card_declined,1,4,5,13314.39,2026-07-16T23:45:02.177588,23,3,0,0.0
pay_demo_003804,cust_0061,25653.88,INR,credit_card,bank_timeout,1,7,1,8272.11,2026-05-15T21:58:02.177605,21,4,1,23834.55
pay_demo_003805,cust_0511,26373.74,INR,credit_card,card_declined,1,5,5,11780.73,2026-05-30T04:05:02.177624,4,5,0,0.0
pay_demo_003806,cust_0851,9591.97,INR,credit_card,authentication_failed,1,9,0,21501.0,2026-03-24T21:32:02.177644,21,1,1,8275.51
pay_demo_003807,cust_0906,40308.91,INR,upi,insufficient_funds,1,7,0,15385.8,2026-05-24T14:44:02.177665,14,6,0,0.0
pay_demo_003808,cust_0089,26551.22,INR,debit_card,insufficient_funds,1,13,0,20116.62,2026-03-07T23:22:02.177681,23,5,1,24977.63
pay_demo_003809,cust_0204,4540.66,INR,netbanking,network_error,1,5,5,27300.89,2026-08-19T05:47:02.177698,5,2,1,4492.85
pay_demo_003810,cust_0498,36298.37,INR,netbanking,card_declined,2,14,3,7584.96,2026-05-13T13:14:02.177715,13,2,1,36048.63
pay_demo_003811,cust_0387,15695.37,INR,debit_card,upi_failure,1,1,1,7880.73,2026-04-20T20:23:02.177732,20,0,0,0.0
pay_demo_003812,cust_0339,40334.95,INR,debit_card,insufficient_funds,1,3,0,27101.41,2026-07-23T11:23:02.177749,11,3,1,35520.89
pay_demo_003813,cust_0323,18698.9,INR,credit_card,bank_timeout,1,4,1,20888.85,2026-07-10T03:06:02.177772,3,4,0,0.0
pay_demo_003814,cust_0085,10447.59,INR,upi,upi_failure,3,16,2,10422.65,2026-08-20T10:01:02.177788,10,3,0,0.0
pay_demo_003815,cust_0147,18950.5,INR,upi,card_declined,1,13,0,11872.46,2026-06-16T01:56:02.177804,1,1,0,0.0
pay_demo_003816,cust_0328,31685.65,INR,upi,authentication_failed,2,9,4,14586.6,2026-07-18T20:03:02.177820,20,5,1,31382.71
pay_demo_003817,cust_0431,47967.35,INR,credit_card,authentication_failed,3,4,3,21069.27,2026-04-01T09:47:02.177837,9,2,0,0.0
pay_demo_003818,cust_0056,8878.39,INR,debit_card,bank_timeout,1,10,3,27587.69,2026-05-31T18:20:02.177856,18,6,1,7591.35
pay_demo_003819,cust_0235,37078.24,INR,debit_card,network_error,1,14,3,23168.11,2026-07-17T12:28:02.177875,12,4,0,0.0
pay_demo_003820,cust_0186,26943.24,INR,upi,network_error,1,18,2,24989.46,2026-05-28T21:38:02.177891,21,3,1,25644.7
pay_demo_003821,cust_0342,31322.05,INR,upi,authentication_failed,2,18,2,9750.24,2026-05-19T02:44:02.177909,2,1,0,0.0
pay_demo_003822,cust_0306,21741.44,INR,debit_card,insufficient_funds,1,18,0,1390.08,2026-08-09T12:52:02.177926,12,6,1,19468.89
pay_demo_003823,cust_0160,48919.0,INR,netbanking,card_declined,1,10,2,15064.46,2026-08-25T21:30:02.177946,21,1,0,0.0
pay_demo_003824,cust_0603,23602.32,INR,netbanking,network_error,1,1,0,26852.06,2026-06-11T11:34:02.179855,11,3,1,23385.95
pay_demo_003825,cust_0767,46679.26,INR,credit_card,card_declined,1,20,2,27159.08,2026-07-26T07:18:02.179903,7,6,1,39872.44
pay_demo_003826,cust_0817,34621.38,INR,upi,card_declined,1,1,5,15110.97,2026-06-19T01:08:02.179924,1,4,0,0.0
pay_demo_003827,cust_0434,2336.07,INR,credit_card,bank_timeout,1,7,5,9293.14,2026-04-25T05:23:02.179942,5,5,1,2030.34
pay_demo_003828,cust_0702,37338.64,INR,netbanking,upi_failure,1,10,1,14889.97,2026-06-15T03:51:02.179967,3,0,1,35756.74
pay_demo_003829,cust_0729,46095.15,INR,credit_card,insufficient_funds,2,12,3,20774.34,2026-04-21T13:04:02.179987,13,1,1,39805.3
pay_demo_003830,cust_0364,34066.75,INR,netbanking,card_declined,1,16,0,10752.02,2026-04-30T20:18:02.180006,20,3,0,0.0
pay_demo_003831,cust_0333,18367.32,INR,netbanking,authentication_failed,1,13,3,17010.5,2026-03-31T15:00:02.180024,15,1,1,17170.71
pay_demo_003832,cust_0431,46724.26,INR,credit_card,card_declined,1,20,0,10578.24,2026-05-25T13:55:02.180042,13,0,1,44590.85
pay_demo_003833,cust_0120,43208.21,INR,upi,insufficient_funds,1,10,3,29532.59,2026-07-11T19:46:02.180064,19,5,0,0.0
pay_demo_003834,cust_0929,18698.22,INR,upi,network_error,1,12,4,12420.68,2026-03-29T19:57:02.180081,19,6,1,18554.6
pay_demo_003835,cust_0657,35509.33,INR,netbanking,authentication_failed,2,17,5,26381.99,2026-04-01T08:27:02.180100,8,2,0,0.0
pay_demo_003836,cust_0312,26374.6,INR,netbanking,authentication_failed,1,18,3,27926.57,2026-08-13T12:52:02.180118,12,3,1,24375.38
pay_demo_003837,cust_0053,13141.56,INR,credit_card,card_declined,1,5,1,22976.57,2026-04-05T00:57:02.180136,0,6,0,0.0
pay_demo_003838,cust_0433,12671.9,INR,credit_card,bank_timeout,2,4,3,8806.24,2026-03-30T01:13:02.180164,1,0,0,0.0
pay_demo_003839,cust_0011,5707.69,INR,netbanking,insufficient_funds,3,19,0,17334.71,2026-04-21T10:47:02.180232,10,1,0,0.0
pay_demo_003840,cust_0478,49810.53,INR,upi,network_error,1,11,1,24462.97,2026-08-26T10:12:02.180276,10,2,1,43458.98
pay_demo_003841,cust_0198,801.13,INR,credit_card,upi_failure,1,6,5,22238.77,2026-04-24T09:39:02.180323,9,4,1,728.02
pay_demo_003842,cust_0749,14608.7,INR,debit_card,bank_timeout,1,9,0,25223.83,2026-08-18T17:08:02.180348,17,1,1,14048.81
pay_demo_003843,cust_0481,10321.32,INR,credit_card,insufficient_funds,1,16,1,21428.73,2026-06-11T01:38:02.180377,1,3,1,9093.63
pay_demo_003844,cust_0813,16378.88,INR,credit_card,upi_failure,2,2,0,16925.29,2026-03-04T20:02:02.180408,20,2,1,16293.73
pay_demo_003845,cust_0855,48784.65,INR,upi,authentication_failed,2,18,2,15414.49,2026-05-14T19:20:02.180521,19,3,1,41958.02
pay_demo_003846,cust_0343,10153.56,INR,upi,authentication_failed,1,20,1,15324.24,2026-08-07T09:31:02.180564,9,4,0,0.0
pay_demo_003847,cust_0815,30224.24,INR,credit_card,authentication_failed,1,12,3,7241.79,2026-03-14T00:23:02.180586,0,5,0,0.0
pay_demo_003848,cust_0312,24112.04,INR,upi,authentication_failed,1,13,2,17654.62,2026-06-17T14:02:02.180605,14,2,1,21191.45
pay_demo_003849,cust_0701,24668.51,INR,upi,authentication_failed,1,19,2,29642.73,2026-08-20T16:31:02.180629,16,3,0,0.0
pay_demo_003850,cust_0370,11091.64,INR,credit_card,authentication_failed,2,6,1,21459.57,2026-06-01T19:08:02.180648,19,0,1,10574.67
pay_demo_003851,cust_0976,34495.41,INR,netbanking,card_declined,2,18,5,10597.96,2026-06-25T22:39:02.180669,22,3,1,31405.35
pay_demo_003852,cust_0466,27861.36,INR,netbanking,bank_timeout,1,12,2,4977.0,2026-03-21T14:12:02.180689,14,5,1,25946.49
pay_demo_003853,cust_0074,25124.77,INR,credit_card,authentication_failed,1,16,1,15476.51,2026-07-15T23:04:02.180709,23,2,1,24043.31
pay_demo_003854,cust_0336,6216.04,INR,netbanking,card_declined,1,8,4,3132.98,2026-05-17T00:57:02.180727,0,6,1,5664.25
pay_demo_003855,cust_0361,22135.08,INR,debit_card,insufficient_funds,1,5,1,21242.58,2026-05-20T20:09:02.180746,20,2,1,20699.06
pay_demo_003856,cust_0336,32896.13,INR,upi,insufficient_funds,1,17,2,17621.84,2026-06-13T17:20:02.180765,17,5,0,0.0
pay_demo_003857,cust_0873,37285.1,INR,debit_card,authentication_failed,2,14,3,25092.85,2026-05-15T11:58:02.180781,11,4,1,35729.36
pay_demo_003858,cust_0244,45944.14,INR,netbanking,upi_failure,1,0,5,28720.17,2026-08-19T01:05:02.180802,1,2,1,43067.72
pay_demo_003859,cust_0093,34932.49,INR,debit_card,authentication_failed,1,14,4,6031.49,2026-07-05T05:18:02.180820,5,6,1,33104.68
pay_demo_003860,cust_0760,39258.33,INR,debit_card,network_error,2,12,0,27748.63,2026-04-01T14:57:02.180838,14,2,1,34277.83
pay_demo_003861,cust_0471,1728.41,INR,netbanking,bank_timeout,1,10,5,7277.35,2026-08-19T01:29:02.180855,1,2,0,0.0
pay_demo_003862,cust_0505,26838.42,INR,netbanking,insufficient_funds,1,4,0,27120.25,2026-07-01T03:17:02.180871,3,2,0,0.0
pay_demo_003863,cust_0220,27618.91,INR,upi,bank_timeout,1,18,4,13094.24,2026-04-27T10:48:02.180891,10,0,0,0.0
pay_demo_003864,cust_0454,8361.81,INR,upi,insufficient_funds,1,7,2,23343.17,2026-04-21T16:05:02.180910,16,1,0,0.0
pay_demo_003865,cust_0385,18207.54,INR,netbanking,bank_timeout,1,3,4,19053.33,2026-08-27T12:37:02.180926,12,3,1,17277.19
pay_demo_003866,cust_0334,24621.1,INR,debit_card,insufficient_funds,1,15,3,1502.03,2026-06-22T11:10:02.180944,11,0,1,22592.04
pay_demo_003867,cust_0616,12350.64,INR,netbanking,upi_failure,2,0,4,28415.06,2026-06-01T15:35:02.180962,15,0,1,12154.76
pay_demo_003868,cust_0670,26727.46,INR,credit_card,authentication_failed,1,11,4,29059.14,2026-05-10T06:55:02.180980,6,6,0,0.0
pay_demo_003869,cust_0060,42521.78,INR,debit_card,insufficient_funds,3,4,4,24123.72,2026-05-11T10:54:02.180997,10,0,0,0.0
pay_demo_003870,cust_0324,13751.68,INR,netbanking,network_error,2,1,4,10169.49,2026-08-14T15:02:02.181014,15,4,1,13441.06
pay_demo_003871,cust_0799,14835.28,INR,upi,upi_failure,1,14,5,883.38,2026-08-21T21:04:02.181034,21,4,0,0.0
pay_demo_003872,cust_0594,33641.83,INR,upi,card_declined,1,16,2,8100.18,2026-05-07T01:48:02.181051,1,3,0,0.0
pay_demo_003873,cust_0646,15589.7,INR,netbanking,upi_failure,1,12,4,7343.33,2026-04-03T04:00:02.181071,4,4,1,14547.85
pay_demo_003874,cust_0283,5410.8,INR,upi,network_error,1,18,3,15185.42,2026-04-15T16:53:02.181090,16,2,1,4687.82
pay_demo_003875,cust_0983,860.96,INR,debit_card,insufficient_funds,2,17,5,7967.01,2026-07-14T12:22:02.181108,12,1,1,740.57
pay_demo_003876,cust_0089,48330.46,INR,upi,insufficient_funds,2,19,2,25864.66,2026-08-24T05:44:02.181126,5,0,1,42284.7
pay_demo_003877,cust_0592,14277.82,INR,credit_card,upi_failure,1,19,4,22280.76,2026-03-30T22:16:02.181144,22,0,1,13599.43
pay_demo_003878,cust_0779,38625.68,INR,credit_card,network_error,1,14,5,12852.76,2026-04-30T11:08:02.181161,11,3,0,0.0
pay_demo_003879,cust_0441,2006.43,INR,netbanking,insufficient_funds,2,16,4,28168.59,2026-08-09T17:13:02.181177,17,6,1,1991.08
pay_demo_003880,cust_0318,1031.42,INR,credit_card,network_error,1,15,4,6927.09,2026-05-01T14:44:02.181195,14,4,0,0.0
pay_demo_003881,cust_0686,35046.13,INR,credit_card,bank_timeout,1,16,1,12520.28,2026-07-17T01:14:02.181211,1,4,1,32777.63
pay_demo_003882,cust_0210,31755.22,INR,netbanking,authentication_failed,1,12,3,7649.5,2026-07-16T23:32:02.181230,23,3,0,0.0
pay_demo_003883,cust_0126,17542.9,INR,debit_card,network_error,1,10,0,7062.63,2026-08-01T21:10:02.181248,21,5,1,16147.99
pay_demo_003884,cust_0425,3012.72,INR,netbanking,card_declined,1,14,3,2608.54,2026-07-24T01:12:02.181266,1,4,1,2955.71
pay_demo_003885,cust_0681,28022.4,INR,credit_card,bank_timeout,2,1,1,16154.65,2026-05-06T13:11:02.181283,13,2,1,25659.5
pay_demo_003886,cust_0035,18004.58,INR,credit_card,insufficient_funds,1,0,1,12820.55,2026-05-23T09:31:02.181300,9,5,1,16734.89
pay_demo_003887,cust_0114,29812.75,INR,credit_card,upi_failure,2,15,5,27900.06,2026-05-23T13:41:02.181332,13,5,1,28697.68
pay_demo_003888,cust_0477,3394.39,INR,netbanking,upi_failure,1,13,3,28466.75,2026-03-02T12:56:02.181349,12,0,1,3238.78
pay_demo_003889,cust_0317,15954.48,INR,netbanking,upi_failure,2,11,3,21715.69,2026-06-12T02:11:02.181365,2,4,1,15832.75
pay_demo_003890,cust_0531,26685.81,INR,debit_card,insufficient_funds,2,20,4,17416.63,2026-08-15T01:55:02.181383,1,5,0,0.0
pay_demo_003891,cust_0836,26127.16,INR,upi,bank_timeout,2,10,5,13267.03,2026-06-25T16:28:02.181399,16,3,1,25596.52
pay_demo_003892,cust_0077,16124.4,INR,netbanking,upi_failure,2,15,0,19645.78,2026-08-12T02:36:02.181425,2,2,0,0.0
pay_demo_003893,cust_0769,43309.82,INR,upi,network_error,1,16,5,6680.8,2026-08-10T05:48:02.181444,5,0,1,38497.08
pay_demo_003894,cust_0332,35186.88,INR,credit_card,card_declined,1,13,0,7834.41,2026-03-20T14:15:02.181461,14,4,1,33843.86
pay_demo_003895,cust_0353,18965.75,INR,credit_card,insufficient_funds,2,18,1,7704.19,2026-03-21T12:54:02.181479,12,5,0,0.0
pay_demo_003896,cust_0286,38511.48,INR,netbanking,bank_timeout,1,10,2,21812.79,2026-04-14T03:54:02.181495,3,1,1,35059.48
pay_demo_003897,cust_0549,27287.02,INR,credit_card,insufficient_funds,3,4,3,3115.86,2026-07-30T02:29:02.181513,2,3,0,0.0
pay_demo_003898,cust_0766,33651.59,INR,credit_card,authentication_failed,2,16,5,11646.09,2026-05-01T00:46:02.181531,0,4,0,0.0
pay_demo_003899,cust_0493,21014.74,INR,credit_card,insufficient_funds,1,0,1,20693.63,2026-05-31T03:45:02.181548,3,6,0,0.0
pay_demo_003900,cust_0481,28101.27,INR,netbanking,authentication_failed,1,16,0,17338.53,2026-07-10T20:12:02.181571,20,4,1,26460.34
pay_demo_003901,cust_0184,36250.42,INR,debit_card,bank_timeout,2,5,5,7076.15,2026-04-19T02:02:02.181590,2,6,1,35527.44
pay_demo_003902,cust_0783,49943.01,INR,netbanking,insufficient_funds,1,18,2,26092.47,2026-08-03T07:39:02.181608,7,0,0,0.0
pay_demo_003903,cust_0282,17217.95,INR,debit_card,bank_timeout,2,19,1,9889.78,2026-04-14T16:57:02.181627,16,1,1,15310.06
pay_demo_003904,cust_0004,2748.06,INR,credit_card,upi_failure,1,0,1,27185.08,2026-07-18T07:53:02.181644,7,5,1,2513.55
pay_demo_003905,cust_0196,16453.9,INR,debit_card,network_error,1,14,4,24493.06,2026-04-10T11:39:02.181662,11,4,1,15079.25
pay_demo_003906,cust_0437,41450.25,INR,netbanking,authentication_failed,1,6,1,23494.09,2026-05-26T22:29:02.181682,22,1,0,0.0
pay_demo_003907,cust_0428,8796.43,INR,netbanking,network_error,1,9,5,6704.65,2026-05-07T11:59:02.181698,11,3,1,8381.09
pay_demo_003908,cust_0537,41235.48,INR,credit_card,insufficient_funds,1,5,2,16559.06,2026-07-13T07:24:02.181715,7,0,0,0.0
pay_demo_003909,cust_0811,32623.13,INR,debit_card,card_declined,1,6,3,6675.45,2026-05-18T17:47:02.181731,17,0,0,0.0
pay_demo_003910,cust_0017,42626.12,INR,debit_card,card_declined,1,15,1,22454.48,2026-07-20T07:13:02.181747,7,0,0,0.0
pay_demo_003911,cust_0015,11933.7,INR,credit_card,authentication_failed,2,9,4,1948.49,2026-06-16T02:31:02.181763,2,1,0,0.0
pay_demo_003912,cust_0289,28633.97,INR,upi,card_declined,2,7,2,25670.39,2026-07-02T03:00:02.181781,3,3,0,0.0
pay_demo_003913,cust_0235,47150.69,INR,upi,authentication_failed,3,3,3,12655.43,2026-05-23T10:51:02.181804,10,5,0,0.0
pay_demo_003914,cust_0770,48560.5,INR,debit_card,upi_failure,2,9,0,9058.08,2026-08-27T06:22:02.181821,6,3,1,43689.57
pay_demo_003915,cust_0631,45706.65,INR,netbanking,insufficient_funds,1,18,2,2740.6,2026-08-01T04:02:02.181840,4,5,1,42357.15
pay_demo_003916,cust_0540,21464.08,INR,upi,card_declined,2,13,5,1790.9,2026-03-12T22:51:02.181858,22,3,0,0.0
pay_demo_003917,cust_0888,19595.41,INR,upi,upi_failure,1,0,5,3565.16,2026-06-21T04:20:02.181874,4,6,0,0.0
pay_demo_003918,cust_0344,10122.73,INR,upi,authentication_failed,1,4,2,8684.96,2026-08-21T10:38:02.181890,10,4,1,9555.58
pay_demo_003919,cust_0559,27308.5,INR,debit_card,card_declined,2,7,1,27320.74,2026-05-09T12:59:02.181907,12,5,0,0.0
pay_demo_003920,cust_0896,9049.45,INR,debit_card,insufficient_funds,2,16,4,6253.74,2026-06-20T00:46:02.181926,0,5,0,0.0
pay_demo_003921,cust_0868,41805.84,INR,netbanking,bank_timeout,2,20,0,20767.0,2026-07-15T04:29:02.181942,4,2,0,0.0
pay_demo_003922,cust_0384,1394.12,INR,credit_card,authentication_failed,1,11,5,27938.88,2026-08-20T10:35:02.181958,10,3,1,1277.96
pay_demo_003923,cust_0259,27136.24,INR,credit_card,insufficient_funds,1,3,3,23036.8,2026-06-23T09:26:02.181979,9,1,0,0.0
pay_demo_003924,cust_0779,15976.11,INR,debit_card,authentication_failed,2,5,4,27613.75,2026-04-08T01:52:02.181995,1,2,1,14281.14
pay_demo_003925,cust_0777,29033.69,INR,credit_card,bank_timeout,2,5,4,28767.11,2026-04-09T21:40:02.182013,21,3,1,28102.31
pay_demo_003926,cust_0186,2568.42,INR,debit_card,insufficient_funds,1,14,3,16652.53,2026-07-28T18:36:02.182033,18,1,0,0.0
pay_demo_003927,cust_0622,21619.54,INR,debit_card,bank_timeout,2,1,3,22231.76,2026-07-24T15:15:02.182049,15,4,1,21353.75
pay_demo_003928,cust_0065,11737.85,INR,debit_card,insufficient_funds,1,5,2,1851.91,2026-07-15T08:46:02.182067,8,2,1,11034.2
pay_demo_003929,cust_0834,7767.59,INR,credit_card,network_error,1,9,2,1894.55,2026-03-07T16:32:02.182085,16,5,1,7350.89
pay_demo_003930,cust_0364,12993.16,INR,debit_card,insufficient_funds,2,17,2,22252.63,2026-08-23T17:48:02.182103,17,6,0,0.0
pay_demo_003931,cust_0027,26232.3,INR,debit_card,bank_timeout,1,13,5,7750.86,2026-07-26T05:21:02.182118,5,6,1,22481.64
pay_demo_003932,cust_0327,40644.48,INR,debit_card,bank_timeout,2,8,5,15579.15,2026-04-23T02:56:02.182136,2,3,1,36587.63
pay_demo_003933,cust_0029,41846.13,INR,upi,network_error,1,6,3,14902.69,2026-08-01T22:23:02.182155,22,5,1,35895.52
pay_demo_003934,cust_0260,14589.23,INR,netbanking,network_error,1,18,0,20908.54,2026-04-29T20:31:02.182174,20,2,1,14457.17
pay_demo_003935,cust_0875,35769.97,INR,upi,insufficient_funds,2,11,3,16072.26,2026-04-20T01:45:02.182191,1,0,1,35315.82
pay_demo_003936,cust_0543,19927.17,INR,netbanking,insufficient_funds,1,8,4,11661.64,2026-05-23T23:34:02.182210,23,5,0,0.0
pay_demo_003937,cust_0139,11112.27,INR,netbanking,authentication_failed,1,9,3,8267.84,2026-07-21T23:27:02.182228,23,1,0,0.0
pay_demo_003938,cust_0109,27252.91,INR,credit_card,card_declined,1,6,4,19362.53,2026-05-28T19:12:02.182244,19,3,0,0.0
pay_demo_003939,cust_0547,33983.36,INR,debit_card,bank_timeout,1,18,1,23324.59,2026-07-29T12:01:02.182261,12,2,1,29582.85
pay_demo_003940,cust_0623,38752.92,INR,debit_card,card_declined,3,11,1,20853.26,2026-05-09T10:27:02.182278,10,5,0,0.0
pay_demo_003941,cust_0297,47367.98,INR,upi,insufficient_funds,1,3,3,6290.81,2026-04-29T07:58:02.182294,7,2,1,43530.7
pay_demo_003942,cust_0154,13228.92,INR,upi,insufficient_funds,1,15,3,26648.98,2026-07-18T04:09:02.182316,4,5,1,12989.19
pay_demo_003943,cust_0528,11655.87,INR,credit_card,bank_timeout,1,19,2,7589.72,2026-05-26T19:15:02.182339,19,1,1,11128.19
pay_demo_003944,cust_0870,19977.15,INR,debit_card,insufficient_funds,1,17,3,26450.09,2026-06-14T01:07:02.182357,1,6,0,0.0
pay_demo_003945,cust_0031,4831.01,INR,debit_card,network_error,2,15,5,9485.12,2026-06-04T15:16:02.182373,15,3,1,4461.03
pay_demo_003946,cust_0689,43497.53,INR,netbanking,card_declined,1,18,4,1675.61,2026-05-13T09:28:02.182391,9,2,0,0.0
pay_demo_003947,cust_0070,30237.1,INR,debit_card,card_declined,3,10,4,14638.61,2026-05-04T16:23:02.182407,16,0,1,27447.48
pay_demo_003948,cust_0799,46487.28,INR,credit_card,authentication_failed,1,10,3,6565.02,2026-05-17T06:05:02.182428,6,6,1,45433.77
pay_demo_003949,cust_0595,5009.24,INR,upi,network_error,2,0,2,24405.56,2026-02-28T02:31:02.182449,2,5,1,4983.98
pay_demo_003950,cust_0322,21579.87,INR,debit_card,insufficient_funds,1,5,0,26986.36,2026-04-21T02:12:02.182480,2,1,0,0.0
pay_demo_003951,cust_0519,22924.51,INR,netbanking,bank_timeout,1,13,4,17851.71,2026-05-20T13:30:02.182498,13,2,1,21076.54
pay_demo_003952,cust_0238,20626.97,INR,debit_card,bank_timeout,1,8,4,25840.84,2026-05-07T06:04:02.182518,6,3,0,0.0
pay_demo_003953,cust_0732,21095.05,INR,upi,insufficient_funds,1,15,5,5214.48,2026-08-10T06:53:02.182537,6,0,0,0.0
pay_demo_003954,cust_0862,38555.9,INR,upi,insufficient_funds,2,17,4,19419.48,2026-04-13T07:39:02.182554,7,0,0,0.0
pay_demo_003955,cust_0934,32496.47,INR,debit_card,network_error,3,18,0,18923.36,2026-05-16T23:22:02.182570,23,5,0,0.0
pay_demo_003956,cust_0543,14751.73,INR,debit_card,authentication_failed,3,10,2,6202.38,2026-06-30T22:17:02.182589,22,1,0,0.0
pay_demo_003957,cust_0814,14049.39,INR,netbanking,card_declined,1,16,2,11368.1,2026-05-16T09:01:02.182606,9,5,1,12981.04
pay_demo_003958,cust_0127,21873.32,INR,debit_card,upi_failure,1,3,2,22617.16,2026-08-27T23:59:02.182624,23,3,1,21041.08
pay_demo_003959,cust_0279,2003.22,INR,netbanking,upi_failure,1,4,1,23339.65,2026-07-27T22:16:02.182641,22,0,1,1829.78
pay_demo_003960,cust_0993,38819.99,INR,netbanking,network_error,1,18,3,15959.61,2026-07-17T18:16:02.182659,18,4,1,36268.45
pay_demo_003961,cust_0678,44939.1,INR,debit_card,insufficient_funds,1,6,5,8387.65,2026-03-30T01:31:02.182675,1,0,0,0.0
pay_demo_003962,cust_0590,41177.1,INR,credit_card,upi_failure,1,20,4,14673.0,2026-07-09T10:36:02.182692,10,3,0,0.0
pay_demo_003963,cust_0647,41235.69,INR,debit_card,upi_failure,1,11,4,27089.41,2026-05-01T06:18:02.182710,6,4,0,0.0
pay_demo_003964,cust_0963,33416.41,INR,credit_card,authentication_failed,1,2,0,25265.47,2026-06-06T17:25:02.182727,17,5,1,32137.51
pay_demo_003965,cust_0147,17859.39,INR,upi,card_declined,1,15,3,4050.98,2026-06-06T17:17:02.182744,17,5,1,16255.53
pay_demo_003966,cust_0787,31831.91,INR,netbanking,upi_failure,2,0,2,2307.39,2026-07-18T12:38:02.182762,12,5,0,0.0
pay_demo_003967,cust_0977,39704.74,INR,upi,upi_failure,1,3,3,20621.28,2026-04-23T09:40:02.182780,9,3,1,34628.45
pay_demo_003968,cust_0796,49983.12,INR,netbanking,bank_timeout,3,14,4,29790.02,2026-03-04T09:56:02.182797,9,2,0,0.0
pay_demo_003969,cust_0450,21612.73,INR,debit_card,bank_timeout,1,9,1,29987.64,2026-05-02T18:26:02.182814,18,5,1,20707.26
pay_demo_003970,cust_0939,1371.02,INR,debit_card,insufficient_funds,1,20,0,14868.88,2026-05-15T09:37:02.182830,9,4,1,1193.23
pay_demo_003971,cust_0886,8563.91,INR,netbanking,bank_timeout,1,11,2,7773.95,2026-08-09T11:22:02.182848,11,6,1,8543.38
pay_demo_003972,cust_0238,28812.78,INR,debit_card,network_error,1,13,2,26630.81,2026-07-26T13:36:02.182869,13,6,0,0.0
pay_demo_003973,cust_0056,41342.82,INR,netbanking,card_declined,3,16,1,29441.94,2026-08-16T02:49:02.182888,2,6,0,0.0
pay_demo_003974,cust_0447,31093.65,INR,netbanking,authentication_failed,2,10,5,23968.41,2026-05-30T22:20:02.182904,22,5,0,0.0
pay_demo_003975,cust_0833,9402.2,INR,upi,insufficient_funds,1,19,3,7179.83,2026-07-24T19:12:02.182919,19,4,1,9078.95
pay_demo_003976,cust_0057,40813.76,INR,netbanking,card_declined,1,12,2,8951.37,2026-08-26T13:48:02.182936,13,2,1,39196.82
pay_demo_003977,cust_0184,14030.26,INR,upi,authentication_failed,2,18,2,7027.01,2026-07-01T01:52:02.182956,1,2,0,0.0
pay_demo_003978,cust_0968,48322.61,INR,netbanking,bank_timeout,1,0,2,16843.61,2026-08-10T16:29:02.182972,16,0,0,0.0
pay_demo_003979,cust_0033,47687.85,INR,netbanking,insufficient_funds,1,7,3,23385.11,2026-05-06T06:14:02.182988,6,2,0,0.0
pay_demo_003980,cust_0958,45648.41,INR,netbanking,upi_failure,1,11,1,12558.48,2026-06-08T21:01:02.183004,21,0,1,41817.14
pay_demo_003981,cust_0753,17519.47,INR,debit_card,card_declined,1,5,4,28414.85,2026-08-18T06:37:02.183021,6,1,0,0.0
pay_demo_003982,cust_0545,24737.06,INR,debit_card,upi_failure,1,6,2,27887.4,2026-03-30T05:09:02.183037,5,0,0,0.0
pay_demo_003983,cust_0872,48372.32,INR,netbanking,authentication_failed,1,10,4,12215.81,2026-07-20T11:47:02.183054,11,0,1,43392.21
pay_demo_003984,cust_0026,1942.59,INR,credit_card,upi_failure,1,2,2,3078.08,2026-03-30T09:18:02.183071,9,0,1,1928.64
pay_demo_003985,cust_0078,43326.76,INR,credit_card,card_declined,2,8,4,10369.98,2026-08-10T18:33:02.183089,18,0,0,0.0
pay_demo_003986,cust_0822,10054.7,INR,debit_card,upi_failure,1,0,5,2451.05,2026-04-23T10:18:02.183105,10,3,0,0.0
pay_demo_003987,cust_0164,5777.53,INR,debit_card,card_declined,2,12,2,20655.67,2026-08-08T13:53:02.183121,13,5,0,0.0
pay_demo_003988,cust_0962,35055.65,INR,netbanking,upi_failure,1,4,1,25482.16,2026-06-22T10:00:02.183137,10,0,1,33696.17
pay_demo_003989,cust_0523,4920.07,INR,upi,bank_timeout,1,3,1,17694.34,2026-05-06T21:23:02.183154,21,2,1,4594.14
pay_demo_003990,cust_0280,2369.3,INR,debit_card,insufficient_funds,1,9,4,20147.78,2026-03-15T00:10:02.183171,0,6,1,2274.51
pay_demo_003991,cust_0123,40512.97,INR,netbanking,network_error,1,19,1,744.44,2026-08-24T07:08:02.183188,7,0,0,0.0
pay_demo_003992,cust_0019,16316.8,INR,upi,upi_failure,2,16,0,16621.93,2026-06-20T23:50:02.183205,23,5,1,14399.49
pay_demo_003993,cust_0730,41999.8,INR,debit_card,bank_timeout,1,3,5,21790.52,2026-08-15T13:38:02.183224,13,5,1,41879.65
pay_demo_003994,cust_0728,11223.54,INR,netbanking,network_error,1,20,1,28862.2,2026-06-28T21:56:02.183242,21,6,1,10231.83
pay_demo_003995,cust_0425,28506.1,INR,netbanking,bank_timeout,2,20,0,5242.52,2026-06-14T10:34:02.183262,10,6,1,27776.89
pay_demo_003996,cust_0795,13062.28,INR,upi,insufficient_funds,2,11,4,15948.72,2026-07-10T11:13:02.183281,11,4,0,0.0
pay_demo_003997,cust_0163,2768.41,INR,debit_card,network_error,1,17,2,17751.24,2026-03-04T00:42:02.183298,0,2,1,2601.81
pay_demo_003998,cust_0868,8773.73,INR,upi,network_error,1,7,1,2831.53,2026-06-22T00:35:02.183326,0,0,1,7943.88
pay_demo_003999,cust_0992,34405.05,INR,netbanking,authentication_failed,2,3,3,12026.92,2026-04-24T07:22:02.183350,7,4,0,0.0
pay_demo_004000,cust_0099,10711.87,INR,debit_card,network_error,1,1,2,7436.07,2026-04-21T05:19:02.183367,5,1,1,10316.28
pay_demo_004001,cust_0298,32532.41,INR,netbanking,upi_failure,1,16,3,4752.96,2026-02-28T05:06:02.183387,5,5,1,29228.56
pay_demo_004002,cust_0814,44406.84,INR,credit_card,insufficient_funds,1,4,2,26853.69,2026-04-08T08:38:02.183410,8,2,0,0.0
pay_demo_004003,cust_0261,4882.45,INR,credit_card,card_declined,1,6,5,26059.01,2026-05-26T12:31:02.183432,12,1,1,4334.12
pay_demo_004004,cust_0558,19963.67,INR,upi,authentication_failed,1,16,1,17509.96,2026-06-09T22:29:02.183451,22,1,0,0.0
pay_demo_004005,cust_0225,18575.85,INR,debit_card,insufficient_funds,1,15,4,16146.82,2026-04-05T06:03:02.183472,6,6,1,17210.37
pay_demo_004006,cust_0604,8764.83,INR,netbanking,network_error,1,12,4,6286.26,2026-05-25T02:04:02.183491,2,0,0,0.0
pay_demo_004007,cust_0613,20856.38,INR,credit_card,card_declined,1,5,1,7579.78,2026-04-12T16:57:02.183508,16,6,0,0.0
pay_demo_004008,cust_0826,8866.06,INR,debit_card,insufficient_funds,2,3,4,6572.88,2026-03-25T01:14:02.183524,1,2,0,0.0
pay_demo_004009,cust_0353,48269.55,INR,netbanking,network_error,2,1,1,27200.01,2026-07-24T08:01:02.183541,8,4,0,0.0
pay_demo_004010,cust_0091,43072.51,INR,netbanking,bank_timeout,1,0,3,4333.35,2026-06-13T12:07:02.183557,12,5,1,42518.0
pay_demo_004011,cust_0137,37495.24,INR,debit_card,upi_failure,1,11,5,6799.64,2026-08-03T03:44:02.183579,3,0,1,35788.37
pay_demo_004012,cust_0637,3846.53,INR,credit_card,insufficient_funds,2,3,4,13219.92,2026-03-11T00:35:02.183596,0,2,0,0.0
pay_demo_004013,cust_0990,23539.28,INR,upi,card_declined,1,15,5,8081.72,2026-04-26T03:22:02.183615,3,6,1,20487.68
pay_demo_004014,cust_0053,35679.04,INR,upi,bank_timeout,1,1,2,545.34,2026-06-30T07:46:02.183632,7,1,0,0.0
pay_demo_004015,cust_0253,37135.63,INR,credit_card,card_declined,1,2,5,16614.59,2026-04-29T01:32:02.183650,1,2,0,0.0
pay_demo_004016,cust_0805,31119.46,INR,debit_card,authentication_failed,1,9,1,4430.89,2026-07-04T05:48:02.183667,5,5,1,30844.87
pay_demo_004017,cust_0133,6869.83,INR,credit_card,upi_failure,2,15,3,13804.86,2026-07-12T09:33:02.183686,9,6,1,6099.3
pay_demo_004018,cust_0457,33787.75,INR,upi,insufficient_funds,3,16,4,26379.29,2026-07-11T21:56:02.183703,21,5,0,0.0
pay_demo_004019,cust_0959,46293.44,INR,debit_card,card_declined,3,7,5,11664.62,2026-04-14T16:25:02.183720,16,1,0,0.0
pay_demo_004020,cust_0847,19932.56,INR,netbanking,network_error,2,9,1,24434.39,2026-08-23T00:12:02.183740,0,6,1,18937.39
pay_demo_004021,cust_0474,16695.04,INR,credit_card,upi_failure,1,19,2,13688.68,2026-04-28T22:06:02.183758,22,1,1,15150.71
pay_demo_004022,cust_0719,47618.54,INR,credit_card,authentication_failed,1,16,2,7619.74,2026-03-15T03:59:02.183774,3,6,0,0.0
pay_demo_004023,cust_0154,49540.86,INR,debit_card,upi_failure,1,13,5,20122.36,2026-03-15T08:25:02.183795,8,6,1,49171.2
pay_demo_004024,cust_0422,37357.3,INR,netbanking,authentication_failed,1,2,4,29813.09,2026-04-04T07:12:02.183812,7,5,0,0.0
pay_demo_004025,cust_0445,10919.41,INR,netbanking,authentication_failed,2,7,4,10104.26,2026-06-14T03:42:02.183828,3,6,0,0.0
pay_demo_004026,cust_0805,29371.61,INR,upi,bank_timeout,2,10,5,13427.71,2026-06-30T03:41:02.183846,3,1,1,29200.81
pay_demo_004027,cust_0053,4551.75,INR,debit_card,card_declined,1,15,4,12964.33,2026-05-17T02:50:02.183863,2,6,1,4213.91
pay_demo_004028,cust_0801,29253.97,INR,debit_card,upi_failure,2,18,4,26396.83,2026-03-07T09:26:02.183880,9,5,1,25242.79
pay_demo_004029,cust_0491,27786.97,INR,credit_card,insufficient_funds,1,17,5,19521.73,2026-08-22T23:56:02.183897,23,5,1,26713.09
pay_demo_004030,cust_0183,25329.57,INR,netbanking,authentication_failed,1,1,3,5875.04,2026-08-06T13:31:02.183913,13,3,0,0.0
pay_demo_004031,cust_0332,29391.44,INR,upi,upi_failure,2,1,4,21128.9,2026-05-06T20:22:02.183929,20,2,0,0.0
pay_demo_004032,cust_0715,39268.22,INR,upi,authentication_failed,1,0,5,8322.49,2026-05-29T07:18:02.183945,7,4,0,0.0
pay_demo_004033,cust_0496,45030.5,INR,debit_card,insufficient_funds,1,15,5,27044.32,2026-06-13T00:18:02.183978,0,5,0,0.0
pay_demo_004034,cust_0604,47938.51,INR,netbanking,upi_failure,2,4,4,9273.62,2026-04-17T17:08:02.183996,17,4,0,0.0
pay_demo_004035,cust_0046,47502.57,INR,debit_card,bank_timeout,1,18,3,5081.01,2026-06-04T21:51:02.184012,21,3,1,45026.75
pay_demo_004036,cust_0886,45522.26,INR,credit_card,insufficient_funds,1,13,3,11507.59,2026-05-05T02:32:02.184031,2,1,1,42092.43
pay_demo_004037,cust_0218,12684.4,INR,credit_card,card_declined,2,10,4,25699.11,2026-06-06T22:49:02.184048,22,5,0,0.0
pay_demo_004038,cust_0682,3666.03,INR,debit_card,authentication_failed,1,14,4,3218.43,2026-08-27T08:04:02.184064,8,3,0,0.0
pay_demo_004039,cust_0489,3935.61,INR,credit_card,network_error,1,13,0,28240.94,2026-04-02T05:00:02.184080,5,3,1,3629.44
pay_demo_004040,cust_0271,49823.15,INR,netbanking,authentication_failed,3,19,3,25059.49,2026-06-19T08:53:02.184098,8,4,0,0.0
pay_demo_004041,cust_0813,42265.25,INR,upi,card_declined,1,5,2,23157.37,2026-05-25T11:35:02.184117,11,0,1,39098.22
pay_demo_004042,cust_0830,12400.0,INR,upi,insufficient_funds,1,6,3,27941.94,2026-04-03T12:17:02.184134,12,4,1,10808.6
pay_demo_004043,cust_0372,16431.05,INR,netbanking,authentication_failed,2,12,3,6602.97,2026-08-25T08:27:02.184154,8,1,0,0.0
pay_demo_004044,cust_0778,4862.11,INR,upi,authentication_failed,1,16,5,7107.92,2026-03-28T14:11:02.184170,14,5,0,0.0
pay_demo_004045,cust_0473,42088.64,INR,debit_card,authentication_failed,1,2,1,20556.01,2026-08-05T15:23:02.184187,15,2,1,40179.94
pay_demo_004046,cust_0808,30453.2,INR,netbanking,authentication_failed,2,3,4,12148.38,2026-05-07T13:37:02.184207,13,3,0,0.0
pay_demo_004047,cust_0715,15046.04,INR,credit_card,network_error,2,1,4,9891.72,2026-03-19T04:09:02.184225,4,3,1,13549.47
pay_demo_004048,cust_0911,49607.89,INR,credit_card,bank_timeout,1,12,1,12007.02,2026-07-28T22:40:02.184245,22,1,1,47217.95
pay_demo_004049,cust_0399,13097.04,INR,netbanking,network_error,1,20,0,26197.3,2026-04-21T20:57:02.184264,20,1,1,11534.2
pay_demo_004050,cust_0670,18324.5,INR,credit_card,authentication_failed,2,20,5,19114.45,2026-03-26T10:39:02.184283,10,3,0,0.0
pay_demo_004051,cust_0954,8172.56,INR,credit_card,network_error,1,17,3,13499.67,2026-04-29T01:59:02.184304,1,2,1,7356.9
pay_demo_004052,cust_0306,25938.08,INR,upi,card_declined,1,5,5,17840.55,2026-03-26T11:24:02.184324,11,3,0,0.0
pay_demo_004053,cust_0784,30145.8,INR,upi,upi_failure,1,17,1,29231.64,2026-04-27T23:59:02.184344,23,0,1,28594.16
pay_demo_004054,cust_0588,12514.9,INR,upi,insufficient_funds,3,12,4,17371.89,2026-04-29T15:36:02.184363,15,2,0,0.0
pay_demo_004055,cust_0021,7998.88,INR,credit_card,card_declined,2,17,2,2734.4,2026-04-22T08:57:02.184379,8,2,0,0.0
pay_demo_004056,cust_0710,6943.3,INR,upi,network_error,1,20,5,11545.1,2026-03-29T12:12:02.184396,12,6,1,6332.65
pay_demo_004057,cust_0088,23751.48,INR,debit_card,upi_failure,1,5,1,6993.38,2026-05-25T12:06:02.184413,12,0,1,20650.65
pay_demo_004058,cust_0560,16293.54,INR,netbanking,authentication_failed,1,13,1,669.39,2026-03-10T19:13:02.184430,19,1,0,0.0
pay_demo_004059,cust_0152,27437.51,INR,credit_card,network_error,2,7,2,28540.47,2026-04-10T09:29:02.184447,9,4,0,0.0
pay_demo_004060,cust_0628,24993.08,INR,debit_card,authentication_failed,2,11,4,19643.09,2026-06-12T08:52:02.184463,8,4,0,0.0
pay_demo_004061,cust_0421,26407.15,INR,debit_card,authentication_failed,1,13,2,20438.7,2026-06-06T22:33:02.184479,22,5,0,0.0
pay_demo_004062,cust_0701,7714.35,INR,credit_card,bank_timeout,2,3,4,28501.09,2026-03-05T22:29:02.184498,22,3,0,0.0
pay_demo_004063,cust_0560,2646.06,INR,netbanking,upi_failure,1,9,2,22629.95,2026-03-07T13:28:02.184517,13,5,0,0.0
pay_demo_004064,cust_0114,32595.41,INR,debit_card,network_error,1,0,4,27182.16,2026-04-07T02:10:02.184534,2,1,0,0.0
pay_demo_004065,cust_0431,24426.8,INR,netbanking,upi_failure,1,13,0,17854.03,2026-05-05T06:11:02.184549,6,1,1,23591.21
pay_demo_004066,cust_0562,47748.04,INR,netbanking,insufficient_funds,2,20,2,11965.53,2026-06-04T16:03:02.184566,16,3,1,42156.2
pay_demo_004067,cust_0308,40898.48,INR,netbanking,upi_failure,2,13,1,6359.67,2026-04-27T05:05:02.184584,5,0,1,40043.41
pay_demo_004068,cust_0160,39702.04,INR,netbanking,insufficient_funds,1,19,0,10675.38,2026-07-12T17:31:02.184603,17,6,0,0.0
pay_demo_004069,cust_0298,10495.45,INR,netbanking,insufficient_funds,1,10,0,10032.4,2026-07-16T20:24:02.184619,20,3,1,9377.36
pay_demo_004070,cust_0328,45432.53,INR,upi,upi_failure,1,13,0,18917.25,2026-03-16T05:35:02.184637,5,0,1,39734.24
pay_demo_004071,cust_0078,13630.13,INR,netbanking,card_declined,1,13,3,974.2,2026-04-13T00:03:02.184655,0,0,0,0.0
pay_demo_004072,cust_0325,29113.89,INR,upi,card_declined,2,15,5,7339.45,2026-05-08T12:49:02.184672,12,4,0,0.0
pay_demo_004073,cust_0629,22172.77,INR,debit_card,network_error,1,9,4,22551.49,2026-03-06T02:40:02.184690,2,4,0,0.0
pay_demo_004074,cust_0925,32798.05,INR,debit_card,card_declined,1,3,5,18556.19,2026-06-24T15:46:02.184708,15,2,0,0.0
pay_demo_004075,cust_0982,39673.77,INR,netbanking,bank_timeout,2,7,4,9943.92,2026-06-02T08:46:02.184725,8,1,1,36564.17
pay_demo_004076,cust_0495,14027.86,INR,netbanking,authentication_failed,1,4,1,15473.88,2026-04-18T09:34:02.184742,9,5,1,12700.52
pay_demo_004077,cust_0925,40778.05,INR,upi,network_error,2,16,3,10297.25,2026-04-23T05:07:02.184760,5,3,1,38752.28
pay_demo_004078,cust_0869,48675.8,INR,credit_card,authentication_failed,1,19,0,19357.89,2026-08-20T22:42:02.184777,22,3,1,45676.36
pay_demo_004079,cust_0328,14475.3,INR,upi,card_declined,1,10,4,11247.45,2026-08-19T13:16:02.184794,13,2,1,13535.73
pay_demo_004080,cust_0586,11361.03,INR,debit_card,insufficient_funds,1,4,5,22311.84,2026-04-29T20:54:02.184811,20,2,0,0.0
pay_demo_004081,cust_0193,30581.37,INR,credit_card,bank_timeout,2,13,2,7483.99,2026-05-24T17:06:02.184828,17,6,1,29267.97
pay_demo_004082,cust_0628,47255.48,INR,debit_card,network_error,1,0,4,12180.57,2026-07-18T07:51:02.184846,7,5,0,0.0
pay_demo_004083,cust_0748,35255.51,INR,netbanking,bank_timeout,1,17,3,23035.26,2026-06-05T03:32:02.184866,3,4,1,32633.81
pay_demo_004084,cust_0881,27691.12,INR,netbanking,insufficient_funds,1,13,1,1898.36,2026-04-29T09:48:02.184886,9,2,0,0.0
pay_demo_004085,cust_0595,32133.07,INR,credit_card,card_declined,2,13,0,17291.96,2026-03-12T05:31:02.184909,5,3,0,0.0
pay_demo_004086,cust_0516,40558.6,INR,debit_card,bank_timeout,2,1,5,19456.3,2026-06-17T12:20:02.184927,12,2,1,34756.91
pay_demo_004087,cust_0722,7196.71,INR,netbanking,insufficient_funds,2,0,5,2909.85,2026-05-06T04:48:02.184946,4,2,0,0.0
pay_demo_004088,cust_0728,9261.92,INR,credit_card,card_declined,1,14,4,5170.99,2026-06-14T11:47:02.184963,11,6,1,7894.44
pay_demo_004089,cust_0637,15353.61,INR,upi,authentication_failed,1,15,0,2496.79,2026-05-06T13:49:02.184980,13,2,1,14395.67
pay_demo_004090,cust_0861,38578.2,INR,netbanking,insufficient_funds,1,20,2,16831.67,2026-03-29T06:33:02.184998,6,6,0,0.0
pay_demo_004091,cust_0687,1908.09,INR,debit_card,bank_timeout,1,10,1,20875.14,2026-08-27T12:50:02.185018,12,3,1,1834.15
pay_demo_004092,cust_0347,31005.67,INR,netbanking,insufficient_funds,1,6,4,28393.92,2026-08-19T09:15:02.185038,9,2,0,0.0
pay_demo_004093,cust_0715,48692.53,INR,debit_card,bank_timeout,2,1,3,18377.29,2026-05-05T18:58:02.185059,18,1,0,0.0
pay_demo_004094,cust_0799,6598.89,INR,upi,upi_failure,1,7,4,13772.12,2026-08-20T18:32:02.185076,18,3,1,6465.31
pay_demo_004095,cust_0534,46856.11,INR,credit_card,card_declined,1,17,1,3793.35,2026-04-03T18:43:02.185096,18,4,0,0.0
pay_demo_004096,cust_0087,11290.2,INR,upi,card_declined,1,13,5,6170.38,2026-08-18T07:39:02.185114,7,1,0,0.0
pay_demo_004097,cust_0544,10944.39,INR,netbanking,network_error,1,16,1,29344.44,2026-05-11T07:03:02.185130,7,0,1,9505.68
pay_demo_004098,cust_0454,8261.78,INR,netbanking,card_declined,1,13,0,28062.07,2026-04-28T08:39:02.185148,8,1,0,0.0
pay_demo_004099,cust_0957,17624.82,INR,debit_card,card_declined,2,10,2,3464.26,2026-08-27T13:15:02.185164,13,3,0,0.0
pay_demo_004100,cust_0776,32012.44,INR,netbanking,card_declined,2,4,2,29328.01,2026-06-13T22:51:02.185181,22,5,0,0.0
pay_demo_004101,cust_0337,34484.6,INR,upi,bank_timeout,1,10,2,16093.66,2026-07-20T17:41:02.185198,17,0,1,31817.72
pay_demo_004102,cust_0299,37852.38,INR,netbanking,authentication_failed,1,16,0,5011.02,2026-07-29T23:12:02.185214,23,2,1,33799.86
pay_demo_004103,cust_0379,3151.51,INR,netbanking,authentication_failed,2,9,4,7718.51,2026-05-16T12:02:02.185234,12,5,1,2926.02
pay_demo_004104,cust_0122,21520.49,INR,upi,bank_timeout,1,11,5,11781.0,2026-05-08T21:48:02.185256,21,4,0,0.0
pay_demo_004105,cust_0664,14369.73,INR,debit_card,card_declined,1,11,0,1741.72,2026-06-09T13:27:02.185271,13,1,1,12862.78
pay_demo_004106,cust_0972,32107.93,INR,credit_card,insufficient_funds,1,0,3,26287.14,2026-04-03T04:19:02.185289,4,4,0,0.0
pay_demo_004107,cust_0039,46357.27,INR,netbanking,upi_failure,1,9,4,7638.89,2026-05-08T03:40:02.185304,3,4,0,0.0
pay_demo_004108,cust_0757,34861.39,INR,upi,authentication_failed,1,20,3,6729.39,2026-07-03T11:44:02.185332,11,4,1,32180.05
pay_demo_004109,cust_0892,8404.2,INR,debit_card,upi_failure,2,3,3,1632.25,2026-07-02T16:40:02.185354,16,3,1,7225.03
pay_demo_004110,cust_0782,38685.05,INR,credit_card,upi_failure,1,20,4,19104.83,2026-05-15T11:18:02.185374,11,4,1,34320.13
pay_demo_004111,cust_0623,1953.85,INR,upi,authentication_failed,1,11,1,17955.08,2026-04-09T23:45:02.185398,23,3,1,1866.36
pay_demo_004112,cust_0894,45129.49,INR,netbanking,card_declined,1,10,0,9396.94,2026-03-05T05:38:02.185434,5,3,1,39101.25
pay_demo_004113,cust_0449,2736.3,INR,netbanking,insufficient_funds,1,0,4,15282.01,2026-07-29T11:36:02.185475,11,2,0,0.0
pay_demo_004114,cust_0983,26758.55,INR,upi,insufficient_funds,2,7,5,16594.42,2026-05-22T04:56:02.185504,4,4,0,0.0
pay_demo_004115,cust_0696,9195.53,INR,upi,upi_failure,1,12,2,10102.69,2026-05-15T11:53:02.185522,11,4,1,8326.13
pay_demo_004116,cust_0238,5762.79,INR,debit_card,insufficient_funds,1,4,3,12371.82,2026-04-21T09:37:02.185543,9,1,1,5047.24
pay_demo_004117,cust_0888,8257.66,INR,debit_card,card_declined,2,20,4,28283.64,2026-04-24T15:39:02.185562,15,4,1,7065.0
pay_demo_004118,cust_0062,31617.33,INR,netbanking,bank_timeout,1,7,5,7003.89,2026-06-02T08:56:02.185580,8,1,1,31298.8
pay_demo_004119,cust_0038,44711.55,INR,credit_card,card_declined,2,2,2,25111.18,2026-06-24T09:57:02.185601,9,2,0,0.0
pay_demo_004120,cust_0919,20986.15,INR,upi,upi_failure,1,3,2,5967.98,2026-06-22T14:40:02.185622,14,0,1,19985.7
pay_demo_004121,cust_0513,37044.85,INR,credit_card,network_error,2,13,5,18084.04,2026-05-25T15:57:02.185639,15,0,1,35154.78
pay_demo_004122,cust_0860,28753.17,INR,upi,insufficient_funds,2,14,4,1813.83,2026-03-28T07:31:02.185657,7,5,0,0.0
pay_demo_004123,cust_0849,21542.86,INR,upi,network_error,1,17,1,13605.19,2026-03-28T11:03:02.185675,11,5,1,19362.49
pay_demo_004124,cust_0169,15760.43,INR,credit_card,card_declined,1,0,5,24148.61,2026-06-16T02:19:02.185693,2,1,1,13682.57
pay_demo_004125,cust_0448,13224.17,INR,debit_card,bank_timeout,2,13,5,4157.24,2026-05-29T17:44:02.185712,17,4,1,11547.85
pay_demo_004126,cust_0362,17206.03,INR,upi,network_error,1,13,5,4996.86,2026-08-05T17:28:02.185738,17,2,0,0.0
pay_demo_004127,cust_0262,46954.93,INR,debit_card,upi_failure,1,0,4,20176.89,2026-06-19T19:07:02.185755,19,4,0,0.0
pay_demo_004128,cust_0991,31495.79,INR,credit_card,card_declined,1,11,3,27127.16,2026-04-21T03:59:02.185772,3,1,0,0.0
pay_demo_004129,cust_0523,45255.94,INR,credit_card,authentication_failed,1,5,3,2618.72,2026-05-19T17:49:02.185790,17,1,0,0.0
pay_demo_004130,cust_0315,1824.43,INR,credit_card,authentication_failed,1,15,4,28120.79,2026-06-25T19:36:02.185806,19,3,0,0.0
pay_demo_004131,cust_0482,8086.2,INR,credit_card,insufficient_funds,1,13,1,13740.35,2026-05-10T09:44:02.185825,9,6,0,0.0
pay_demo_004132,cust_0445,44128.0,INR,debit_card,network_error,2,3,4,19219.48,2026-06-14T11:28:02.185841,11,6,1,43926.32
pay_demo_004133,cust_0656,35377.85,INR,debit_card,network_error,1,18,2,8420.35,2026-03-24T17:12:02.185861,17,1,0,0.0
pay_demo_004134,cust_0075,10222.45,INR,netbanking,upi_failure,1,15,1,29651.6,2026-05-16T10:30:02.185879,10,5,1,9088.73
pay_demo_004135,cust_0835,30256.21,INR,upi,authentication_failed,1,12,5,12969.42,2026-05-07T03:30:02.185896,3,3,0,0.0
pay_demo_004136,cust_0215,38210.17,INR,upi,insufficient_funds,1,3,5,21481.61,2026-07-06T20:32:02.185912,20,0,0,0.0
pay_demo_004137,cust_0461,29924.27,INR,debit_card,insufficient_funds,1,6,4,20577.36,2026-07-02T17:50:02.185927,17,3,1,25892.61
pay_demo_004138,cust_0327,39815.34,INR,upi,network_error,1,12,3,8746.65,2026-08-25T18:47:02.185944,18,1,1,36371.56
pay_demo_004139,cust_0551,3104.39,INR,upi,network_error,1,16,5,22259.29,2026-03-23T03:07:02.185961,3,0,1,2808.87
pay_demo_004140,cust_0199,3783.74,INR,debit_card,upi_failure,2,7,4,14778.71,2026-08-03T12:31:02.185977,12,0,1,3355.84
pay_demo_004141,cust_0829,4512.01,INR,debit_card,network_error,2,0,5,11638.61,2026-05-10T23:30:02.185994,23,6,0,0.0
pay_demo_004142,cust_0431,42332.39,INR,credit_card,authentication_failed,1,1,2,12216.75,2026-07-22T10:04:02.186009,10,2,0,0.0
pay_demo_004143,cust_0669,8894.55,INR,credit_card,upi_failure,2,15,4,19353.38,2026-07-25T19:03:02.186028,19,5,0,0.0
pay_demo_004144,cust_0946,47968.16,INR,upi,authentication_failed,2,4,3,28869.17,2026-08-02T16:41:02.186044,16,6,0,0.0
pay_demo_004145,cust_0045,47782.31,INR,credit_card,bank_timeout,1,9,0,2782.9,2026-04-27T04:06:02.186060,4,0,1,44785.89
pay_demo_004146,cust_0946,32650.21,INR,netbanking,insufficient_funds,2,16,0,1596.52,2026-03-24T08:21:02.186077,8,1,0,0.0
pay_demo_004147,cust_0363,9359.99,INR,netbanking,network_error,1,11,0,29428.28,2026-07-04T10:27:02.186100,10,5,1,8086.48
pay_demo_004148,cust_0401,27946.22,INR,credit_card,bank_timeout,1,14,1,14395.81,2026-07-08T22:29:02.186119,22,2,1,26629.55
pay_demo_004149,cust_0465,4321.3,INR,debit_card,insufficient_funds,1,6,4,795.35,2026-07-19T23:04:02.186136,23,6,0,0.0
pay_demo_004150,cust_0054,17196.2,INR,netbanking,insufficient_funds,1,1,3,714.52,2026-07-13T03:03:02.186152,3,0,0,0.0
pay_demo_004151,cust_0292,24723.4,INR,debit_card,authentication_failed,1,16,5,16260.7,2026-04-14T04:52:02.186172,4,1,0,0.0
pay_demo_004152,cust_0065,11705.62,INR,netbanking,insufficient_funds,1,10,1,5003.95,2026-07-05T18:54:02.186189,18,6,0,0.0
pay_demo_004153,cust_0589,22784.99,INR,credit_card,upi_failure,1,3,2,17983.44,2026-03-07T16:27:02.186205,16,5,1,21704.76
pay_demo_004154,cust_0867,44667.32,INR,netbanking,upi_failure,1,20,0,15422.87,2026-05-17T14:39:02.186222,14,6,0,0.0
pay_demo_004155,cust_0615,13559.62,INR,upi,bank_timeout,1,20,4,5624.14,2026-06-19T10:49:02.186241,10,4,1,12338.81
pay_demo_004156,cust_0614,41824.67,INR,credit_card,card_declined,2,11,5,19662.24,2026-03-15T23:45:02.186260,23,6,0,0.0
pay_demo_004157,cust_0852,45922.07,INR,credit_card,network_error,1,1,0,26297.86,2026-04-22T00:33:02.186276,0,2,0,0.0
pay_demo_004158,cust_0993,1761.17,INR,upi,authentication_failed,1,14,1,3302.2,2026-08-08T16:13:02.186292,16,5,1,1592.78
pay_demo_004159,cust_0602,35389.34,INR,upi,upi_failure,1,7,0,24282.45,2026-05-24T02:36:02.186309,2,6,0,0.0
pay_demo_004160,cust_0595,21142.12,INR,upi,bank_timeout,1,9,3,1414.33,2026-03-22T02:50:02.186324,2,6,1,21107.18
pay_demo_004161,cust_0941,10598.3,INR,credit_card,bank_timeout,2,13,1,29593.41,2026-05-21T22:19:02.186341,22,3,1,9910.01
pay_demo_004162,cust_0080,49486.68,INR,debit_card,insufficient_funds,2,12,1,7317.53,2026-05-22T20:44:02.186359,20,4,1,42453.27
pay_demo_004163,cust_0563,47681.07,INR,credit_card,bank_timeout,1,15,0,20887.38,2026-07-28T04:12:02.186375,4,1,1,44692.06
pay_demo_004164,cust_0325,23362.5,INR,debit_card,bank_timeout,1,3,4,20143.39,2026-04-03T13:01:02.186392,13,4,0,0.0
pay_demo_004165,cust_0568,3865.42,INR,upi,bank_timeout,2,10,3,23254.92,2026-06-29T03:40:02.186407,3,0,0,0.0
pay_demo_004166,cust_0162,40167.94,INR,credit_card,upi_failure,1,2,3,24093.35,2026-06-27T12:51:02.186423,12,5,1,35731.79
pay_demo_004167,cust_0246,32677.58,INR,upi,insufficient_funds,2,16,3,14628.65,2026-08-02T22:37:02.186440,22,6,0,0.0
pay_demo_004168,cust_0425,16461.36,INR,netbanking,bank_timeout,1,18,1,29022.42,2026-05-26T09:34:02.186456,9,1,1,15087.98
pay_demo_004169,cust_0084,33281.77,INR,upi,upi_failure,1,15,2,6153.47,2026-07-26T01:31:02.186473,1,6,1,32601.54
pay_demo_004170,cust_0640,46512.41,INR,netbanking,authentication_failed,2,11,1,12116.07,2026-07-27T13:29:02.186490,13,0,1,42776.93
pay_demo_004171,cust_0935,26227.43,INR,upi,card_declined,2,17,1,3409.7,2026-07-31T13:07:02.186507,13,4,0,0.0
pay_demo_004172,cust_0981,5843.62,INR,upi,upi_failure,1,8,0,5137.81,2026-03-01T07:43:02.186523,7,6,0,0.0
pay_demo_004173,cust_0374,44364.44,INR,netbanking,card_declined,1,6,3,2693.47,2026-04-29T01:46:02.186539,1,2,0,0.0
pay_demo_004174,cust_0095,28753.55,INR,upi,authentication_failed,1,19,2,9652.83,2026-06-07T03:59:02.186556,3,6,1,26781.41
pay_demo_004175,cust_0488,37065.78,INR,upi,insufficient_funds,1,3,5,29424.0,2026-08-04T08:37:02.186572,8,1,0,0.0
pay_demo_004176,cust_0905,45336.55,INR,netbanking,bank_timeout,1,6,5,26366.72,2026-07-29T20:19:02.186588,20,2,1,39391.04
pay_demo_004177,cust_0219,26706.44,INR,upi,authentication_failed,3,20,5,3091.51,2026-07-17T23:47:02.186604,23,4,0,0.0
pay_demo_004178,cust_0988,16031.47,INR,netbanking,upi_failure,3,13,2,860.35,2026-08-11T05:58:02.186621,5,1,1,15227.58
pay_demo_004179,cust_0873,32568.0,INR,debit_card,upi_failure,2,12,5,2188.9,2026-05-07T06:10:02.186637,6,3,0,0.0
pay_demo_004180,cust_0983,7597.91,INR,debit_card,bank_timeout,1,8,1,8501.42,2026-03-04T18:43:02.186653,18,2,1,7552.77
pay_demo_004181,cust_0725,49338.99,INR,upi,bank_timeout,1,15,2,26390.68,2026-03-12T11:35:02.186670,11,3,1,43007.52
pay_demo_004182,cust_0932,37694.13,INR,credit_card,insufficient_funds,1,1,5,13050.15,2026-06-13T19:15:02.186687,19,5,0,0.0
pay_demo_004183,cust_0076,39870.41,INR,netbanking,network_error,1,1,1,15796.32,2026-03-28T12:56:02.186703,12,5,1,37645.12
pay_demo_004184,cust_0347,30746.4,INR,credit_card,upi_failure,2,13,3,9898.76,2026-08-11T08:44:02.186720,8,1,0,0.0
pay_demo_004185,cust_0435,13004.6,INR,credit_card,insufficient_funds,1,13,2,17624.4,2026-06-08T23:35:02.186736,23,0,1,11119.71
pay_demo_004186,cust_0332,32349.6,INR,debit_card,bank_timeout,1,6,3,29421.79,2026-03-13T20:03:02.186754,20,4,1,28582.97
pay_demo_004187,cust_0691,14671.92,INR,netbanking,authentication_failed,2,7,5,3602.99,2026-03-05T23:31:02.186771,23,3,0,0.0
pay_demo_004188,cust_0557,30011.36,INR,upi,authentication_failed,1,13,4,25150.51,2026-06-06T09:15:02.186788,9,5,0,0.0
pay_demo_004189,cust_0385,2864.95,INR,credit_card,bank_timeout,1,10,5,25830.65,2026-06-17T03:44:02.186804,3,2,1,2645.12
pay_demo_004190,cust_0858,25015.8,INR,credit_card,upi_failure,2,11,5,24978.52,2026-03-25T08:47:02.186822,8,2,1,22884.53
pay_demo_004191,cust_0618,23995.21,INR,upi,authentication_failed,1,11,1,25164.99,2026-05-27T16:58:02.186839,16,2,1,22792.19
pay_demo_004192,cust_0862,35178.88,INR,debit_card,bank_timeout,1,0,4,6820.87,2026-08-23T21:04:02.186858,21,6,0,0.0
pay_demo_004193,cust_0766,5955.65,INR,debit_card,network_error,1,18,5,13706.81,2026-03-16T23:15:02.186874,23,0,0,0.0
pay_demo_004194,cust_0636,18051.75,INR,upi,upi_failure,2,11,0,18169.41,2026-04-26T05:53:02.186890,5,6,1,16703.8
pay_demo_004195,cust_0544,13491.68,INR,credit_card,card_declined,1,1,3,28416.62,2026-03-25T04:22:02.186908,4,2,0,0.0
pay_demo_004196,cust_0914,8761.18,INR,upi,card_declined,2,3,0,18106.4,2026-06-20T22:11:02.186925,22,5,0,0.0
pay_demo_004197,cust_0707,36108.77,INR,netbanking,insufficient_funds,2,16,5,26812.22,2026-03-24T23:30:02.186955,23,1,0,0.0
pay_demo_004198,cust_0546,49845.32,INR,upi,card_declined,1,6,0,22983.08,2026-07-20T02:10:02.186983,2,0,1,43248.91
pay_demo_004199,cust_0960,29211.88,INR,credit_card,network_error,1,5,1,7621.8,2026-08-07T18:41:02.187007,18,4,1,26539.76
pay_demo_004200,cust_0511,7022.77,INR,upi,authentication_failed,2,6,4,25613.72,2026-05-10T20:35:02.187032,20,6,0,0.0
pay_demo_004201,cust_0180,34515.53,INR,upi,upi_failure,1,8,1,15155.75,2026-04-23T17:53:02.187056,17,3,0,0.0
pay_demo_004202,cust_0207,15914.31,INR,netbanking,insufficient_funds,1,8,1,27291.96,2026-08-02T02:05:02.187235,2,6,1,14266.03
pay_demo_004203,cust_0155,790.9,INR,debit_card,insufficient_funds,1,19,1,26943.3,2026-06-22T20:39:02.187268,20,0,1,749.32
pay_demo_004204,cust_0467,3462.18,INR,debit_card,insufficient_funds,1,10,4,4510.28,2026-06-04T16:07:02.187303,16,3,1,3412.23
pay_demo_004205,cust_0827,45367.61,INR,debit_card,upi_failure,1,17,3,15083.92,2026-02-28T04:48:02.187343,4,5,0,0.0
pay_demo_004206,cust_0405,14910.09,INR,credit_card,card_declined,1,18,2,13888.03,2026-07-02T07:16:02.187365,7,3,0,0.0
pay_demo_004207,cust_0642,5157.34,INR,upi,insufficient_funds,1,2,1,9958.28,2026-08-01T02:06:02.187384,2,5,0,0.0
pay_demo_004208,cust_0652,3867.88,INR,credit_card,bank_timeout,1,15,2,6037.85,2026-03-07T22:51:02.187401,22,5,1,3791.56
pay_demo_004209,cust_0415,48722.43,INR,debit_card,network_error,2,9,5,22085.15,2026-08-01T18:49:02.187427,18,5,0,0.0
pay_demo_004210,cust_0143,41174.24,INR,credit_card,insufficient_funds,1,5,0,16952.62,2026-06-25T07:14:02.187460,7,3,0,0.0
pay_demo_004211,cust_0330,44346.93,INR,netbanking,bank_timeout,2,18,2,6612.39,2026-08-01T16:32:02.187493,16,5,1,37774.3
pay_demo_004212,cust_0540,48752.26,INR,netbanking,network_error,1,19,1,4154.87,2026-07-30T10:10:02.187529,10,3,1,48359.74
pay_demo_004213,cust_0568,9453.03,INR,netbanking,authentication_failed,1,0,4,29867.66,2026-03-28T17:34:02.187564,17,5,0,0.0
pay_demo_004214,cust_0070,18744.35,INR,credit_card,bank_timeout,2,17,2,8463.73,2026-03-27T06:27:02.187593,6,4,1,18144.73
pay_demo_004215,cust_0824,12468.35,INR,upi,insufficient_funds,1,8,5,13411.29,2026-06-29T06:55:02.187629,6,0,0,0.0
pay_demo_004216,cust_0099,11321.94,INR,credit_card,card_declined,1,8,4,8364.19,2026-07-15T14:09:02.187664,14,2,1,10245.64
pay_demo_004217,cust_0316,1752.44,INR,netbanking,bank_timeout,1,7,2,9996.33,2026-04-20T07:54:02.187703,7,0,1,1714.08
pay_demo_004218,cust_0940,13337.29,INR,upi,authentication_failed,1,16,0,20198.61,2026-07-13T05:21:02.187738,5,0,1,12829.2
pay_demo_004219,cust_0530,49623.13,INR,upi,insufficient_funds,2,17,2,15018.56,2026-03-29T06:14:02.187778,6,6,0,0.0
pay_demo_004220,cust_0170,48084.13,INR,netbanking,authentication_failed,1,14,0,29767.07,2026-05-10T14:56:02.187813,14,6,1,43187.68
pay_demo_004221,cust_0871,40381.66,INR,credit_card,insufficient_funds,2,14,0,11749.11,2026-05-13T02:05:02.187846,2,2,1,37313.17
pay_demo_004222,cust_0661,44530.31,INR,netbanking,insufficient_funds,2,7,0,3446.14,2026-08-10T01:35:02.187879,1,0,0,0.0
pay_demo_004223,cust_0714,4846.28,INR,upi,network_error,1,7,0,18051.62,2026-04-24T17:16:02.187912,17,4,1,4202.27
pay_demo_004224,cust_0195,12930.56,INR,upi,insufficient_funds,1,19,0,29189.63,2026-08-25T17:31:02.187949,17,1,0,0.0
pay_demo_004225,cust_0586,31625.02,INR,credit_card,bank_timeout,1,17,4,4545.23,2026-08-14T23:44:02.187985,23,4,1,31553.7
pay_demo_004226,cust_0380,25964.52,INR,upi,card_declined,1,3,3,5884.1,2026-06-19T09:18:02.188019,9,4,0,0.0
pay_demo_004227,cust_0306,6523.55,INR,netbanking,network_error,1,15,1,4849.22,2026-06-06T22:13:02.188050,22,5,1,5960.5
pay_demo_004228,cust_0337,41757.0,INR,upi,upi_failure,2,7,3,24308.51,2026-05-07T04:22:02.188085,4,3,1,36242.87
pay_demo_004229,cust_0025,40759.36,INR,credit_card,authentication_failed,2,19,2,14562.23,2026-03-11T05:01:02.188120,5,2,0,0.0
pay_demo_004230,cust_0868,11860.9,INR,debit_card,bank_timeout,2,17,0,17266.92,2026-05-13T06:07:02.188158,6,2,1,11506.38
pay_demo_004231,cust_0957,37423.46,INR,debit_card,upi_failure,1,14,5,21062.16,2026-04-12T21:10:02.188193,21,6,0,0.0
pay_demo_004232,cust_0747,22473.68,INR,debit_card,insufficient_funds,1,10,2,2138.19,2026-03-18T12:05:02.188235,12,2,0,0.0
pay_demo_004233,cust_0087,48692.5,INR,debit_card,authentication_failed,1,13,3,24028.15,2026-06-17T23:26:02.188271,23,2,0,0.0
pay_demo_004234,cust_0806,8879.61,INR,upi,authentication_failed,1,15,2,18241.84,2026-03-28T02:47:02.188303,2,5,1,7594.87
pay_demo_004235,cust_0025,3763.4,INR,debit_card,authentication_failed,1,1,2,22262.94,2026-04-12T22:38:02.188337,22,6,1,3554.58
pay_demo_004236,cust_0020,28631.38,INR,debit_card,upi_failure,3,11,2,15814.84,2026-08-26T23:02:02.188376,23,2,0,0.0
pay_demo_004237,cust_0042,44495.11,INR,upi,bank_timeout,1,13,2,25553.02,2026-06-24T04:33:02.188419,4,2,1,40390.73
pay_demo_004238,cust_0811,10710.61,INR,netbanking,upi_failure,1,13,0,8820.59,2026-04-08T05:24:02.188461,5,2,1,9332.1
pay_demo_004239,cust_0289,19936.51,INR,credit_card,upi_failure,1,1,0,29002.58,2026-04-14T22:18:02.188500,22,1,1,18353.09
pay_demo_004240,cust_0340,36976.26,INR,upi,network_error,1,3,3,10910.67,2026-03-06T02:39:02.188540,2,4,0,0.0
pay_demo_004241,cust_0062,27932.27,INR,upi,upi_failure,1,19,0,9594.13,2026-07-31T14:01:02.188578,14,4,1,25582.58
pay_demo_004242,cust_0859,46498.04,INR,upi,card_declined,1,20,3,20671.0,2026-04-26T08:08:02.188615,8,6,1,44867.64
pay_demo_004243,cust_0740,33132.94,INR,credit_card,bank_timeout,1,7,1,21167.36,2026-07-27T05:33:02.188659,5,0,1,30160.92
pay_demo_004244,cust_0060,8275.64,INR,debit_card,card_declined,1,16,2,27658.59,2026-06-17T11:25:02.188697,11,2,0,0.0
pay_demo_004245,cust_0430,14286.25,INR,credit_card,upi_failure,1,2,5,16496.15,2026-07-11T07:05:02.188740,7,5,0,0.0
pay_demo_004246,cust_0792,3552.06,INR,upi,insufficient_funds,2,20,1,8519.76,2026-03-06T02:45:02.188779,2,4,0,0.0
pay_demo_004247,cust_0786,24757.08,INR,credit_card,network_error,1,10,4,3223.35,2026-06-20T14:29:02.188815,14,5,1,24420.96
pay_demo_004248,cust_0590,49624.18,INR,upi,bank_timeout,1,9,3,10522.83,2026-04-10T15:05:02.188855,15,4,1,45196.54
pay_demo_004249,cust_0904,48530.23,INR,credit_card,authentication_failed,2,17,5,25368.52,2026-04-21T08:27:02.188901,8,1,0,0.0
pay_demo_004250,cust_0019,32272.19,INR,netbanking,insufficient_funds,1,20,5,24263.56,2026-05-12T15:08:02.188934,15,1,1,30201.13
pay_demo_004251,cust_0948,10447.74,INR,upi,upi_failure,1,4,2,3789.69,2026-08-02T06:33:02.188966,6,6,1,9072.74
pay_demo_004252,cust_0130,42364.68,INR,netbanking,upi_failure,1,14,3,13040.54,2026-05-17T22:18:02.188998,22,6,0,0.0
pay_demo_004253,cust_0626,4264.38,INR,upi,network_error,1,11,1,11726.16,2026-06-24T19:41:02.189037,19,2,1,3993.72
pay_demo_004254,cust_0665,30638.46,INR,upi,card_declined,1,18,3,25441.12,2026-08-24T07:12:02.189074,7,0,1,27674.36
pay_demo_004255,cust_0771,42896.12,INR,debit_card,network_error,1,20,2,25448.6,2026-05-08T00:12:02.189119,0,4,0,0.0
pay_demo_004256,cust_0218,39865.88,INR,netbanking,card_declined,1,9,2,23660.36,2026-04-27T08:04:02.189154,8,0,0,0.0
pay_demo_004257,cust_0845,49719.02,INR,debit_card,bank_timeout,1,14,3,28366.88,2026-08-13T19:39:02.189192,19,3,1,49689.35
pay_demo_004258,cust_0768,1109.93,INR,upi,upi_failure,1,9,2,18722.21,2026-08-18T03:09:02.189229,3,1,1,1074.01
pay_demo_004259,cust_0709,31224.72,INR,debit_card,card_declined,2,4,2,11988.56,2026-03-19T17:31:02.189263,17,3,0,0.0
pay_demo_004260,cust_0265,47498.93,INR,debit_card,authentication_failed,1,11,2,22110.6,2026-03-09T03:32:02.189295,3,0,0,0.0
pay_demo_004261,cust_0400,47123.21,INR,netbanking,insufficient_funds,1,10,5,8508.87,2026-07-11T23:17:02.189345,23,5,0,0.0
pay_demo_004262,cust_0927,49145.65,INR,upi,network_error,2,6,0,20731.86,2026-07-17T08:03:02.189366,8,4,1,47182.75
pay_demo_004263,cust_0134,26493.02,INR,credit_card,card_declined,1,10,5,15471.54,2026-04-07T08:59:02.189389,8,1,0,0.0
pay_demo_004264,cust_0970,35925.95,INR,debit_card,insufficient_funds,2,20,3,24598.74,2026-08-22T16:36:02.189407,16,5,0,0.0
pay_demo_004265,cust_0948,21298.72,INR,upi,authentication_failed,1,14,3,20599.64,2026-06-10T15:28:02.189427,15,2,1,18654.95
pay_demo_004266,cust_0927,38559.65,INR,debit_card,insufficient_funds,1,1,0,28834.91,2026-03-26T11:11:02.189447,11,3,0,0.0
pay_demo_004267,cust_0106,21731.13,INR,credit_card,card_declined,1,14,5,16002.34,2026-07-23T15:31:02.189464,15,3,0,0.0
pay_demo_004268,cust_0109,21119.74,INR,debit_card,network_error,3,18,0,11992.94,2026-03-06T10:25:02.189480,10,4,1,19008.84
pay_demo_004269,cust_0876,41850.46,INR,netbanking,insufficient_funds,1,5,2,1564.21,2026-05-20T04:58:02.189501,4,2,0,0.0
pay_demo_004270,cust_0358,21469.17,INR,netbanking,network_error,1,19,4,4686.75,2026-08-14T08:20:02.189520,8,4,1,18397.19
pay_demo_004271,cust_0537,3352.95,INR,credit_card,authentication_failed,1,18,0,4671.86,2026-04-27T14:48:02.189541,14,0,1,2939.46
pay_demo_004272,cust_0443,28796.07,INR,credit_card,upi_failure,1,3,4,611.53,2026-03-02T11:19:02.189560,11,0,1,26969.9
pay_demo_004273,cust_0361,45399.8,INR,upi,bank_timeout,1,5,4,25487.98,2026-05-12T16:00:02.189581,16,1,1,40273.78
pay_demo_004274,cust_0110,27211.5,INR,netbanking,network_error,2,8,3,27487.86,2026-03-29T12:56:02.189604,12,6,0,0.0
pay_demo_004275,cust_0085,32745.52,INR,upi,insufficient_funds,2,18,5,29450.55,2026-05-25T04:38:02.189621,4,0,0,0.0
pay_demo_004276,cust_0443,34062.81,INR,debit_card,insufficient_funds,1,9,1,16949.92,2026-07-05T00:32:02.189643,0,6,0,0.0
pay_demo_004277,cust_0366,44050.62,INR,debit_card,insufficient_funds,1,9,3,7648.93,2026-04-27T16:43:02.189662,16,0,1,41591.33
pay_demo_004278,cust_0646,38943.57,INR,upi,authentication_failed,1,5,3,14509.49,2026-07-24T02:12:02.189680,2,4,0,0.0
pay_demo_004279,cust_0082,49773.09,INR,credit_card,bank_timeout,1,11,0,28489.3,2026-06-04T12:50:02.189697,12,3,1,43486.3
pay_demo_004280,cust_0455,30945.98,INR,credit_card,upi_failure,2,20,5,9504.36,2026-03-01T07:47:02.189715,7,6,1,29511.51
pay_demo_004281,cust_0148,19849.83,INR,netbanking,authentication_failed,1,7,5,15550.91,2026-03-10T07:26:02.189733,7,1,0,0.0
pay_demo_004282,cust_0853,13566.37,INR,upi,insufficient_funds,2,13,3,5389.38,2026-04-25T08:46:02.189750,8,5,0,0.0
pay_demo_004283,cust_0510,39464.94,INR,netbanking,network_error,1,9,0,13571.85,2026-02-28T18:24:02.189769,18,5,1,35777.86
pay_demo_004284,cust_0636,47868.45,INR,netbanking,upi_failure,1,9,0,22437.84,2026-04-25T16:58:02.189787,16,5,0,0.0
pay_demo_004285,cust_0682,25786.87,INR,credit_card,bank_timeout,1,8,0,21278.78,2026-08-25T09:11:02.189803,9,1,1,22314.48
pay_demo_004286,cust_0071,6905.63,INR,debit_card,insufficient_funds,2,7,3,2158.76,2026-07-12T10:39:02.189820,10,6,1,6323.28
pay_demo_004287,cust_0946,5164.59,INR,netbanking,insufficient_funds,2,10,0,2828.96,2026-07-05T12:49:02.189837,12,6,1,5089.17
pay_demo_004288,cust_0678,4157.11,INR,upi,authentication_failed,1,9,2,12172.18,2026-07-01T21:10:02.189854,21,2,1,3670.04
pay_demo_004289,cust_0059,34781.41,INR,upi,authentication_failed,1,8,4,6121.46,2026-05-04T12:36:02.189872,12,0,0,0.0
pay_demo_004290,cust_0975,1582.88,INR,netbanking,insufficient_funds,1,3,5,28030.56,2026-05-06T17:33:02.189888,17,2,1,1396.04
pay_demo_004291,cust_0854,29859.12,INR,upi,bank_timeout,2,0,0,19985.6,2026-06-14T05:52:02.189906,5,6,1,27233.3
pay_demo_004292,cust_0079,41388.89,INR,credit_card,insufficient_funds,2,8,0,29493.35,2026-05-13T21:49:02.189924,21,2,1,38435.08
pay_demo_004293,cust_0343,13642.2,INR,netbanking,card_declined,1,20,2,25727.59,2026-06-19T16:41:02.189945,16,4,1,12705.97
pay_demo_004294,cust_0043,41760.07,INR,netbanking,bank_timeout,1,17,5,25675.81,2026-08-19T14:41:02.189963,14,2,1,35825.49
pay_demo_004295,cust_0916,15928.38,INR,credit_card,bank_timeout,2,18,2,18531.79,2026-03-20T10:59:02.189981,10,4,1,15523.47
pay_demo_004296,cust_0155,24199.57,INR,credit_card,authentication_failed,2,15,3,18405.07,2026-05-13T22:08:02.190002,22,2,0,0.0
pay_demo_004297,cust_0336,12982.09,INR,debit_card,card_declined,1,15,2,742.78,2026-06-19T18:51:02.190019,18,4,1,11637.69
pay_demo_004298,cust_0886,13194.76,INR,upi,card_declined,1,8,5,22511.78,2026-04-21T10:14:02.190037,10,1,0,0.0
pay_demo_004299,cust_0113,39061.95,INR,netbanking,upi_failure,2,3,5,15787.57,2026-04-22T08:56:02.190053,8,2,0,0.0
pay_demo_004300,cust_0813,5967.28,INR,upi,card_declined,1,17,0,28443.88,2026-04-04T08:20:02.190070,8,5,1,5775.44
pay_demo_004301,cust_0339,17835.22,INR,netbanking,bank_timeout,1,12,3,22271.5,2026-05-22T13:06:02.190087,13,4,1,15284.71
pay_demo_004302,cust_0278,36759.27,INR,upi,upi_failure,2,8,5,4553.27,2026-06-22T19:15:02.190105,19,0,0,0.0
pay_demo_004303,cust_0415,24785.52,INR,upi,network_error,1,11,0,2411.53,2026-07-27T16:34:02.190123,16,0,1,23555.22
pay_demo_004304,cust_0674,20869.54,INR,credit_card,card_declined,1,19,3,1768.51,2026-07-22T15:58:02.190141,15,2,0,0.0
pay_demo_004305,cust_0421,36335.83,INR,upi,upi_failure,1,0,3,29287.59,2026-03-12T06:57:02.190159,6,3,0,0.0
pay_demo_004306,cust_0450,32738.39,INR,upi,card_declined,1,8,1,13065.11,2026-04-02T08:53:02.190176,8,3,0,0.0
pay_demo_004307,cust_0688,46607.91,INR,netbanking,card_declined,1,3,5,1897.46,2026-06-24T20:07:02.190191,20,2,1,42825.61
pay_demo_004308,cust_0086,16257.81,INR,upi,card_declined,1,2,5,25035.53,2026-05-02T12:14:02.190208,12,5,0,0.0
pay_demo_004309,cust_0985,5721.92,INR,upi,bank_timeout,2,15,4,7887.43,2026-04-20T14:39:02.190224,14,0,1,5174.84
pay_demo_004310,cust_0448,5311.78,INR,netbanking,card_declined,1,1,3,13122.15,2026-07-25T01:57:02.190240,1,5,1,4996.35
pay_demo_004311,cust_0164,39959.36,INR,credit_card,network_error,2,9,4,25991.98,2026-06-22T18:02:02.190258,18,0,1,39663.74
pay_demo_004312,cust_0607,39818.42,INR,upi,upi_failure,1,5,5,11224.54,2026-04-25T06:48:02.190278,6,5,1,35017.99
pay_demo_004313,cust_0977,41471.88,INR,debit_card,authentication_failed,1,16,5,17498.87,2026-07-15T02:13:02.190298,2,2,0,0.0
pay_demo_004314,cust_0047,17395.57,INR,debit_card,upi_failure,1,20,3,17931.48,2026-04-13T07:01:02.190320,7,0,1,15022.65
pay_demo_004315,cust_0688,38755.57,INR,debit_card,card_declined,2,1,4,6877.27,2026-08-03T01:02:02.190338,1,0,0,0.0
pay_demo_004316,cust_0881,28055.76,INR,upi,insufficient_funds,1,1,0,25572.13,2026-03-14T18:17:02.190354,18,5,1,24046.31
pay_demo_004317,cust_0670,20031.21,INR,credit_card,card_declined,1,11,2,18762.12,2026-03-21T20:42:02.190374,20,5,1,17396.85
pay_demo_004318,cust_0449,44970.74,INR,upi,card_declined,2,4,4,12473.15,2026-05-31T06:07:02.190393,6,6,0,0.0
pay_demo_004319,cust_0407,46199.86,INR,credit_card,card_declined,2,1,1,23526.18,2026-06-26T11:30:02.190409,11,4,0,0.0
pay_demo_004320,cust_0500,9562.78,INR,credit_card,bank_timeout,1,5,2,26256.21,2026-05-27T22:11:02.190425,22,2,1,8916.69
pay_demo_004321,cust_0968,45702.65,INR,netbanking,network_error,1,19,3,16994.91,2026-05-01T17:10:02.190443,17,4,1,45418.89
pay_demo_004322,cust_0666,43132.25,INR,netbanking,bank_timeout,2,17,1,19261.98,2026-06-15T20:14:02.190461,20,0,0,0.0
pay_demo_004323,cust_0058,49115.62,INR,upi,card_declined,1,17,2,15700.59,2026-06-27T01:14:02.190480,1,5,1,47708.17
pay_demo_004324,cust_0578,11725.64,INR,upi,bank_timeout,1,1,1,21196.1,2026-06-08T03:17:02.190498,3,0,1,10695.11
pay_demo_004325,cust_0726,26777.36,INR,netbanking,bank_timeout,1,18,5,7726.8,2026-05-24T04:12:02.190516,4,6,1,22782.1
pay_demo_004326,cust_0290,23480.43,INR,upi,authentication_failed,2,10,5,16856.3,2026-06-26T22:46:02.190533,22,4,0,0.0
pay_demo_004327,cust_0482,934.86,INR,netbanking,authentication_failed,1,0,1,25538.49,2026-05-11T15:39:02.190549,15,0,0,0.0
pay_demo_004328,cust_0117,49889.81,INR,upi,authentication_failed,2,1,2,27673.4,2026-08-15T20:05:02.190565,20,5,1,47069.92
pay_demo_004329,cust_0950,47554.75,INR,netbanking,upi_failure,1,6,4,15484.31,2026-08-27T06:44:02.190588,6,3,1,41705.16
pay_demo_004330,cust_0315,1413.21,INR,credit_card,network_error,1,10,0,13610.16,2026-05-31T13:48:02.190606,13,6,1,1240.19
pay_demo_004331,cust_0380,34734.72,INR,debit_card,bank_timeout,1,11,0,3953.46,2026-06-04T18:46:02.190623,18,3,1,31963.49
pay_demo_004332,cust_0095,40088.57,INR,netbanking,authentication_failed,2,11,0,21726.84,2026-07-27T17:07:02.190640,17,0,0,0.0
pay_demo_004333,cust_0638,37359.46,INR,upi,network_error,1,2,4,1223.13,2026-08-04T14:56:02.190658,14,1,1,32468.22
pay_demo_004334,cust_0992,35716.61,INR,upi,card_declined,1,1,2,22181.8,2026-05-24T21:41:02.190676,21,6,0,0.0
pay_demo_004335,cust_0439,29107.77,INR,credit_card,insufficient_funds,2,4,3,12511.39,2026-03-21T19:12:02.190692,19,5,0,0.0
pay_demo_004336,cust_0793,19257.17,INR,debit_card,card_declined,1,14,4,6490.41,2026-04-04T19:19:02.190709,19,5,0,0.0
pay_demo_004337,cust_0379,9072.74,INR,credit_card,network_error,1,1,2,12676.89,2026-05-14T22:34:02.190728,22,3,1,7822.0
pay_demo_004338,cust_0309,41506.01,INR,upi,insufficient_funds,1,19,2,18661.67,2026-07-23T03:42:02.190751,3,3,0,0.0
pay_demo_004339,cust_0549,49425.55,INR,upi,network_error,1,13,3,17568.77,2026-07-10T10:43:02.190768,10,4,0,0.0
pay_demo_004340,cust_0213,48402.47,INR,debit_card,authentication_failed,1,2,5,9533.89,2026-06-08T01:24:02.190785,1,0,0,0.0
pay_demo_004341,cust_0999,39651.44,INR,debit_card,card_declined,1,3,2,1435.96,2026-04-10T05:42:02.190801,5,4,0,0.0
pay_demo_004342,cust_0112,45824.11,INR,netbanking,authentication_failed,1,20,0,16256.24,2026-03-22T06:25:02.190818,6,6,0,0.0
pay_demo_004343,cust_0491,43894.9,INR,credit_card,insufficient_funds,3,1,1,6355.03,2026-06-17T19:11:02.190836,19,2,0,0.0
pay_demo_004344,cust_0845,10667.52,INR,credit_card,authentication_failed,1,20,1,3557.52,2026-04-04T12:02:02.190852,12,5,1,10297.12
pay_demo_004345,cust_0333,1549.32,INR,credit_card,card_declined,1,0,0,23457.26,2026-06-26T06:04:02.190873,6,4,0,0.0
pay_demo_004346,cust_0446,46458.08,INR,netbanking,network_error,1,1,3,19743.36,2026-05-20T22:15:02.190890,22,2,0,0.0
pay_demo_004347,cust_0165,23312.62,INR,netbanking,authentication_failed,1,13,3,6474.85,2026-04-21T23:40:02.190907,23,1,1,20533.15
pay_demo_004348,cust_0498,9837.89,INR,upi,network_error,2,4,1,6102.26,2026-08-16T05:33:02.190929,5,6,1,8405.8
pay_demo_004349,cust_0624,39897.69,INR,credit_card,upi_failure,1,1,5,20778.96,2026-05-27T20:29:02.190949,20,2,0,0.0
pay_demo_004350,cust_0710,46125.16,INR,credit_card,bank_timeout,1,16,5,18947.25,2026-03-13T10:09:02.190965,10,4,0,0.0
pay_demo_004351,cust_0193,20307.5,INR,credit_card,network_error,1,2,3,16561.07,2026-04-03T12:02:02.190981,12,4,1,17303.33
pay_demo_004352,cust_0794,44233.9,INR,netbanking,network_error,1,16,0,26319.69,2026-07-18T08:25:02.190998,8,5,1,37910.33
pay_demo_004353,cust_0745,43306.25,INR,debit_card,insufficient_funds,1,8,3,10014.5,2026-08-22T10:28:02.191017,10,5,0,0.0
pay_demo_004354,cust_0795,3938.91,INR,netbanking,network_error,1,20,2,3475.46,2026-03-24T04:12:02.191033,4,1,1,3617.7
pay_demo_004355,cust_0620,22254.71,INR,credit_card,bank_timeout,1,1,4,6757.77,2026-04-06T01:02:02.191049,1,0,0,0.0
pay_demo_004356,cust_0633,27394.21,INR,debit_card,authentication_failed,1,16,3,16753.92,2026-08-16T15:05:02.191068,15,6,1,27165.33
pay_demo_004357,cust_0253,9781.4,INR,netbanking,upi_failure,1,14,5,19214.85,2026-05-20T22:51:02.191086,22,2,1,8460.85
pay_demo_004358,cust_0072,33564.32,INR,upi,card_declined,2,13,2,2155.32,2026-03-17T04:06:02.191103,4,1,0,0.0
pay_demo_004359,cust_0592,23931.44,INR,debit_card,insufficient_funds,1,16,3,21881.57,2026-08-25T01:49:02.191122,1,1,0,0.0
pay_demo_004360,cust_0456,26297.09,INR,debit_card,authentication_failed,2,7,3,3654.0,2026-05-12T00:06:02.191139,0,1,0,0.0
pay_demo_004361,cust_0896,26389.05,INR,netbanking,bank_timeout,1,2,2,23702.32,2026-06-07T08:28:02.191155,8,6,0,0.0
pay_demo_004362,cust_0974,31902.86,INR,credit_card,authentication_failed,2,6,5,2795.89,2026-07-16T20:09:02.191171,20,3,0,0.0
pay_demo_004363,cust_0490,33499.03,INR,netbanking,insufficient_funds,1,19,4,8628.53,2026-06-24T16:50:02.191189,16,2,0,0.0
pay_demo_004364,cust_0856,5738.32,INR,credit_card,card_declined,1,1,2,19653.76,2026-03-23T08:36:02.191206,8,0,1,5251.74
pay_demo_004365,cust_0033,26488.27,INR,upi,card_declined,1,12,2,26957.94,2026-07-29T13:34:02.191225,13,2,0,0.0
pay_demo_004366,cust_0460,14856.26,INR,netbanking,insufficient_funds,1,19,5,14830.48,2026-03-11T13:09:02.191242,13,2,1,13580.33
pay_demo_004367,cust_0647,6435.71,INR,debit_card,authentication_failed,2,4,2,10355.96,2026-05-11T11:33:02.191262,11,0,0,0.0
pay_demo_004368,cust_0179,30584.59,INR,upi,card_declined,1,13,3,18668.81,2026-08-16T10:20:02.191278,10,6,0,0.0
pay_demo_004369,cust_0025,5124.88,INR,debit_card,bank_timeout,1,5,3,21659.46,2026-06-29T06:36:02.191298,6,0,1,4871.91
pay_demo_004370,cust_0539,11087.83,INR,credit_card,network_error,1,6,4,20159.06,2026-03-25T07:38:02.191316,7,2,0,0.0
pay_demo_004371,cust_0142,7925.74,INR,debit_card,card_declined,1,13,1,17108.4,2026-05-09T21:59:02.191332,21,5,0,0.0
pay_demo_004372,cust_0233,18148.04,INR,debit_card,card_declined,1,17,0,17007.03,2026-06-09T17:31:02.191359,17,1,0,0.0
pay_demo_004373,cust_0668,46317.56,INR,debit_card,network_error,1,4,3,7338.53,2026-05-26T23:21:02.191379,23,1,1,42140.56
pay_demo_004374,cust_0054,36541.31,INR,credit_card,card_declined,1,9,3,19282.56,2026-08-18T05:11:02.191400,5,1,0,0.0
pay_demo_004375,cust_0445,3958.36,INR,upi,network_error,2,2,0,1885.22,2026-07-31T10:37:02.191418,10,4,1,3575.76
pay_demo_004376,cust_0682,29725.33,INR,debit_card,upi_failure,1,9,5,7834.23,2026-08-14T20:32:02.191436,20,4,1,29212.95
pay_demo_004377,cust_0891,13584.54,INR,netbanking,insufficient_funds,1,15,5,9294.41,2026-03-14T01:52:02.191453,1,5,1,13185.96
pay_demo_004378,cust_0005,45584.42,INR,debit_card,insufficient_funds,2,4,2,20123.81,2026-04-09T05:30:02.191470,5,3,0,0.0
pay_demo_004379,cust_0957,44667.32,INR,credit_card,bank_timeout,1,6,1,3715.71,2026-05-18T12:10:02.191486,12,0,1,43153.95
pay_demo_004380,cust_0410,28563.61,INR,upi,bank_timeout,2,1,5,16200.32,2026-03-10T11:14:02.191506,11,1,0,0.0
pay_demo_004381,cust_0930,3473.11,INR,upi,card_declined,1,8,0,19360.24,2026-05-28T23:01:02.191525,23,3,0,0.0
pay_demo_004382,cust_0417,13632.78,INR,credit_card,card_declined,3,8,1,9648.29,2026-04-02T03:43:02.191544,3,3,0,0.0
pay_demo_004383,cust_0782,33639.3,INR,debit_card,insufficient_funds,2,11,0,25497.32,2026-07-09T14:31:02.191563,14,3,0,0.0
pay_demo_004384,cust_0911,24619.17,INR,debit_card,bank_timeout,1,13,0,5130.39,2026-05-24T01:26:02.191579,1,6,1,24165.75
pay_demo_004385,cust_0197,35909.03,INR,netbanking,upi_failure,1,20,4,15059.54,2026-06-07T05:03:02.191598,5,6,1,34501.98
pay_demo_004386,cust_0061,13164.41,INR,upi,authentication_failed,1,10,1,28886.69,2026-04-14T00:12:02.191615,0,1,1,12849.5
pay_demo_004387,cust_0169,38182.47,INR,upi,bank_timeout,1,8,5,7314.26,2026-03-12T16:22:02.191634,16,3,1,37988.88
pay_demo_004388,cust_0138,30234.15,INR,netbanking,card_declined,2,9,5,23348.87,2026-06-30T16:13:02.191651,16,1,0,0.0
pay_demo_004389,cust_0735,48768.21,INR,debit_card,upi_failure,1,16,3,28486.65,2026-04-22T01:21:02.191668,1,2,1,46803.79
pay_demo_004390,cust_0900,35426.92,INR,debit_card,card_declined,2,4,2,19270.57,2026-05-19T00:45:02.191685,0,1,0,0.0
pay_demo_004391,cust_0936,31093.73,INR,credit_card,authentication_failed,2,6,5,23319.83,2026-08-01T05:12:02.191701,5,5,1,26477.12
pay_demo_004392,cust_0462,31465.39,INR,upi,bank_timeout,1,18,3,16991.57,2026-06-14T18:23:02.191718,18,6,1,29142.59
pay_demo_004393,cust_0593,28581.94,INR,upi,card_declined,1,4,0,4295.96,2026-07-26T10:40:02.191737,10,6,1,26463.68
pay_demo_004394,cust_0984,30301.32,INR,upi,insufficient_funds,1,18,0,552.06,2026-03-16T12:32:02.191754,12,0,1,28318.49
pay_demo_004395,cust_0582,4611.97,INR,debit_card,insufficient_funds,1,11,3,10833.2,2026-07-29T03:53:02.191771,3,2,0,0.0
pay_demo_004396,cust_0790,11303.13,INR,credit_card,upi_failure,1,14,5,1291.38,2026-08-22T10:08:02.191790,10,5,0,0.0
pay_demo_004397,cust_0668,10979.48,INR,credit_card,network_error,1,20,2,7540.17,2026-05-04T06:15:02.191806,6,0,1,10622.79
pay_demo_004398,cust_0939,13620.22,INR,debit_card,network_error,1,15,1,29906.05,2026-07-27T19:29:02.191822,19,0,1,11911.3
pay_demo_004399,cust_0653,5217.56,INR,upi,insufficient_funds,1,20,1,3292.5,2026-03-12T07:57:02.191839,7,3,1,4684.85
pay_demo_004400,cust_0269,38454.73,INR,credit_card,card_declined,1,14,0,14883.99,2026-05-25T23:34:02.191856,23,0,0,0.0
pay_demo_004401,cust_0026,31161.46,INR,upi,authentication_failed,1,4,3,20227.57,2026-07-11T09:37:02.191872,9,5,0,0.0
pay_demo_004402,cust_0184,46597.41,INR,credit_card,insufficient_funds,1,14,1,597.84,2026-04-23T04:29:02.191891,4,3,1,39975.29
pay_demo_004403,cust_0757,24656.21,INR,netbanking,network_error,1,20,1,13507.41,2026-04-17T08:31:02.191911,8,4,1,23411.91
pay_demo_004404,cust_0167,35078.37,INR,credit_card,network_error,1,13,1,11969.69,2026-07-31T07:43:02.191929,7,4,1,31721.1
pay_demo_004405,cust_0275,5559.94,INR,credit_card,network_error,2,14,5,26763.71,2026-07-19T07:52:02.191949,7,6,1,5059.35
pay_demo_004406,cust_0151,37169.85,INR,upi,bank_timeout,1,11,0,9812.55,2026-04-02T13:52:02.191967,13,3,1,34279.93
pay_demo_004407,cust_0291,22427.39,INR,netbanking,bank_timeout,1,10,5,7104.49,2026-07-06T21:21:02.191988,21,0,1,20563.58
pay_demo_004408,cust_0964,38748.34,INR,upi,authentication_failed,1,9,3,10219.3,2026-05-21T21:23:02.192006,21,3,0,0.0
pay_demo_004409,cust_0852,21266.46,INR,upi,card_declined,1,20,0,4703.69,2026-08-22T23:12:02.192023,23,5,1,18214.73
pay_demo_004410,cust_0511,26511.53,INR,debit_card,authentication_failed,1,18,2,26690.25,2026-04-16T02:04:02.192039,2,3,1,25538.58
pay_demo_004411,cust_0899,23310.44,INR,upi,upi_failure,1,4,2,7205.49,2026-03-14T22:07:02.192056,22,5,1,22085.47
pay_demo_004412,cust_0432,9825.4,INR,upi,upi_failure,2,15,3,29595.18,2026-07-05T18:16:02.192074,18,6,0,0.0
pay_demo_004413,cust_0570,23489.67,INR,credit_card,authentication_failed,2,15,2,20427.93,2026-05-21T18:51:02.192092,18,3,0,0.0
pay_demo_004414,cust_0405,45559.23,INR,netbanking,upi_failure,1,2,5,26512.26,2026-07-17T02:46:02.192109,2,4,1,43916.72
pay_demo_004415,cust_0212,27045.15,INR,credit_card,authentication_failed,1,10,3,18276.46,2026-08-03T14:07:02.192125,14,0,1,25629.37
pay_demo_004416,cust_0258,32776.15,INR,debit_card,bank_timeout,1,18,3,19962.91,2026-06-08T02:26:02.192146,2,0,1,32634.55
pay_demo_004417,cust_0778,38190.78,INR,netbanking,insufficient_funds,1,6,4,8699.63,2026-04-02T01:09:02.192165,1,3,0,0.0
pay_demo_004418,cust_0145,38392.41,INR,netbanking,authentication_failed,1,11,3,25684.82,2026-06-30T02:22:02.192181,2,1,0,0.0
pay_demo_004419,cust_0424,26491.53,INR,upi,authentication_failed,1,10,5,3739.34,2026-04-11T19:40:02.192197,19,5,1,22870.16
pay_demo_004420,cust_0930,6105.63,INR,upi,insufficient_funds,1,17,3,13861.47,2026-08-23T08:40:02.192213,8,6,1,5720.11
pay_demo_004421,cust_0281,14035.58,INR,debit_card,card_declined,1,2,4,12541.37,2026-05-16T00:33:02.192230,0,5,0,0.0
pay_demo_004422,cust_0703,18946.6,INR,upi,bank_timeout,2,1,5,8474.36,2026-06-19T23:13:02.192249,23,4,1,16335.31
pay_demo_004423,cust_0190,19732.13,INR,debit_card,upi_failure,1,9,3,11419.19,2026-03-16T11:39:02.192270,11,0,1,18980.48
pay_demo_004424,cust_0904,9790.5,INR,credit_card,network_error,1,15,2,2965.88,2026-08-12T14:02:02.192288,14,2,1,8958.14
pay_demo_004425,cust_0333,30792.53,INR,credit_card,insufficient_funds,1,19,2,26790.41,2026-05-10T01:51:02.192307,1,6,1,26715.35
pay_demo_004426,cust_0720,24364.46,INR,upi,card_declined,2,12,2,6998.89,2026-05-01T16:09:02.192324,16,4,1,23762.68
pay_demo_004427,cust_0013,16234.49,INR,debit_card,insufficient_funds,1,0,3,21425.58,2026-08-10T03:05:02.192341,3,0,1,15825.72
pay_demo_004428,cust_0153,29023.31,INR,upi,network_error,2,12,0,10872.7,2026-08-13T08:55:02.192359,8,3,0,0.0
pay_demo_004429,cust_0880,42142.98,INR,netbanking,card_declined,1,19,0,6997.49,2026-05-02T22:41:02.192375,22,5,0,0.0
pay_demo_004430,cust_0591,3118.48,INR,upi,bank_timeout,1,18,5,25718.57,2026-04-29T09:24:02.192393,9,2,0,0.0
pay_demo_004431,cust_0442,33801.7,INR,upi,network_error,1,9,3,13573.35,2026-04-04T04:38:02.192410,4,5,1,32144.23
pay_demo_004432,cust_0563,23167.06,INR,netbanking,bank_timeout,2,4,4,25953.19,2026-04-19T17:01:02.192431,17,6,0,0.0
pay_demo_004433,cust_0526,33542.67,INR,netbanking,network_error,1,15,3,25560.62,2026-04-11T07:04:02.192450,7,5,0,0.0
pay_demo_004434,cust_0517,7825.91,INR,credit_card,card_declined,1,12,4,22353.96,2026-04-12T02:35:02.192467,2,6,0,0.0
pay_demo_004435,cust_0182,22460.18,INR,debit_card,network_error,1,7,0,26244.91,2026-08-18T05:17:02.192483,5,1,1,20574.45
pay_demo_004436,cust_0921,16357.77,INR,netbanking,upi_failure,1,11,0,3911.99,2026-07-09T17:38:02.192501,17,3,0,0.0
pay_demo_004437,cust_0464,42923.19,INR,upi,bank_timeout,2,12,3,23059.17,2026-04-16T21:45:02.192517,21,3,0,0.0
pay_demo_004438,cust_0019,26877.94,INR,credit_card,upi_failure,2,12,2,28176.94,2026-03-16T20:21:02.192538,20,0,0,0.0
pay_demo_004439,cust_0246,22579.14,INR,netbanking,upi_failure,1,8,5,19376.31,2026-03-11T17:20:02.192555,17,2,1,19550.71
pay_demo_004440,cust_0929,28588.97,INR,credit_card,card_declined,3,2,1,3985.78,2026-03-13T04:58:02.192572,4,4,0,0.0
pay_demo_004441,cust_0374,5489.16,INR,upi,authentication_failed,1,18,0,1276.83,2026-05-07T04:59:02.192589,4,3,1,4915.98
pay_demo_004442,cust_0752,15402.74,INR,debit_card,bank_timeout,2,17,0,10193.98,2026-03-26T16:23:02.192608,16,3,0,0.0
pay_demo_004443,cust_0262,45407.7,INR,netbanking,network_error,1,2,5,18966.22,2026-08-09T04:19:02.192627,4,6,0,0.0
pay_demo_004444,cust_0165,21813.95,INR,upi,bank_timeout,1,13,5,1974.42,2026-05-11T07:58:02.192645,7,0,0,0.0
pay_demo_004445,cust_0914,48075.63,INR,debit_card,upi_failure,2,13,5,13085.91,2026-05-20T20:56:02.192661,20,2,0,0.0
pay_demo_004446,cust_0489,38010.16,INR,credit_card,network_error,1,0,3,26712.99,2026-04-29T22:27:02.192680,22,2,1,37833.82
pay_demo_004447,cust_0351,37070.89,INR,debit_card,network_error,1,0,2,18880.75,2026-04-27T08:17:02.192697,8,0,1,35314.65
pay_demo_004448,cust_0999,35171.09,INR,netbanking,insufficient_funds,1,0,0,7298.94,2026-07-08T21:39:02.192715,21,2,1,30235.71
pay_demo_004449,cust_0806,26092.27,INR,netbanking,bank_timeout,1,18,4,18461.41,2026-07-13T19:19:02.192731,19,0,1,23392.17
pay_demo_004450,cust_0312,31756.65,INR,netbanking,card_declined,1,3,4,8479.18,2026-05-31T07:03:02.192748,7,6,1,28002.39
pay_demo_004451,cust_0372,3949.11,INR,upi,bank_timeout,1,12,1,6761.43,2026-03-21T19:53:02.192767,19,5,0,0.0
pay_demo_004452,cust_0454,45983.34,INR,netbanking,authentication_failed,2,1,4,10157.53,2026-06-10T02:52:02.192784,2,2,0,0.0
pay_demo_004453,cust_0433,25406.48,INR,credit_card,network_error,1,11,5,11436.56,2026-07-08T01:45:02.192802,1,2,1,22571.38
pay_demo_004454,cust_0807,9255.41,INR,credit_card,network_error,1,3,0,9743.81,2026-06-02T08:37:02.192819,8,1,0,0.0
pay_demo_004455,cust_0617,13967.92,INR,upi,authentication_failed,3,3,1,18865.65,2026-05-27T12:11:02.192835,12,2,0,0.0
pay_demo_004456,cust_1000,12571.24,INR,credit_card,card_declined,1,16,1,18488.91,2026-06-26T20:33:02.192852,20,4,1,11288.25
pay_demo_004457,cust_0171,40827.38,INR,credit_card,authentication_failed,3,7,1,8723.42,2026-06-24T01:53:02.192871,1,2,0,0.0
pay_demo_004458,cust_0099,36990.38,INR,debit_card,authentication_failed,1,18,3,10113.93,2026-05-08T18:27:02.192888,18,4,1,31477.82
pay_demo_004459,cust_0203,44346.69,INR,debit_card,bank_timeout,1,8,5,10108.03,2026-06-05T00:29:02.192908,0,4,0,0.0
pay_demo_004460,cust_0046,49951.07,INR,debit_card,network_error,1,9,0,14537.75,2026-03-07T06:52:02.192926,6,5,0,0.0
pay_demo_004461,cust_0532,19076.32,INR,debit_card,authentication_failed,1,14,5,5801.14,2026-07-10T00:15:02.192943,0,4,0,0.0
pay_demo_004462,cust_0463,1360.24,INR,netbanking,insufficient_funds,1,11,4,28576.51,2026-07-03T12:01:02.192959,12,4,1,1263.03
pay_demo_004463,cust_0377,17732.6,INR,credit_card,authentication_failed,1,4,1,28143.86,2026-03-10T21:36:02.192979,21,1,0,0.0
pay_demo_004464,cust_0472,18789.12,INR,upi,bank_timeout,1,6,1,19259.36,2026-05-04T01:01:02.192998,1,0,1,18755.88
pay_demo_004465,cust_0221,41810.13,INR,upi,upi_failure,2,14,3,27783.76,2026-05-22T01:28:02.193015,1,4,0,0.0
pay_demo_004466,cust_0522,34890.4,INR,netbanking,insufficient_funds,2,2,1,29623.76,2026-03-29T05:28:02.193033,5,6,1,32129.9
pay_demo_004467,cust_0538,1745.02,INR,debit_card,insufficient_funds,1,17,4,16747.32,2026-08-08T18:17:02.193051,18,5,1,1522.54
pay_demo_004468,cust_0802,38875.1,INR,netbanking,upi_failure,1,11,1,22904.27,2026-04-25T11:45:02.193069,11,5,1,37746.38
pay_demo_004469,cust_0341,5865.88,INR,debit_card,card_declined,1,5,1,854.73,2026-03-12T17:12:02.193087,17,3,1,5232.92
pay_demo_004470,cust_0418,41589.84,INR,debit_card,insufficient_funds,1,12,0,6686.12,2026-08-13T09:58:02.193105,9,3,0,0.0
pay_demo_004471,cust_0573,33953.27,INR,netbanking,bank_timeout,2,13,4,17982.33,2026-03-14T17:24:02.193121,17,5,0,0.0
pay_demo_004472,cust_0614,13297.06,INR,upi,bank_timeout,3,16,1,15801.64,2026-07-20T04:53:02.193138,4,0,1,11443.32
pay_demo_004473,cust_0150,48723.0,INR,netbanking,bank_timeout,1,5,3,15452.01,2026-03-01T08:12:02.193158,8,6,1,47252.3
pay_demo_004474,cust_0769,3050.2,INR,netbanking,authentication_failed,1,0,2,11609.82,2026-06-03T03:21:02.193179,3,2,0,0.0
pay_demo_004475,cust_0774,20875.36,INR,credit_card,upi_failure,1,18,3,18598.28,2026-08-09T19:49:02.193196,19,6,1,18743.27
pay_demo_004476,cust_0561,26529.16,INR,upi,authentication_failed,3,17,4,22911.02,2026-04-17T11:14:02.193218,11,4,0,0.0
pay_demo_004477,cust_0032,26359.19,INR,upi,bank_timeout,1,9,4,22464.29,2026-07-06T01:37:02.193236,1,0,0,0.0
pay_demo_004478,cust_0027,12375.44,INR,netbanking,network_error,1,20,2,29456.0,2026-03-11T07:44:02.193252,7,2,1,11003.75
pay_demo_004479,cust_0789,13745.36,INR,netbanking,insufficient_funds,2,6,1,13230.24,2026-04-23T08:08:02.193269,8,3,1,12542.66
pay_demo_004480,cust_0885,28041.62,INR,credit_card,bank_timeout,2,2,5,27705.93,2026-08-13T14:48:02.193287,14,3,1,25990.98
pay_demo_004481,cust_0305,34981.74,INR,upi,network_error,3,18,3,10218.78,2026-05-23T07:17:02.193304,7,5,0,0.0
pay_demo_004482,cust_0806,13218.81,INR,upi,network_error,1,1,0,24416.68,2026-04-29T15:33:02.193319,15,2,1,11565.4
pay_demo_004483,cust_0094,35727.36,INR,credit_card,bank_timeout,1,12,2,18763.96,2026-05-07T14:38:02.193341,14,3,1,30407.75
pay_demo_004484,cust_0059,6731.03,INR,credit_card,bank_timeout,1,15,4,3843.14,2026-08-23T14:51:02.193370,14,6,1,6431.42
pay_demo_004485,cust_0890,7199.7,INR,debit_card,network_error,1,2,0,16225.34,2026-03-24T19:01:02.193388,19,1,0,0.0
pay_demo_004486,cust_0425,11088.53,INR,debit_card,bank_timeout,1,4,3,5440.2,2026-05-18T21:27:02.193491,21,0,1,10902.56
pay_demo_004487,cust_0106,682.26,INR,debit_card,insufficient_funds,1,1,0,29220.4,2026-08-10T09:24:02.193519,9,0,1,647.34
pay_demo_004488,cust_0186,37935.33,INR,upi,insufficient_funds,1,20,1,5104.98,2026-04-10T04:01:02.193537,4,4,1,32672.72
pay_demo_004489,cust_0679,22549.38,INR,upi,insufficient_funds,1,18,5,26676.52,2026-08-04T04:43:02.193554,4,1,1,19183.5
pay_demo_004490,cust_0887,45810.77,INR,debit_card,card_declined,1,2,5,7468.5,2026-05-16T22:03:02.193571,22,5,1,42137.37
pay_demo_004491,cust_0147,44745.26,INR,credit_card,bank_timeout,1,9,2,1932.68,2026-04-03T07:02:02.193588,7,4,1,40945.75
pay_demo_004492,cust_0863,44823.11,INR,debit_card,insufficient_funds,1,6,2,1303.06,2026-05-17T01:51:02.193605,1,6,1,40931.65
pay_demo_004493,cust_0334,48711.86,INR,upi,upi_failure,2,18,2,11647.05,2026-07-28T08:47:02.193624,8,1,1,41664.44
pay_demo_004494,cust_0916,18286.67,INR,upi,authentication_failed,2,3,1,7029.5,2026-07-26T23:25:02.193640,23,6,0,0.0
pay_demo_004495,cust_0406,22267.88,INR,upi,network_error,2,4,2,29276.19,2026-04-27T14:57:02.193657,14,0,1,21057.82
pay_demo_004496,cust_0207,17030.79,INR,netbanking,card_declined,1,7,4,1971.69,2026-05-21T16:20:02.193673,16,3,0,0.0
pay_demo_004497,cust_0530,47805.71,INR,debit_card,card_declined,1,7,4,3484.79,2026-06-07T08:01:02.193689,8,6,0,0.0
pay_demo_004498,cust_0720,780.86,INR,debit_card,bank_timeout,1,12,3,11137.1,2026-08-04T01:43:02.193710,1,1,1,714.16
pay_demo_004499,cust_0247,32489.6,INR,debit_card,card_declined,1,0,1,17537.59,2026-03-18T12:07:02.193731,12,2,1,31720.26
pay_demo_004500,cust_0524,35887.17,INR,debit_card,card_declined,2,9,5,5259.43,2026-08-02T07:56:02.193749,7,6,1,34610.18
pay_demo_004501,cust_0937,29970.72,INR,credit_card,insufficient_funds,1,3,3,29337.36,2026-08-01T04:29:02.193769,4,5,0,0.0
pay_demo_004502,cust_0561,46579.64,INR,upi,card_declined,2,19,0,25623.49,2026-05-30T22:33:02.193794,22,5,0,0.0
pay_demo_004503,cust_0993,17308.58,INR,credit_card,card_declined,2,14,3,19202.93,2026-08-22T15:37:02.193822,15,5,0,0.0
pay_demo_004504,cust_0097,44292.78,INR,credit_card,authentication_failed,1,20,4,19005.19,2026-06-16T17:16:02.193839,17,1,0,0.0
pay_demo_004505,cust_0619,33758.64,INR,debit_card,card_declined,1,20,4,25032.93,2026-03-17T08:12:02.193854,8,1,0,0.0
pay_demo_004506,cust_0980,8400.45,INR,credit_card,bank_timeout,1,17,3,2869.82,2026-08-20T16:38:02.193871,16,3,1,8127.01
pay_demo_004507,cust_0348,11528.63,INR,netbanking,card_declined,2,2,2,9098.37,2026-07-22T00:17:02.193889,0,2,0,0.0
pay_demo_004508,cust_0882,37361.3,INR,upi,authentication_failed,2,14,2,10444.92,2026-08-11T14:39:02.193907,14,1,1,35010.16
pay_demo_004509,cust_0364,963.21,INR,upi,bank_timeout,1,19,0,29411.85,2026-03-31T12:43:02.193929,12,1,1,886.7
pay_demo_004510,cust_0998,15893.73,INR,debit_card,insufficient_funds,2,4,4,7999.08,2026-05-14T03:57:02.193946,3,3,0,0.0
pay_demo_004511,cust_0039,47705.96,INR,upi,network_error,1,5,2,10040.35,2026-03-15T07:55:02.193962,7,6,0,0.0
pay_demo_004512,cust_0271,35546.33,INR,debit_card,card_declined,1,6,3,677.9,2026-06-13T20:31:02.193981,20,5,0,0.0
pay_demo_004513,cust_0061,39260.74,INR,upi,insufficient_funds,1,5,2,10028.5,2026-07-07T02:20:02.193999,2,1,1,33844.3
pay_demo_004514,cust_0261,37201.54,INR,netbanking,card_declined,1,5,4,1330.86,2026-04-02T12:43:02.194020,12,3,0,0.0
pay_demo_004515,cust_0949,3649.34,INR,debit_card,upi_failure,1,3,3,7796.06,2026-05-05T05:00:02.194041,5,1,0,0.0
pay_demo_004516,cust_0360,38613.69,INR,debit_card,network_error,1,3,3,6043.88,2026-07-06T17:14:02.194059,17,0,0,0.0
pay_demo_004517,cust_0869,30626.83,INR,netbanking,network_error,1,3,0,22944.79,2026-04-10T18:11:02.194075,18,4,1,28720.51
pay_demo_004518,cust_0668,33115.76,INR,debit_card,card_declined,3,4,0,23552.51,2026-05-22T14:38:02.194092,14,4,0,0.0
pay_demo_004519,cust_0285,36098.46,INR,netbanking,card_declined,1,17,2,11781.23,2026-06-04T22:27:02.194108,22,3,0,0.0
pay_demo_004520,cust_0268,46100.39,INR,upi,authentication_failed,1,20,2,7810.49,2026-04-03T05:26:02.194125,5,4,0,0.0
pay_demo_004521,cust_0159,17937.87,INR,upi,network_error,1,5,4,13241.93,2026-08-25T19:29:02.194143,19,1,1,16173.73
pay_demo_004522,cust_0343,38282.56,INR,upi,upi_failure,1,4,2,20662.6,2026-07-22T23:47:02.194162,23,2,1,33606.29
pay_demo_004523,cust_0948,33694.42,INR,netbanking,upi_failure,2,3,4,22995.32,2026-07-27T05:12:02.194185,5,0,0,0.0
pay_demo_004524,cust_0875,26549.01,INR,debit_card,insufficient_funds,1,6,4,23255.43,2026-08-17T13:50:02.194204,13,0,0,0.0
pay_demo_004525,cust_0016,48543.78,INR,netbanking,insufficient_funds,2,17,1,24449.74,2026-06-30T06:05:02.194220,6,1,0,0.0
pay_demo_004526,cust_0540,14617.56,INR,upi,authentication_failed,1,15,3,23856.56,2026-03-29T19:18:02.194237,19,6,1,13934.84
pay_demo_004527,cust_0067,29167.44,INR,upi,authentication_failed,1,0,3,26493.95,2026-04-01T10:00:02.194257,10,2,1,27425.6
pay_demo_004528,cust_0497,14803.22,INR,debit_card,upi_failure,2,8,0,25565.03,2026-03-29T20:06:02.194276,20,6,1,13269.77
pay_demo_004529,cust_0523,22838.97,INR,netbanking,card_declined,1,20,2,7747.65,2026-03-03T03:42:02.194295,3,1,1,21965.76
pay_demo_004530,cust_0382,20774.96,INR,netbanking,network_error,1,14,4,5323.22,2026-05-23T18:15:02.194313,18,5,1,18933.06
pay_demo_004531,cust_0169,35856.63,INR,credit_card,insufficient_funds,3,7,3,22803.36,2026-07-10T02:07:02.194330,2,4,0,0.0
pay_demo_004532,cust_0650,30866.82,INR,upi,upi_failure,1,10,5,24269.8,2026-07-31T15:58:02.194351,15,4,1,29409.42
pay_demo_004533,cust_0316,9721.43,INR,netbanking,card_declined,1,7,1,28505.08,2026-04-20T09:38:02.194371,9,0,0,0.0
pay_demo_004534,cust_0831,34819.45,INR,upi,authentication_failed,1,13,0,28011.92,2026-03-20T21:25:02.194388,21,4,1,30135.93
pay_demo_004535,cust_0812,570.21,INR,debit_card,insufficient_funds,2,13,5,7589.29,2026-06-24T00:20:02.194405,0,2,0,0.0
pay_demo_004536,cust_0221,23232.32,INR,upi,bank_timeout,1,2,4,29861.35,2026-07-09T14:58:02.194422,14,3,0,0.0
pay_demo_004537,cust_0193,17354.02,INR,netbanking,authentication_failed,1,13,5,17065.36,2026-05-14T20:58:02.194440,20,3,0,0.0
pay_demo_004538,cust_0112,37074.24,INR,debit_card,card_declined,1,5,0,13634.41,2026-06-23T09:28:02.194456,9,1,1,34190.66
pay_demo_004539,cust_0811,37555.59,INR,debit_card,upi_failure,1,10,2,23908.3,2026-05-13T14:34:02.194473,14,2,0,0.0
pay_demo_004540,cust_0925,46874.75,INR,credit_card,bank_timeout,1,12,4,16246.86,2026-03-29T18:37:02.194490,18,6,1,42673.06
pay_demo_004541,cust_0485,31926.98,INR,upi,bank_timeout,1,20,4,26696.32,2026-06-20T16:27:02.194507,16,5,1,28068.66
pay_demo_004542,cust_0128,15051.02,INR,debit_card,card_declined,1,3,3,11518.91,2026-05-09T23:29:02.194523,23,5,0,0.0
pay_demo_004543,cust_0543,48405.33,INR,debit_card,bank_timeout,1,19,0,22656.14,2026-03-09T19:44:02.194542,19,0,1,43209.01
pay_demo_004544,cust_0412,40360.17,INR,credit_card,network_error,1,5,3,2435.26,2026-07-06T15:18:02.194559,15,0,1,36591.74
pay_demo_004545,cust_0950,46979.4,INR,netbanking,insufficient_funds,2,13,1,2806.68,2026-04-05T17:18:02.194575,17,6,0,0.0
pay_demo_004546,cust_0096,25910.71,INR,credit_card,card_declined,2,4,4,22274.99,2026-04-16T01:02:02.194592,1,3,0,0.0
pay_demo_004547,cust_0313,17100.27,INR,credit_card,bank_timeout,2,20,4,23719.88,2026-06-30T15:26:02.194625,15,1,0,0.0
pay_demo_004548,cust_0115,32795.7,INR,netbanking,upi_failure,1,8,4,5955.19,2026-04-27T17:27:02.194658,17,0,1,31272.85
pay_demo_004549,cust_0417,27838.16,INR,upi,insufficient_funds,2,15,5,4379.05,2026-03-02T18:22:02.194695,18,0,0,0.0
pay_demo_004550,cust_0500,40529.58,INR,upi,network_error,1,11,1,19945.29,2026-07-11T12:18:02.194730,12,5,1,37513.29
pay_demo_004551,cust_0256,1902.08,INR,credit_card,bank_timeout,1,15,0,12538.63,2026-03-14T16:47:02.194776,16,5,0,0.0
pay_demo_004552,cust_0516,15683.24,INR,netbanking,network_error,1,0,1,15571.55,2026-06-09T05:02:02.194896,5,1,1,14441.31
pay_demo_004553,cust_0424,45685.01,INR,debit_card,network_error,1,0,2,20997.62,2026-06-25T05:57:02.194961,5,3,1,41692.93
pay_demo_004554,cust_0550,3911.96,INR,credit_card,card_declined,1,7,4,19619.52,2026-06-04T03:26:02.195004,3,3,0,0.0
pay_demo_004555,cust_0229,47100.03,INR,upi,network_error,2,5,3,19564.32,2026-04-17T20:45:02.195059,20,4,0,0.0
pay_demo_004556,cust_0436,28694.21,INR,credit_card,network_error,1,13,4,15739.19,2026-07-20T16:13:02.195098,16,0,1,25140.44
pay_demo_004557,cust_0450,8536.18,INR,debit_card,network_error,1,2,2,13238.54,2026-03-08T18:48:02.195137,18,6,1,8527.73
pay_demo_004558,cust_0838,34811.99,INR,netbanking,network_error,1,18,2,11878.62,2026-08-18T21:45:02.195185,21,1,0,0.0
pay_demo_004559,cust_0721,49184.51,INR,credit_card,network_error,2,0,2,9198.19,2026-08-01T19:00:02.195228,19,5,0,0.0
pay_demo_004560,cust_0576,10236.99,INR,netbanking,insufficient_funds,1,14,2,15361.83,2026-05-16T18:49:02.195271,18,5,1,9954.88
pay_demo_004561,cust_0558,32397.71,INR,netbanking,authentication_failed,1,7,1,24033.99,2026-05-02T11:01:02.195311,11,5,0,0.0
pay_demo_004562,cust_0721,20917.54,INR,credit_card,network_error,2,10,5,2454.89,2026-06-27T10:27:02.195355,10,5,1,19565.26
pay_demo_004563,cust_0597,2652.0,INR,debit_card,card_declined,1,13,4,16689.02,2026-03-16T16:06:02.195403,16,0,0,0.0
pay_demo_004564,cust_0426,20352.37,INR,credit_card,authentication_failed,1,11,3,23541.16,2026-04-20T15:40:02.195441,15,0,0,0.0
pay_demo_004565,cust_0227,17264.16,INR,netbanking,card_declined,2,16,2,17104.33,2026-03-04T04:45:02.195475,4,2,0,0.0
pay_demo_004566,cust_0988,17092.11,INR,credit_card,card_declined,1,16,5,6159.62,2026-06-14T14:28:02.195508,14,6,0,0.0
pay_demo_004567,cust_0898,28365.43,INR,credit_card,insufficient_funds,2,12,0,8820.41,2026-06-20T15:42:02.195541,15,5,0,0.0
pay_demo_004568,cust_0005,9284.27,INR,netbanking,card_declined,1,4,0,29589.78,2026-04-17T18:23:02.195575,18,4,1,8355.19
pay_demo_004569,cust_0983,29468.17,INR,upi,card_declined,2,0,1,13425.67,2026-05-14T17:14:02.195614,17,3,0,0.0
pay_demo_004570,cust_0166,29537.18,INR,upi,insufficient_funds,2,16,5,28728.97,2026-06-11T17:31:02.195649,17,3,0,0.0
pay_demo_004571,cust_0262,4683.35,INR,credit_card,card_declined,1,17,0,15618.97,2026-05-23T13:42:02.195685,13,5,0,0.0
pay_demo_004572,cust_0880,6182.15,INR,netbanking,bank_timeout,1,18,3,27579.28,2026-08-27T08:08:02.195725,8,3,1,5927.49
pay_demo_004573,cust_0515,10507.52,INR,credit_card,authentication_failed,1,4,4,9467.72,2026-07-16T02:32:02.195759,2,3,0,0.0
pay_demo_004574,cust_0814,18483.67,INR,debit_card,insufficient_funds,1,1,0,26676.85,2026-05-16T12:34:02.195781,12,5,1,16721.55
pay_demo_004575,cust_0328,23843.96,INR,netbanking,insufficient_funds,1,17,0,29190.03,2026-03-05T02:31:02.195805,2,3,0,0.0
pay_demo_004576,cust_0686,37461.11,INR,upi,upi_failure,1,10,2,14625.93,2026-04-16T01:22:02.195823,1,3,1,36130.01
pay_demo_004577,cust_0859,14335.67,INR,upi,network_error,1,0,5,13231.91,2026-05-22T20:36:02.195840,20,4,1,14074.63
pay_demo_004578,cust_0824,33767.49,INR,upi,authentication_failed,1,2,3,11664.76,2026-08-22T01:52:02.195858,1,5,1,30187.88
pay_demo_004579,cust_0711,18851.36,INR,netbanking,authentication_failed,1,16,0,9153.88,2026-06-30T01:05:02.195881,1,1,0,0.0
pay_demo_004580,cust_0900,40880.64,INR,netbanking,upi_failure,1,11,2,12099.37,2026-08-23T11:27:02.195899,11,6,1,35916.94
pay_demo_004581,cust_0794,49976.11,INR,netbanking,bank_timeout,1,7,4,16623.24,2026-03-19T14:24:02.195919,14,3,1,47760.39
pay_demo_004582,cust_0976,21874.69,INR,netbanking,card_declined,2,17,5,23551.12,2026-03-05T20:30:02.195939,20,3,0,0.0
pay_demo_004583,cust_0478,37938.36,INR,upi,upi_failure,1,20,0,6192.41,2026-07-01T14:29:02.195960,14,2,1,34779.49
pay_demo_004584,cust_0342,5443.84,INR,netbanking,bank_timeout,2,7,3,18567.73,2026-07-16T18:21:02.195978,18,3,1,5233.5
pay_demo_004585,cust_0622,10572.74,INR,upi,network_error,1,9,2,6855.73,2026-08-10T02:52:02.195996,2,0,1,9121.26
pay_demo_004586,cust_0203,13878.96,INR,debit_card,upi_failure,2,19,4,18098.73,2026-08-17T08:51:02.196014,8,0,0,0.0
pay_demo_004587,cust_0351,20173.55,INR,netbanking,insufficient_funds,2,1,3,19398.73,2026-05-12T12:34:02.196031,12,1,0,0.0
pay_demo_004588,cust_0885,26438.67,INR,credit_card,card_declined,1,20,5,11423.55,2026-08-14T14:56:02.196049,14,4,0,0.0
pay_demo_004589,cust_0242,20066.99,INR,netbanking,card_declined,3,15,4,11157.5,2026-04-01T02:18:02.196066,2,2,1,18994.69
pay_demo_004590,cust_0762,6605.27,INR,credit_card,upi_failure,2,12,3,6934.59,2026-08-07T05:36:02.196083,5,4,0,0.0
pay_demo_004591,cust_0483,15817.67,INR,netbanking,network_error,3,4,0,25205.82,2026-06-10T13:46:02.196099,13,2,1,15034.73
pay_demo_004592,cust_0945,8329.2,INR,debit_card,upi_failure,1,16,1,11623.5,2026-03-30T09:37:02.196121,9,0,0,0.0
pay_demo_004593,cust_0586,14085.75,INR,upi,insufficient_funds,1,12,3,8451.32,2026-04-10T07:35:02.196145,7,4,0,0.0
pay_demo_004594,cust_0862,25409.17,INR,netbanking,network_error,2,16,3,15787.4,2026-06-29T05:04:02.196165,5,0,1,21897.83
pay_demo_004595,cust_0978,14991.5,INR,credit_card,upi_failure,1,19,2,18492.19,2026-03-05T14:12:02.196183,14,3,0,0.0
pay_demo_004596,cust_0299,13168.52,INR,debit_card,insufficient_funds,1,14,1,11187.88,2026-06-19T13:16:02.196201,13,4,1,11490.64
pay_demo_004597,cust_0575,20715.85,INR,upi,network_error,1,14,5,5311.73,2026-04-28T15:05:02.196218,15,1,0,0.0
pay_demo_004598,cust_0057,22927.42,INR,upi,network_error,1,3,2,11763.98,2026-08-26T16:34:02.196235,16,2,0,0.0
pay_demo_004599,cust_0560,8583.34,INR,upi,insufficient_funds,1,16,4,18474.68,2026-07-29T02:05:02.196251,2,2,0,0.0
pay_demo_004600,cust_0020,28079.48,INR,debit_card,network_error,1,14,0,26774.07,2026-04-29T13:01:02.196271,13,2,1,24315.34
pay_demo_004601,cust_0590,32771.59,INR,credit_card,network_error,1,10,3,29068.08,2026-05-04T04:03:02.196289,4,0,1,32754.78
pay_demo_004602,cust_0490,34642.33,INR,debit_card,authentication_failed,2,7,0,23010.68,2026-04-27T08:58:02.196310,8,0,0,0.0
pay_demo_004603,cust_0532,20282.11,INR,netbanking,card_declined,2,16,3,2565.05,2026-06-29T16:14:02.196329,16,0,1,18948.69
pay_demo_004604,cust_0213,39597.8,INR,upi,insufficient_funds,1,6,1,22454.57,2026-05-15T19:43:02.196347,19,4,0,0.0
pay_demo_004605,cust_0702,40999.33,INR,netbanking,upi_failure,1,8,3,12196.95,2026-06-18T05:31:02.196363,5,3,0,0.0
pay_demo_004606,cust_0464,1709.69,INR,debit_card,insufficient_funds,1,8,1,24605.21,2026-04-05T03:41:02.196380,3,6,0,0.0
pay_demo_004607,cust_0295,5338.63,INR,upi,authentication_failed,1,5,0,27199.1,2026-03-14T22:08:02.196419,22,5,0,0.0
pay_demo_004608,cust_0079,35091.42,INR,credit_card,upi_failure,2,5,4,769.98,2026-08-21T02:25:02.196471,2,4,1,30685.16
pay_demo_004609,cust_0020,17896.45,INR,netbanking,upi_failure,1,20,2,12281.91,2026-05-10T04:36:02.196512,4,6,1,16819.09
pay_demo_004610,cust_0040,46383.87,INR,credit_card,insufficient_funds,1,10,1,24281.33,2026-08-24T15:05:02.196535,15,0,1,46056.19
pay_demo_004611,cust_0951,15800.38,INR,netbanking,upi_failure,1,8,5,24144.95,2026-05-01T10:29:02.196573,10,4,1,14419.21
pay_demo_004612,cust_0866,4841.15,INR,credit_card,card_declined,1,18,5,25575.61,2026-06-27T16:47:02.196621,16,5,0,0.0
pay_demo_004613,cust_0849,16570.54,INR,debit_card,insufficient_funds,1,17,2,8066.68,2026-06-06T09:37:02.196651,9,5,1,16478.96
pay_demo_004614,cust_0086,20825.62,INR,credit_card,network_error,2,11,0,22075.05,2026-06-16T22:02:02.196688,22,1,1,18369.67
pay_demo_004615,cust_0548,15484.64,INR,netbanking,insufficient_funds,1,20,3,11373.76,2026-07-23T17:46:02.196712,17,3,1,14635.78
pay_demo_004616,cust_0439,18598.86,INR,debit_card,upi_failure,1,2,1,24637.1,2026-08-12T16:14:02.196731,16,2,1,17927.37
pay_demo_004617,cust_0288,36923.88,INR,netbanking,card_declined,1,13,2,9430.09,2026-08-14T21:07:02.196749,21,4,1,34719.49
pay_demo_004618,cust_0842,37732.97,INR,credit_card,authentication_failed,3,19,0,26832.06,2026-03-07T17:10:02.196767,17,5,1,33963.14
pay_demo_004619,cust_0218,17114.59,INR,debit_card,insufficient_funds,1,13,1,24967.3,2026-04-13T02:07:02.196785,2,0,1,15632.9
pay_demo_004620,cust_0766,32396.67,INR,netbanking,authentication_failed,3,2,1,23574.04,2026-04-20T14:17:02.196803,14,0,0,0.0
pay_demo_004621,cust_0466,39795.44,INR,upi,insufficient_funds,2,8,0,14164.36,2026-06-19T04:57:02.196820,4,4,0,0.0
pay_demo_004622,cust_0516,43498.27,INR,debit_card,bank_timeout,1,17,1,20261.36,2026-08-14T12:20:02.196844,12,4,1,43066.14
pay_demo_004623,cust_0788,13617.87,INR,debit_card,bank_timeout,1,12,4,1180.97,2026-03-20T03:35:02.196889,3,4,1,11797.13
pay_demo_004624,cust_0640,47350.33,INR,debit_card,network_error,1,20,3,5088.27,2026-06-27T23:48:02.196916,23,5,0,0.0
pay_demo_004625,cust_0122,15916.58,INR,debit_card,card_declined,1,19,2,8508.23,2026-07-26T07:01:02.196933,7,6,0,0.0
pay_demo_004626,cust_0705,16156.77,INR,upi,bank_timeout,1,5,5,22748.59,2026-07-31T05:40:02.196952,5,4,1,15997.03
pay_demo_004627,cust_0049,47800.72,INR,netbanking,insufficient_funds,1,10,5,6074.0,2026-08-21T22:47:02.196972,22,4,0,0.0
pay_demo_004628,cust_0778,13724.03,INR,credit_card,insufficient_funds,2,5,3,4694.55,2026-06-04T02:39:02.196990,2,3,0,0.0
pay_demo_004629,cust_0788,35508.06,INR,debit_card,authentication_failed,3,4,4,9395.23,2026-04-22T12:38:02.197014,12,2,0,0.0
pay_demo_004630,cust_0816,17385.98,INR,netbanking,network_error,1,7,4,7666.97,2026-04-01T14:49:02.197044,14,2,0,0.0
pay_demo_004631,cust_0074,1668.32,INR,debit_card,bank_timeout,3,16,4,10927.95,2026-05-06T06:34:02.197065,6,2,1,1550.89
pay_demo_004632,cust_0192,39303.58,INR,upi,authentication_failed,2,10,3,5813.25,2026-04-19T16:24:02.197102,16,6,0,0.0
pay_demo_004633,cust_0457,26017.93,INR,upi,authentication_failed,2,17,4,17092.41,2026-05-27T03:21:02.197167,3,2,0,0.0
pay_demo_004634,cust_0603,42888.91,INR,debit_card,card_declined,2,20,5,22071.63,2026-05-04T14:41:02.197188,14,0,0,0.0
pay_demo_004635,cust_0890,21093.84,INR,debit_card,authentication_failed,2,20,3,604.56,2026-07-05T18:34:02.197204,18,6,1,18244.29
pay_demo_004636,cust_0548,40400.22,INR,netbanking,upi_failure,1,10,0,23942.74,2026-04-08T22:20:02.197225,22,2,1,35141.07
pay_demo_004637,cust_0498,17201.79,INR,credit_card,bank_timeout,1,18,0,26656.73,2026-06-15T17:25:02.197245,17,0,1,14675.37
pay_demo_004638,cust_0409,41328.95,INR,debit_card,card_declined,3,6,4,5448.53,2026-07-20T14:22:02.197261,14,0,0,0.0
pay_demo_004639,cust_0814,12918.93,INR,debit_card,bank_timeout,1,7,5,3486.63,2026-04-26T21:04:02.197279,21,6,1,12030.27
pay_demo_004640,cust_0640,37500.2,INR,upi,bank_timeout,1,1,1,22840.78,2026-04-24T18:23:02.197298,18,4,1,35706.55
pay_demo_004641,cust_0665,3786.32,INR,netbanking,network_error,2,8,1,26849.6,2026-08-06T03:13:02.197317,3,3,1,3776.06
pay_demo_004642,cust_0426,33181.9,INR,debit_card,card_declined,1,0,3,20984.18,2026-07-02T12:51:02.197334,12,3,0,0.0
pay_demo_004643,cust_0454,17214.24,INR,debit_card,insufficient_funds,3,0,4,7814.97,2026-03-05T18:02:02.197354,18,3,0,0.0
pay_demo_004644,cust_0668,457.25,INR,netbanking,bank_timeout,1,16,1,5764.97,2026-06-04T18:26:02.197372,18,3,1,452.78
pay_demo_004645,cust_0061,41988.29,INR,netbanking,upi_failure,1,12,3,21484.59,2026-06-20T18:00:02.197390,18,5,1,39153.07
pay_demo_004646,cust_0025,40181.85,INR,credit_card,network_error,2,7,0,12235.74,2026-07-23T17:54:02.197414,17,3,1,39285.61
pay_demo_004647,cust_0308,19222.84,INR,debit_card,upi_failure,1,1,3,1923.2,2026-05-19T22:35:02.197433,22,1,0,0.0
pay_demo_004648,cust_0466,47977.68,INR,credit_card,card_declined,2,16,4,26623.6,2026-07-16T21:46:02.197450,21,3,0,0.0
pay_demo_004649,cust_0126,27260.52,INR,upi,bank_timeout,1,19,0,15361.59,2026-06-23T08:23:02.197466,8,1,1,26483.4
pay_demo_004650,cust_0852,26746.57,INR,upi,authentication_failed,1,3,3,2298.12,2026-05-31T11:45:02.197483,11,6,1,24599.96
pay_demo_004651,cust_0891,33964.74,INR,debit_card,network_error,1,14,2,13770.89,2026-08-22T16:11:02.197505,16,5,1,32596.83
pay_demo_004652,cust_0409,31495.91,INR,debit_card,authentication_failed,1,8,3,27984.15,2026-08-06T23:10:02.197525,23,3,1,29526.35
pay_demo_004653,cust_0633,35863.22,INR,credit_card,authentication_failed,2,15,4,8829.46,2026-05-17T13:52:02.197547,13,6,1,31652.23
pay_demo_004654,cust_0045,26994.73,INR,debit_card,upi_failure,2,6,2,26370.82,2026-08-21T15:23:02.197569,15,4,1,26257.07
pay_demo_004655,cust_0179,1496.82,INR,netbanking,bank_timeout,1,4,3,28612.35,2026-04-30T12:41:02.197586,12,3,0,0.0
pay_demo_004656,cust_0269,22444.21,INR,credit_card,authentication_failed,2,13,2,23802.11,2026-08-05T10:49:02.197602,10,2,1,20858.54
pay_demo_004657,cust_0350,4217.29,INR,netbanking,insufficient_funds,2,20,1,2054.59,2026-05-30T07:52:02.197622,7,5,0,0.0
pay_demo_004658,cust_0092,23840.06,INR,credit_card,card_declined,3,7,0,16550.44,2026-08-14T00:04:02.197639,0,4,0,0.0
pay_demo_004659,cust_0265,27758.81,INR,upi,network_error,2,16,5,13162.53,2026-03-03T21:56:02.197659,21,1,1,24287.29
pay_demo_004660,cust_0377,25205.45,INR,debit_card,upi_failure,2,7,0,12235.33,2026-06-07T02:09:02.197681,2,6,1,24369.29
pay_demo_004661,cust_0945,24288.66,INR,upi,bank_timeout,1,3,5,12437.74,2026-07-31T23:26:02.197699,23,4,0,0.0
pay_demo_004662,cust_0544,45019.19,INR,netbanking,card_declined,2,7,2,4296.52,2026-06-03T19:03:02.197715,19,2,0,0.0
pay_demo_004663,cust_0429,24302.91,INR,netbanking,bank_timeout,1,14,0,28111.85,2026-04-13T10:29:02.197734,10,0,1,23007.97
pay_demo_004664,cust_0281,21075.38,INR,debit_card,bank_timeout,1,7,2,26308.56,2026-06-09T10:27:02.197751,10,1,1,19713.72
pay_demo_004665,cust_0197,31862.67,INR,debit_card,insufficient_funds,1,10,3,13605.61,2026-05-22T06:25:02.197769,6,4,0,0.0
pay_demo_004666,cust_0855,28568.17,INR,netbanking,authentication_failed,1,7,5,24974.01,2026-05-24T21:38:02.197785,21,6,0,0.0
pay_demo_004667,cust_0642,45045.44,INR,upi,insufficient_funds,2,20,1,19869.32,2026-08-20T20:46:02.197801,20,3,0,0.0
pay_demo_004668,cust_0693,36279.98,INR,debit_card,authentication_failed,1,1,5,13476.92,2026-03-15T21:40:02.197817,21,6,1,34343.36
pay_demo_004669,cust_0787,5060.28,INR,netbanking,authentication_failed,1,7,1,7096.1,2026-03-14T14:31:02.197834,14,5,0,0.0
pay_demo_004670,cust_0933,24667.17,INR,debit_card,authentication_failed,1,2,5,3198.21,2026-03-17T03:24:02.197853,3,1,1,24580.83
pay_demo_004671,cust_0353,34397.57,INR,credit_card,insufficient_funds,2,16,2,3202.97,2026-07-26T02:10:02.197870,2,6,0,0.0
pay_demo_004672,cust_0594,34237.59,INR,upi,card_declined,1,16,0,9966.93,2026-03-02T00:36:02.197886,0,0,1,31143.91
pay_demo_004673,cust_0678,41451.3,INR,credit_card,bank_timeout,3,18,4,2210.56,2026-08-06T03:29:02.197906,3,3,1,36573.3
pay_demo_004674,cust_0954,10161.73,INR,credit_card,card_declined,1,13,4,2306.48,2026-04-16T08:34:02.197923,8,3,1,9575.71
pay_demo_004675,cust_0942,37909.23,INR,credit_card,upi_failure,1,9,5,8187.38,2026-02-28T10:33:02.197940,10,5,0,0.0
pay_demo_004676,cust_0397,7383.43,INR,netbanking,authentication_failed,1,0,4,12508.74,2026-04-22T14:54:02.197956,14,2,0,0.0
pay_demo_004677,cust_0618,32085.96,INR,credit_card,card_declined,1,9,4,14749.05,2026-03-26T00:22:02.197971,0,3,0,0.0
pay_demo_004678,cust_0177,29268.32,INR,debit_card,bank_timeout,1,5,4,21431.93,2026-08-17T06:43:02.197990,6,0,1,26407.85
pay_demo_004679,cust_0539,39523.18,INR,netbanking,insufficient_funds,1,6,1,3511.31,2026-07-11T13:29:02.198008,13,5,0,0.0
pay_demo_004680,cust_0099,6705.6,INR,netbanking,card_declined,3,7,2,707.1,2026-08-01T04:34:02.198026,4,5,0,0.0
pay_demo_004681,cust_0999,43383.37,INR,debit_card,upi_failure,2,14,3,10561.74,2026-07-12T19:43:02.198042,19,6,1,39484.95
pay_demo_004682,cust_0626,20175.5,INR,debit_card,bank_timeout,1,5,0,14561.59,2026-08-09T09:56:02.198060,9,6,1,17898.3
pay_demo_004683,cust_0705,32921.11,INR,debit_card,upi_failure,1,14,0,21494.93,2026-06-05T23:22:02.198082,23,4,0,0.0
pay_demo_004684,cust_0024,17851.46,INR,netbanking,upi_failure,1,16,0,14798.54,2026-05-12T14:28:02.198099,14,1,1,16404.5
pay_demo_004685,cust_0306,5928.56,INR,credit_card,bank_timeout,1,13,0,15114.35,2026-06-28T17:40:02.198116,17,6,1,5578.76
pay_demo_004686,cust_0554,8987.73,INR,credit_card,upi_failure,1,9,4,16334.16,2026-05-20T23:20:02.198134,23,2,1,7894.37
pay_demo_004687,cust_0374,40384.9,INR,debit_card,bank_timeout,1,11,2,12517.83,2026-06-21T20:56:02.198151,20,6,1,38232.77
pay_demo_004688,cust_0593,32858.15,INR,upi,authentication_failed,1,14,1,17261.09,2026-03-11T02:06:02.198173,2,2,0,0.0
pay_demo_004689,cust_0082,31541.9,INR,credit_card,upi_failure,1,9,4,29505.78,2026-08-25T02:56:02.198192,2,1,1,27447.77
pay_demo_004690,cust_0487,3859.6,INR,netbanking,card_declined,1,10,3,19591.65,2026-06-02T17:10:02.198210,17,1,1,3763.38
pay_demo_004691,cust_0005,41686.62,INR,upi,authentication_failed,1,8,3,17312.7,2026-06-24T23:04:02.198227,23,2,0,0.0
pay_demo_004692,cust_0539,299.19,INR,credit_card,bank_timeout,2,17,4,22141.92,2026-07-16T05:22:02.198244,5,3,1,256.32
pay_demo_004693,cust_0413,13218.95,INR,upi,network_error,1,12,2,16897.53,2026-06-13T22:53:02.198263,22,5,0,0.0
pay_demo_004694,cust_0712,28339.24,INR,netbanking,card_declined,1,4,3,19378.69,2026-04-07T09:54:02.198280,9,1,0,0.0
pay_demo_004695,cust_0538,909.92,INR,credit_card,insufficient_funds,1,12,2,12883.55,2026-05-14T23:02:02.198297,23,3,1,849.1
pay_demo_004696,cust_0374,29064.8,INR,upi,authentication_failed,2,16,4,15588.0,2026-08-26T01:47:02.198316,1,2,0,0.0
pay_demo_004697,cust_0001,223.01,INR,credit_card,card_declined,1,17,3,26025.37,2026-04-27T03:52:02.198332,3,0,0,0.0
pay_demo_004698,cust_0805,36283.07,INR,credit_card,bank_timeout,2,6,0,13901.95,2026-08-12T06:58:02.198351,6,2,0,0.0
pay_demo_004699,cust_0922,38226.95,INR,credit_card,insufficient_funds,1,18,3,11664.62,2026-03-15T11:52:02.198369,11,6,0,0.0
pay_demo_004700,cust_0116,18440.64,INR,upi,upi_failure,2,2,4,29767.96,2026-08-12T10:02:02.198388,10,2,0,0.0
pay_demo_004701,cust_0859,38974.19,INR,credit_card,card_declined,2,19,5,5416.57,2026-03-03T04:43:02.198404,4,1,0,0.0
pay_demo_004702,cust_0870,41110.98,INR,credit_card,authentication_failed,1,6,2,16369.16,2026-06-28T14:25:02.198422,14,6,0,0.0
pay_demo_004703,cust_0172,35233.74,INR,netbanking,insufficient_funds,1,20,4,14876.16,2026-03-13T15:23:02.198440,15,4,0,0.0
pay_demo_004704,cust_0332,17687.14,INR,upi,bank_timeout,1,7,1,11103.97,2026-04-15T07:40:02.198457,7,2,1,16242.65
pay_demo_004705,cust_0990,7595.74,INR,credit_card,upi_failure,1,6,5,15711.38,2026-03-25T20:06:02.198475,20,2,1,6951.63
pay_demo_004706,cust_0679,30073.53,INR,debit_card,upi_failure,3,17,3,11287.52,2026-08-23T01:22:02.198498,1,6,0,0.0
pay_demo_004707,cust_0154,29433.55,INR,upi,upi_failure,2,19,5,22860.92,2026-03-07T04:43:02.198516,4,5,0,0.0
pay_demo_004708,cust_0067,21544.08,INR,debit_card,authentication_failed,1,20,0,6019.52,2026-03-28T07:23:02.198534,7,5,0,0.0
pay_demo_004709,cust_0699,36583.66,INR,upi,upi_failure,1,8,4,2885.88,2026-08-09T06:23:02.198550,6,6,1,36355.38
pay_demo_004710,cust_0485,31391.45,INR,debit_card,upi_failure,2,9,4,22290.96,2026-06-19T05:46:02.198567,5,4,0,0.0
pay_demo_004711,cust_0044,42115.03,INR,credit_card,card_declined,1,16,3,10724.54,2026-04-11T23:06:02.198584,23,5,1,38913.76
pay_demo_004712,cust_0190,49367.06,INR,upi,network_error,1,0,2,13976.52,2026-08-22T21:26:02.198616,21,5,1,48652.05
pay_demo_004713,cust_0293,43230.36,INR,debit_card,card_declined,1,4,5,27275.17,2026-07-26T13:40:02.198641,13,6,0,0.0
pay_demo_004714,cust_0839,45251.11,INR,debit_card,authentication_failed,1,0,5,20783.35,2026-06-20T10:10:02.198659,10,5,0,0.0
pay_demo_004715,cust_0615,36500.17,INR,upi,bank_timeout,1,20,4,3780.98,2026-07-04T11:08:02.198675,11,5,1,31859.24
pay_demo_004716,cust_0721,9524.19,INR,debit_card,card_declined,1,0,1,29206.25,2026-05-31T20:26:02.198693,20,6,0,0.0
pay_demo_004717,cust_0710,2181.36,INR,netbanking,insufficient_funds,1,8,3,1993.21,2026-05-27T08:18:02.198711,8,2,1,2012.72
pay_demo_004718,cust_0164,41914.35,INR,netbanking,card_declined,1,12,1,28603.05,2026-08-14T02:28:02.198729,2,4,1,36964.0
pay_demo_004719,cust_0451,6775.15,INR,upi,network_error,1,1,0,21625.44,2026-05-13T16:45:02.198747,16,2,1,6410.25
pay_demo_004720,cust_0315,31452.18,INR,upi,network_error,1,8,1,1844.02,2026-07-19T18:50:02.198767,18,6,0,0.0
pay_demo_004721,cust_0016,15938.37,INR,netbanking,upi_failure,1,6,3,29783.35,2026-03-13T18:03:02.198786,18,4,1,14745.98
pay_demo_004722,cust_0492,19031.69,INR,netbanking,upi_failure,2,11,1,10289.96,2026-05-14T06:42:02.198804,6,3,0,0.0
pay_demo_004723,cust_0964,19331.86,INR,debit_card,bank_timeout,2,13,3,8387.51,2026-04-21T08:29:02.198822,8,1,0,0.0
pay_demo_004724,cust_0172,32960.56,INR,debit_card,network_error,1,7,0,2012.52,2026-07-14T13:40:02.198842,13,1,1,29307.84
pay_demo_004725,cust_0657,13397.96,INR,credit_card,insufficient_funds,1,19,4,10799.1,2026-03-31T15:22:02.198859,15,1,1,12647.7
pay_demo_004726,cust_0521,14450.58,INR,netbanking,bank_timeout,1,3,5,21124.92,2026-05-24T22:41:02.198877,22,6,1,13727.38
pay_demo_004727,cust_0395,10758.01,INR,credit_card,card_declined,1,19,2,19638.42,2026-08-11T07:56:02.198893,7,1,0,0.0
pay_demo_004728,cust_0605,19816.3,INR,upi,insufficient_funds,1,14,2,19821.18,2026-05-30T13:26:02.198910,13,5,1,17674.38
pay_demo_004729,cust_0183,28828.35,INR,upi,authentication_failed,1,20,1,9019.92,2026-03-23T02:23:02.198928,2,0,1,26494.4
pay_demo_004730,cust_0985,44542.58,INR,upi,bank_timeout,1,3,5,20959.54,2026-05-06T01:12:02.198946,1,2,0,0.0
pay_demo_004731,cust_0472,14866.7,INR,credit_card,card_declined,1,8,4,18899.75,2026-08-27T05:29:02.198970,5,3,1,13376.7
pay_demo_004732,cust_0159,22036.77,INR,debit_card,insufficient_funds,1,18,2,14374.7,2026-03-26T17:22:02.198989,17,3,1,19741.97
pay_demo_004733,cust_0492,19643.7,INR,credit_card,authentication_failed,1,2,3,19139.67,2026-08-04T01:03:02.199009,1,1,1,18248.34
pay_demo_004734,cust_0493,40297.64,INR,netbanking,upi_failure,3,10,4,20379.88,2026-04-11T14:50:02.199026,14,5,0,0.0
pay_demo_004735,cust_0084,39512.88,INR,netbanking,authentication_failed,1,2,5,13687.24,2026-04-05T01:00:02.199042,1,6,0,0.0
pay_demo_004736,cust_0656,39448.66,INR,debit_card,insufficient_funds,1,4,3,1085.21,2026-06-07T01:08:02.199058,1,6,1,36431.38
pay_demo_004737,cust_0064,7169.1,INR,debit_card,upi_failure,1,17,3,12992.04,2026-06-06T12:26:02.199076,12,5,0,0.0
pay_demo_004738,cust_0892,42030.75,INR,credit_card,card_declined,1,7,0,15131.93,2026-06-27T09:07:02.199091,9,5,1,37048.24
pay_demo_004739,cust_0801,26106.78,INR,credit_card,upi_failure,1,9,0,5545.95,2026-06-28T00:46:02.199108,0,6,0,0.0
pay_demo_004740,cust_0336,29233.45,INR,credit_card,insufficient_funds,1,11,5,15731.79,2026-07-12T14:40:02.199124,14,6,0,0.0
pay_demo_004741,cust_0327,41867.41,INR,upi,bank_timeout,2,5,5,14224.27,2026-07-05T13:56:02.199140,13,6,1,41304.72
pay_demo_004742,cust_0290,29927.07,INR,netbanking,insufficient_funds,1,1,1,6563.26,2026-05-01T15:22:02.199160,15,4,1,29490.62
pay_demo_004743,cust_0035,6659.62,INR,upi,bank_timeout,3,0,5,25668.22,2026-05-20T16:09:02.199179,16,2,0,0.0
pay_demo_004744,cust_0304,13834.95,INR,credit_card,upi_failure,1,0,1,19661.8,2026-05-23T17:47:02.199195,17,5,0,0.0
pay_demo_004745,cust_0742,18458.69,INR,debit_card,bank_timeout,2,20,1,17976.34,2026-04-09T02:31:02.199211,2,3,1,15794.35
pay_demo_004746,cust_0176,16672.55,INR,upi,upi_failure,2,2,2,20501.28,2026-06-30T12:08:02.199228,12,1,1,16353.66
pay_demo_004747,cust_0487,6709.18,INR,credit_card,authentication_failed,1,16,2,1784.93,2026-03-12T14:28:02.199245,14,3,1,6068.79
pay_demo_004748,cust_0398,2754.32,INR,credit_card,authentication_failed,3,10,2,19826.57,2026-07-19T18:46:02.199262,18,6,1,2355.85
pay_demo_004749,cust_0328,46394.51,INR,debit_card,insufficient_funds,1,12,0,28855.35,2026-07-01T05:01:02.199280,5,2,0,0.0
pay_demo_004750,cust_0005,13463.83,INR,credit_card,card_declined,1,20,1,6291.47,2026-08-14T07:31:02.199298,7,4,0,0.0
pay_demo_004751,cust_0037,37650.07,INR,netbanking,network_error,2,7,1,10366.83,2026-05-28T11:47:02.199315,11,3,1,34877.81
pay_demo_004752,cust_0605,27829.77,INR,credit_card,network_error,1,6,4,17132.98,2026-05-07T14:29:02.199332,14,3,1,26954.0
pay_demo_004753,cust_0594,28115.2,INR,upi,upi_failure,2,15,5,28790.67,2026-07-07T08:02:02.199356,8,1,1,25841.45
pay_demo_004754,cust_0997,36772.53,INR,credit_card,card_declined,1,0,4,20376.99,2026-08-25T14:46:02.199374,14,1,0,0.0
pay_demo_004755,cust_0467,44247.07,INR,debit_card,bank_timeout,1,10,0,10327.85,2026-03-07T11:40:02.199390,11,5,1,42798.66
pay_demo_004756,cust_0529,29843.61,INR,upi,authentication_failed,1,17,3,26091.74,2026-04-22T00:17:02.199407,0,2,1,28556.93
pay_demo_004757,cust_0168,10257.39,INR,debit_card,insufficient_funds,1,7,0,2307.12,2026-06-27T01:58:02.199423,1,5,1,9602.18
pay_demo_004758,cust_0889,2051.49,INR,netbanking,network_error,1,3,5,25508.44,2026-05-22T16:41:02.199440,16,4,1,1925.86
pay_demo_004759,cust_0781,33648.44,INR,upi,upi_failure,3,4,0,29289.42,2026-07-19T06:37:02.199457,6,6,1,29150.37
pay_demo_004760,cust_0836,7391.82,INR,credit_card,network_error,1,3,2,558.38,2026-07-25T03:44:02.199473,3,5,1,7314.09
pay_demo_004761,cust_0306,6990.96,INR,debit_card,authentication_failed,1,5,2,7575.81,2026-07-20T16:18:02.199493,16,0,0,0.0
pay_demo_004762,cust_0135,38745.08,INR,upi,bank_timeout,1,6,1,13703.91,2026-03-26T18:28:02.199509,18,3,0,0.0
pay_demo_004763,cust_0676,33669.53,INR,debit_card,authentication_failed,1,1,5,17788.52,2026-04-24T05:56:02.199528,5,4,0,0.0
pay_demo_004764,cust_0732,46614.68,INR,debit_card,insufficient_funds,2,19,2,29208.73,2026-07-29T03:31:02.199544,3,2,0,0.0
pay_demo_004765,cust_0421,9352.91,INR,debit_card,authentication_failed,1,8,3,22189.96,2026-05-23T14:59:02.199560,14,5,1,9212.07
pay_demo_004766,cust_0551,37730.16,INR,netbanking,card_declined,1,11,1,11590.94,2026-06-18T23:27:02.199578,23,3,0,0.0
pay_demo_004767,cust_0194,213.29,INR,netbanking,bank_timeout,1,12,1,26935.63,2026-06-28T11:59:02.199594,11,6,1,185.42
pay_demo_004768,cust_0972,9546.89,INR,upi,authentication_failed,3,13,3,25265.67,2026-07-17T10:58:02.199611,10,4,0,0.0
pay_demo_004769,cust_0502,37345.16,INR,credit_card,card_declined,1,4,2,9976.91,2026-03-27T02:28:02.199626,2,4,0,0.0
pay_demo_004770,cust_0586,23640.55,INR,netbanking,card_declined,1,5,5,9371.38,2026-04-21T19:58:02.199642,19,1,0,0.0
pay_demo_004771,cust_0287,21722.4,INR,credit_card,insufficient_funds,1,5,4,25697.26,2026-07-08T07:16:02.199658,7,2,0,0.0
pay_demo_004772,cust_0806,4319.18,INR,debit_card,insufficient_funds,2,6,2,18240.93,2026-08-20T11:53:02.199674,11,3,1,3985.75
pay_demo_004773,cust_0029,38616.26,INR,debit_card,bank_timeout,2,3,2,9329.18,2026-07-15T14:41:02.199693,14,2,1,38178.6
pay_demo_004774,cust_0190,29595.1,INR,credit_card,upi_failure,2,12,3,20422.85,2026-04-16T02:10:02.199710,2,3,0,0.0
pay_demo_004775,cust_0661,28451.53,INR,credit_card,authentication_failed,1,1,2,12742.0,2026-07-18T01:23:02.199726,1,5,0,0.0
pay_demo_004776,cust_0709,9620.75,INR,netbanking,upi_failure,1,6,2,16808.09,2026-06-29T17:17:02.199742,17,0,1,8931.36
pay_demo_004777,cust_0521,32267.84,INR,debit_card,network_error,1,19,0,10540.19,2026-08-19T05:22:02.199760,5,2,1,31031.57
pay_demo_004778,cust_0349,28157.36,INR,debit_card,network_error,1,16,5,29743.34,2026-05-31T08:54:02.199777,8,6,1,24884.05
pay_demo_004779,cust_0759,34967.51,INR,credit_card,bank_timeout,1,0,4,12930.44,2026-08-10T06:35:02.199797,6,0,0,0.0
pay_demo_004780,cust_0618,40706.7,INR,debit_card,card_declined,1,9,3,21713.32,2026-05-30T18:15:02.199813,18,5,0,0.0
pay_demo_004781,cust_0635,5079.11,INR,credit_card,authentication_failed,1,20,3,26148.45,2026-08-17T06:22:02.199829,6,0,1,4904.72
pay_demo_004782,cust_0586,6991.65,INR,credit_card,card_declined,2,0,5,5595.02,2026-07-25T02:19:02.199849,2,5,1,6329.87
pay_demo_004783,cust_0822,31829.97,INR,debit_card,authentication_failed,1,3,5,20204.38,2026-05-25T12:15:02.199873,12,0,0,0.0
pay_demo_004784,cust_0421,9061.38,INR,debit_card,bank_timeout,1,13,3,12915.99,2026-03-15T08:01:02.199892,8,6,1,8770.44
pay_demo_004785,cust_0957,28566.3,INR,debit_card,bank_timeout,2,18,3,9415.41,2026-08-18T16:50:02.199909,16,1,1,26099.44
pay_demo_004786,cust_0274,8692.16,INR,debit_card,upi_failure,2,4,0,13190.18,2026-06-19T00:16:02.199926,0,4,1,7681.59
pay_demo_004787,cust_0418,31769.3,INR,debit_card,insufficient_funds,1,1,5,20139.66,2026-07-05T08:58:02.199945,8,6,0,0.0
pay_demo_004788,cust_0354,7637.99,INR,debit_card,insufficient_funds,2,1,4,2416.28,2026-03-07T10:28:02.199962,10,5,1,6775.8
pay_demo_004789,cust_0933,1702.1,INR,debit_card,insufficient_funds,2,2,5,29632.56,2026-07-17T12:52:02.199979,12,4,1,1635.11
pay_demo_004790,cust_0790,20212.21,INR,netbanking,upi_failure,1,14,0,13328.54,2026-03-14T03:20:02.199998,3,5,0,0.0
pay_demo_004791,cust_0391,14665.49,INR,credit_card,network_error,1,7,0,14267.07,2026-03-12T01:01:02.200013,1,3,0,0.0
pay_demo_004792,cust_0472,26305.2,INR,upi,authentication_failed,1,1,0,4488.6,2026-06-14T07:13:02.200030,7,6,0,0.0
pay_demo_004793,cust_0010,18721.59,INR,debit_card,insufficient_funds,1,16,3,9568.02,2026-03-30T04:01:02.200048,4,0,1,15985.01
pay_demo_004794,cust_0263,29291.8,INR,upi,authentication_failed,3,1,3,5501.68,2026-07-09T01:58:02.200065,1,3,0,0.0
pay_demo_004795,cust_0750,42029.69,INR,debit_card,network_error,1,0,2,17268.98,2026-07-05T23:17:02.200080,23,6,0,0.0
pay_demo_004796,cust_0981,20829.57,INR,upi,upi_failure,1,2,0,14023.4,2026-03-09T15:19:02.200096,15,0,1,20728.85
pay_demo_004797,cust_0077,1655.23,INR,debit_card,upi_failure,2,6,0,11250.75,2026-04-16T07:33:02.200113,7,3,1,1543.41
pay_demo_004798,cust_0040,19474.47,INR,upi,card_declined,1,11,5,3914.99,2026-07-29T15:29:02.200129,15,2,1,17219.16
pay_demo_004799,cust_0960,3784.29,INR,netbanking,bank_timeout,1,3,2,21721.62,2026-05-02T08:59:02.200147,8,5,1,3605.65
pay_demo_004800,cust_0067,17269.52,INR,credit_card,network_error,1,3,2,4103.86,2026-08-07T01:35:02.200164,1,4,0,0.0
pay_demo_004801,cust_0179,43277.99,INR,netbanking,bank_timeout,1,11,4,6187.84,2026-07-30T22:37:02.200179,22,3,1,37468.17
pay_demo_004802,cust_0878,21208.71,INR,debit_card,bank_timeout,1,15,1,28437.91,2026-05-30T17:55:02.200196,17,5,1,20729.47
pay_demo_004803,cust_0037,24939.53,INR,netbanking,bank_timeout,1,0,3,4778.43,2026-08-19T06:21:02.200218,6,2,0,0.0
pay_demo_004804,cust_0314,16179.87,INR,credit_card,upi_failure,2,17,4,13390.19,2026-08-19T00:23:02.200236,0,2,0,0.0
pay_demo_004805,cust_0439,33777.81,INR,credit_card,upi_failure,2,7,1,12521.53,2026-08-02T03:02:02.200251,3,6,0,0.0
pay_demo_004806,cust_0945,46547.78,INR,credit_card,bank_timeout,2,18,0,28345.6,2026-02-28T15:13:02.200270,15,5,1,39977.01
pay_demo_004807,cust_0831,29835.06,INR,upi,insufficient_funds,2,19,3,28274.04,2026-07-30T05:54:02.200288,5,3,0,0.0
pay_demo_004808,cust_0678,35100.11,INR,credit_card,network_error,1,9,5,2767.78,2026-03-29T15:23:02.200304,15,6,1,30624.97
pay_demo_004809,cust_0365,13381.49,INR,credit_card,upi_failure,2,1,1,12452.66,2026-06-22T03:51:02.200321,3,0,0,0.0
pay_demo_004810,cust_0491,12293.88,INR,netbanking,authentication_failed,1,12,3,26879.95,2026-04-09T21:06:02.200337,21,3,1,10602.88
pay_demo_004811,cust_0343,3689.49,INR,credit_card,network_error,1,4,5,26400.04,2026-07-21T15:50:02.200354,15,1,0,0.0
pay_demo_004812,cust_0020,36849.2,INR,netbanking,card_declined,1,16,1,20065.04,2026-05-03T09:30:02.200372,9,6,0,0.0
pay_demo_004813,cust_0069,776.31,INR,upi,network_error,1,4,2,28838.83,2026-04-21T04:12:02.200391,4,1,1,685.84
pay_demo_004814,cust_0368,4345.57,INR,credit_card,insufficient_funds,2,3,2,13904.95,2026-07-13T22:27:02.200409,22,0,1,3811.25
pay_demo_004815,cust_0255,39614.37,INR,netbanking,bank_timeout,2,12,5,5337.28,2026-08-06T09:10:02.200426,9,3,0,0.0
pay_demo_004816,cust_0998,45869.09,INR,debit_card,authentication_failed,1,4,3,19510.14,2026-05-17T22:06:02.200442,22,6,0,0.0
pay_demo_004817,cust_0699,28200.19,INR,netbanking,network_error,1,3,0,25600.25,2026-08-22T06:45:02.200458,6,5,1,23977.12
pay_demo_004818,cust_0246,31314.28,INR,credit_card,authentication_failed,1,15,3,26996.47,2026-07-03T11:01:02.200475,11,4,0,0.0
pay_demo_004819,cust_0794,26525.87,INR,credit_card,insufficient_funds,1,18,4,19621.05,2026-05-31T22:37:02.200492,22,6,1,24102.91
pay_demo_004820,cust_0415,32209.83,INR,netbanking,card_declined,1,10,2,1084.11,2026-03-15T23:21:02.200508,23,6,0,0.0
pay_demo_004821,cust_0038,17120.0,INR,upi,authentication_failed,1,17,1,1770.01,2026-03-20T04:51:02.200525,4,4,0,0.0
pay_demo_004822,cust_0370,2588.21,INR,upi,upi_failure,3,11,3,27879.74,2026-06-09T21:25:02.200541,21,1,1,2422.79
pay_demo_004823,cust_0295,38786.85,INR,credit_card,upi_failure,1,2,3,1921.08,2026-08-24T01:51:02.200560,1,0,1,36437.68
pay_demo_004824,cust_0770,47635.89,INR,upi,card_declined,1,18,0,22988.5,2026-04-20T20:15:02.200578,20,0,0,0.0
pay_demo_004825,cust_0920,45025.75,INR,credit_card,card_declined,1,8,4,923.25,2026-07-24T21:34:02.200594,21,4,0,0.0
pay_demo_004826,cust_0454,14098.35,INR,upi,bank_timeout,2,13,3,10318.79,2026-08-22T01:20:02.200610,1,5,1,13654.7
pay_demo_004827,cust_0286,9576.1,INR,netbanking,upi_failure,1,6,5,26297.49,2026-06-03T09:40:02.200641,9,2,1,9065.63
pay_demo_004828,cust_0681,43011.78,INR,credit_card,network_error,1,17,1,24785.66,2026-05-19T22:04:02.200658,22,1,1,37836.37
pay_demo_004829,cust_0598,3132.62,INR,netbanking,card_declined,1,13,3,25584.58,2026-05-18T08:39:02.200675,8,0,0,0.0
pay_demo_004830,cust_0874,10328.25,INR,debit_card,bank_timeout,2,7,2,20011.07,2026-04-23T14:50:02.200692,14,3,1,9706.16
pay_demo_004831,cust_0140,24924.15,INR,upi,insufficient_funds,1,17,0,22995.31,2026-08-21T17:31:02.200710,17,4,1,23203.54
pay_demo_004832,cust_0877,306.17,INR,upi,insufficient_funds,1,0,4,4990.66,2026-06-27T15:04:02.200728,15,5,0,0.0
pay_demo_004833,cust_0100,40674.55,INR,netbanking,bank_timeout,1,19,0,17515.69,2026-05-31T08:17:02.200751,8,6,1,37747.54
pay_demo_004834,cust_0826,39881.99,INR,upi,card_declined,1,18,0,15211.14,2026-05-18T15:43:02.200772,15,0,1,35490.15
pay_demo_004835,cust_0614,2589.21,INR,credit_card,network_error,1,12,5,2709.32,2026-03-15T19:54:02.200789,19,6,0,0.0
pay_demo_004836,cust_0707,8611.31,INR,netbanking,authentication_failed,2,14,1,13230.06,2026-08-23T13:45:02.200805,13,6,1,8327.81
pay_demo_004837,cust_0811,42888.78,INR,upi,insufficient_funds,2,0,5,25554.91,2026-04-16T03:43:02.200822,3,3,0,0.0
pay_demo_004838,cust_0872,39801.07,INR,debit_card,authentication_failed,1,4,0,21365.07,2026-03-30T13:38:02.200838,13,0,1,37060.34
pay_demo_004839,cust_0828,20155.31,INR,debit_card,network_error,1,6,1,20225.93,2026-05-04T15:40:02.200855,15,0,1,17707.02
pay_demo_004840,cust_0622,48176.79,INR,upi,insufficient_funds,1,9,4,13506.39,2026-08-06T03:43:02.200873,3,3,0,0.0
pay_demo_004841,cust_0311,12899.83,INR,credit_card,authentication_failed,1,14,1,11643.41,2026-03-16T04:00:02.200889,4,0,1,12165.47
pay_demo_004842,cust_0866,3284.48,INR,debit_card,card_declined,1,14,4,9525.83,2026-05-19T17:56:02.200907,17,1,1,3052.25
pay_demo_004843,cust_0224,32765.45,INR,credit_card,authentication_failed,1,0,1,8922.57,2026-03-29T18:21:02.200929,18,6,0,0.0
pay_demo_004844,cust_0499,26953.54,INR,debit_card,insufficient_funds,2,9,3,21871.14,2026-03-12T21:42:02.200945,21,3,0,0.0
pay_demo_004845,cust_0072,39516.74,INR,credit_card,bank_timeout,2,13,3,12395.64,2026-08-26T07:03:02.200961,7,2,0,0.0
pay_demo_004846,cust_0624,20563.14,INR,upi,bank_timeout,1,13,2,15417.4,2026-03-21T09:30:02.200978,9,5,1,19568.93
pay_demo_004847,cust_0723,15659.59,INR,debit_card,card_declined,1,4,4,6946.72,2026-06-04T15:18:02.200994,15,3,0,0.0
pay_demo_004848,cust_0654,45844.25,INR,debit_card,authentication_failed,1,10,0,20837.85,2026-04-02T06:37:02.201012,6,3,1,40299.19
pay_demo_004849,cust_0905,45277.13,INR,debit_card,card_declined,3,12,4,22786.97,2026-04-16T20:46:02.201029,20,3,0,0.0
pay_demo_004850,cust_0302,30436.54,INR,netbanking,bank_timeout,1,12,2,29652.32,2026-07-12T02:27:02.201048,2,6,1,29111.07
pay_demo_004851,cust_0229,43316.23,INR,debit_card,authentication_failed,2,0,3,991.31,2026-03-27T20:23:02.201070,20,4,1,37094.59
pay_demo_004852,cust_0299,35332.15,INR,netbanking,network_error,1,0,0,11087.95,2026-04-18T01:14:02.201087,1,5,0,0.0
pay_demo_004853,cust_0653,40125.4,INR,credit_card,upi_failure,2,2,1,18382.28,2026-07-20T04:21:02.201106,4,0,1,38583.79
pay_demo_004854,cust_0356,13814.04,INR,upi,network_error,1,15,4,15865.85,2026-06-11T03:31:02.201123,3,3,1,13301.74
pay_demo_004855,cust_0726,15516.78,INR,debit_card,bank_timeout,1,9,1,16027.65,2026-07-24T22:10:02.201139,22,4,1,13654.76
pay_demo_004856,cust_0365,41338.33,INR,upi,authentication_failed,2,1,3,15496.68,2026-05-05T09:07:02.201156,9,1,0,0.0
pay_demo_004857,cust_0341,16835.63,INR,upi,upi_failure,1,10,3,23965.1,2026-03-17T03:05:02.201172,3,1,1,16377.08
pay_demo_004858,cust_0731,3170.53,INR,credit_card,card_declined,2,6,1,29924.31,2026-08-10T15:51:02.201189,15,0,0,0.0
pay_demo_004859,cust_0996,12809.57,INR,debit_card,bank_timeout,3,2,3,22170.24,2026-07-20T04:42:02.201204,4,0,0,0.0
pay_demo_004860,cust_0448,20904.02,INR,upi,authentication_failed,1,5,5,8300.59,2026-06-27T10:43:02.201220,10,5,1,19479.44
pay_demo_004861,cust_0077,22292.02,INR,credit_card,authentication_failed,1,11,5,15115.94,2026-07-07T22:14:02.201237,22,1,1,20241.68
pay_demo_004862,cust_0267,43546.18,INR,netbanking,bank_timeout,1,8,0,18066.26,2026-06-10T23:05:02.201257,23,2,1,41754.46
pay_demo_004863,cust_0063,41295.3,INR,credit_card,upi_failure,1,16,1,27195.29,2026-03-07T13:03:02.201276,13,5,0,0.0
pay_demo_004864,cust_0615,32807.82,INR,netbanking,insufficient_funds,1,7,5,24311.46,2026-04-07T08:32:02.201293,8,1,0,0.0
pay_demo_004865,cust_0491,19244.79,INR,debit_card,bank_timeout,1,9,3,22976.25,2026-06-16T12:55:02.201308,12,1,1,18915.55
pay_demo_004866,cust_0463,13772.8,INR,upi,insufficient_funds,1,5,3,24644.27,2026-03-15T10:41:02.201325,10,6,0,0.0
pay_demo_004867,cust_0186,28589.49,INR,netbanking,card_declined,1,5,3,11410.13,2026-06-24T13:19:02.201341,13,2,0,0.0
pay_demo_004868,cust_0845,13071.2,INR,credit_card,upi_failure,1,16,4,7780.65,2026-05-05T12:23:02.201357,12,1,1,11812.5
pay_demo_004869,cust_0243,20085.65,INR,debit_card,authentication_failed,2,5,5,1948.29,2026-04-01T15:34:02.201377,15,2,0,0.0
pay_demo_004870,cust_0035,16718.33,INR,debit_card,card_declined,2,11,4,26351.41,2026-03-02T17:23:02.201393,17,0,0,0.0
pay_demo_004871,cust_0678,48926.07,INR,upi,bank_timeout,2,20,3,11860.16,2026-03-04T04:52:02.201409,4,2,0,0.0
pay_demo_004872,cust_0855,22424.5,INR,debit_card,insufficient_funds,1,10,5,4828.97,2026-04-17T09:58:02.201425,9,4,1,21924.28
pay_demo_004873,cust_0362,38511.64,INR,credit_card,upi_failure,1,20,2,7128.95,2026-07-25T05:23:02.201444,5,5,1,36716.04
pay_demo_004874,cust_0478,44949.73,INR,credit_card,network_error,1,8,1,24192.19,2026-08-12T19:23:02.201462,19,2,1,44255.25
pay_demo_004875,cust_0788,13124.75,INR,upi,upi_failure,1,16,4,11864.45,2026-03-20T04:17:02.201478,4,4,0,0.0
pay_demo_004876,cust_0981,27986.89,INR,upi,network_error,2,12,1,26707.16,2026-06-23T02:51:02.201494,2,1,1,25835.98
pay_demo_004877,cust_0315,22071.98,INR,netbanking,bank_timeout,1,14,4,13955.06,2026-04-27T06:57:02.201512,6,0,1,19891.41
pay_demo_004878,cust_0417,6305.18,INR,netbanking,insufficient_funds,1,15,1,11653.53,2026-04-28T21:47:02.201531,21,1,1,6061.22
pay_demo_004879,cust_0740,24863.25,INR,upi,upi_failure,1,20,1,27221.22,2026-04-04T01:09:02.201549,1,5,0,0.0
pay_demo_004880,cust_0121,20010.52,INR,netbanking,authentication_failed,1,5,2,22528.6,2026-03-11T11:23:02.201567,11,2,1,19183.23
pay_demo_004881,cust_0536,36204.41,INR,netbanking,card_declined,2,12,1,28103.52,2026-08-08T07:54:02.201583,7,5,0,0.0
pay_demo_004882,cust_0185,15738.62,INR,credit_card,insufficient_funds,1,12,5,29266.58,2026-04-08T10:34:02.201599,10,2,0,0.0
pay_demo_004883,cust_0044,49347.71,INR,netbanking,bank_timeout,1,14,0,19317.02,2026-04-17T02:26:02.201617,2,4,1,44605.2
pay_demo_004884,cust_0625,7218.97,INR,netbanking,network_error,1,5,1,28719.83,2026-07-20T04:30:02.201636,4,0,1,6195.86
pay_demo_004885,cust_0027,39300.35,INR,credit_card,upi_failure,2,7,3,7555.72,2026-06-01T15:54:02.201652,15,0,0,0.0
pay_demo_004886,cust_0293,24020.96,INR,upi,bank_timeout,1,10,4,29760.24,2026-07-12T21:27:02.201669,21,6,1,20825.96
pay_demo_004887,cust_0580,16795.71,INR,netbanking,bank_timeout,2,0,3,24773.67,2026-05-08T09:32:02.201685,9,4,0,0.0
pay_demo_004888,cust_0669,21486.42,INR,credit_card,bank_timeout,1,12,2,9725.06,2026-04-08T17:50:02.201702,17,2,0,0.0
pay_demo_004889,cust_0410,44507.52,INR,credit_card,upi_failure,1,0,1,28849.42,2026-06-26T16:18:02.201718,16,4,0,0.0
pay_demo_004890,cust_0941,36938.94,INR,credit_card,authentication_failed,1,3,1,10450.32,2026-06-12T01:37:02.201733,1,4,0,0.0
pay_demo_004891,cust_0462,16509.78,INR,upi,upi_failure,1,19,2,25547.71,2026-05-05T09:00:02.201751,9,1,0,0.0
pay_demo_004892,cust_0239,4945.58,INR,netbanking,bank_timeout,1,17,5,21903.76,2026-05-25T06:50:02.201768,6,0,1,4342.18
pay_demo_004893,cust_0069,44968.75,INR,credit_card,upi_failure,1,12,1,23675.28,2026-04-29T04:30:02.201787,4,2,1,41701.44
pay_demo_004894,cust_0823,49167.09,INR,credit_card,card_declined,1,7,3,19164.84,2026-06-12T02:43:02.201804,2,4,0,0.0
pay_demo_004895,cust_0737,15609.51,INR,upi,bank_timeout,1,6,1,23627.55,2026-05-05T17:26:02.201820,17,1,1,13594.99
pay_demo_004896,cust_0028,18974.96,INR,upi,upi_failure,1,18,2,4831.23,2026-03-24T19:14:02.201837,19,1,1,16346.08
pay_demo_004897,cust_0629,41509.49,INR,debit_card,card_declined,1,6,5,22955.77,2026-03-19T13:59:02.201853,13,3,0,0.0
pay_demo_004898,cust_0442,30182.15,INR,netbanking,network_error,2,1,4,17581.28,2026-07-05T07:32:02.201868,7,6,0,0.0
pay_demo_004899,cust_0138,43767.65,INR,upi,insufficient_funds,2,6,4,4955.21,2026-03-29T04:30:02.201884,4,6,1,38462.81
pay_demo_004900,cust_0775,41068.12,INR,upi,bank_timeout,1,0,5,28543.6,2026-03-07T12:23:02.201901,12,5,0,0.0
pay_demo_004901,cust_0358,47023.6,INR,netbanking,card_declined,1,17,0,21831.71,2026-05-20T08:00:02.201916,8,2,0,0.0
pay_demo_004902,cust_0973,12026.71,INR,debit_card,authentication_failed,3,0,0,26000.75,2026-06-05T02:18:02.201932,2,4,0,0.0
pay_demo_004903,cust_0277,43534.53,INR,upi,bank_timeout,2,6,0,24693.18,2026-06-18T17:04:02.201950,17,3,1,38573.22
pay_demo_004904,cust_0001,45802.72,INR,netbanking,upi_failure,1,3,5,26529.64,2026-07-28T12:45:02.201967,12,1,0,0.0
pay_demo_004905,cust_0589,16752.19,INR,credit_card,network_error,1,15,4,22194.5,2026-07-31T04:38:02.201985,4,4,1,16356.3
pay_demo_004906,cust_0907,31153.4,INR,upi,network_error,2,7,3,9137.35,2026-04-24T03:36:02.202001,3,4,1,27961.71
pay_demo_004907,cust_0717,28535.35,INR,upi,upi_failure,3,9,4,19217.13,2026-05-18T23:05:02.202018,23,0,0,0.0
pay_demo_004908,cust_0584,49505.78,INR,upi,card_declined,2,0,0,22811.51,2026-06-01T02:49:02.202034,2,0,0,0.0
pay_demo_004909,cust_0760,20934.39,INR,netbanking,upi_failure,1,9,2,19134.17,2026-07-08T03:45:02.202050,3,2,0,0.0
pay_demo_004910,cust_0917,30466.47,INR,credit_card,insufficient_funds,1,18,3,1484.48,2026-07-29T12:50:02.202065,12,2,1,27426.38
pay_demo_004911,cust_0824,31609.29,INR,upi,upi_failure,1,11,3,22478.06,2026-06-10T02:27:02.202083,2,2,0,0.0
pay_demo_004912,cust_0560,37156.33,INR,upi,upi_failure,3,15,0,8309.49,2026-06-18T06:06:02.202102,6,3,0,0.0
pay_demo_004913,cust_0718,16656.99,INR,debit_card,bank_timeout,1,18,5,6704.4,2026-06-16T22:09:02.202120,22,1,1,14990.47
pay_demo_004914,cust_0784,32003.49,INR,netbanking,authentication_failed,3,9,0,2876.28,2026-03-17T05:49:02.202139,5,1,0,0.0
pay_demo_004915,cust_0379,10111.48,INR,upi,authentication_failed,1,16,5,23395.08,2026-08-09T01:37:02.202155,1,6,0,0.0
pay_demo_004916,cust_0834,38504.63,INR,netbanking,card_declined,1,19,5,29527.23,2026-07-19T21:30:02.202170,21,6,0,0.0
pay_demo_004917,cust_0936,41656.07,INR,netbanking,network_error,2,1,2,21003.67,2026-07-10T04:46:02.202185,4,4,0,0.0
pay_demo_004918,cust_0148,29577.77,INR,upi,network_error,1,16,4,29619.17,2026-06-05T06:09:02.202201,6,4,0,0.0
pay_demo_004919,cust_0650,16357.98,INR,credit_card,network_error,2,17,0,6155.99,2026-08-21T17:34:02.202217,17,4,1,15061.18
pay_demo_004920,cust_0770,4310.9,INR,upi,upi_failure,3,17,3,17222.71,2026-03-04T14:29:02.202234,14,2,1,3893.68
pay_demo_004921,cust_0709,3265.19,INR,debit_card,network_error,1,17,0,24211.55,2026-06-23T23:16:02.202250,23,1,1,3065.62
pay_demo_004922,cust_0708,32760.76,INR,debit_card,bank_timeout,1,2,4,3478.83,2026-05-21T21:31:02.202267,21,3,0,0.0
pay_demo_004923,cust_0900,1867.38,INR,upi,upi_failure,1,11,2,21980.6,2026-07-31T00:08:02.202285,0,4,1,1803.22
pay_demo_004924,cust_0759,6931.18,INR,credit_card,authentication_failed,1,3,0,26303.26,2026-03-31T14:19:02.202302,14,1,1,6229.77
pay_demo_004925,cust_0326,16476.06,INR,credit_card,authentication_failed,1,4,2,25335.11,2026-05-09T21:45:02.202319,21,5,0,0.0
pay_demo_004926,cust_0276,5236.19,INR,credit_card,authentication_failed,3,18,4,13640.77,2026-08-11T22:23:02.202335,22,1,0,0.0
pay_demo_004927,cust_0196,33134.72,INR,upi,upi_failure,1,8,0,15139.45,2026-05-09T20:55:02.202351,20,5,0,0.0
pay_demo_004928,cust_0099,44264.11,INR,debit_card,network_error,3,5,2,22628.98,2026-08-18T04:37:02.202367,4,1,0,0.0
pay_demo_004929,cust_0768,17270.79,INR,credit_card,authentication_failed,1,2,1,4141.77,2026-05-14T01:26:02.202382,1,3,0,0.0
pay_demo_004930,cust_0306,25909.99,INR,upi,bank_timeout,1,5,5,6607.43,2026-03-02T23:55:02.202402,23,0,1,23654.91
pay_demo_004931,cust_0594,41314.45,INR,debit_card,upi_failure,1,12,5,14208.68,2026-06-26T18:48:02.202419,18,4,1,38515.51
pay_demo_004932,cust_0663,39981.04,INR,credit_card,card_declined,1,3,2,7604.92,2026-06-16T11:05:02.202435,11,1,0,0.0
pay_demo_004933,cust_0174,8925.75,INR,upi,authentication_failed,1,19,5,2145.59,2026-07-07T07:19:02.202456,7,1,0,0.0
pay_demo_004934,cust_0881,36573.34,INR,upi,upi_failure,2,11,0,18635.44,2026-06-19T18:29:02.202472,18,4,1,34604.29
pay_demo_004935,cust_0447,27261.34,INR,netbanking,insufficient_funds,1,14,3,5784.26,2026-08-21T01:30:02.202491,1,4,1,25177.73
pay_demo_004936,cust_0479,14476.97,INR,upi,bank_timeout,2,11,4,2847.25,2026-05-30T00:33:02.202508,0,5,0,0.0
pay_demo_004937,cust_0927,43487.59,INR,upi,upi_failure,1,2,4,9703.58,2026-05-28T01:12:02.202524,1,3,1,39365.3
pay_demo_004938,cust_0638,21323.95,INR,credit_card,authentication_failed,1,4,0,14775.46,2026-07-26T06:43:02.202541,6,6,0,0.0
pay_demo_004939,cust_0145,13371.55,INR,netbanking,authentication_failed,1,18,4,2261.75,2026-07-17T23:05:02.202557,23,4,0,0.0
pay_demo_004940,cust_0159,30937.47,INR,netbanking,insufficient_funds,1,3,5,19611.85,2026-06-21T20:00:02.202574,20,6,0,0.0
pay_demo_004941,cust_0320,31330.98,INR,netbanking,network_error,2,7,0,9084.79,2026-05-22T19:16:02.202590,19,4,1,28383.72
pay_demo_004942,cust_0063,11090.26,INR,credit_card,upi_failure,2,7,0,948.64,2026-07-30T17:58:02.202608,17,3,1,9895.33
pay_demo_004943,cust_0310,41675.34,INR,credit_card,bank_timeout,1,14,5,14604.81,2026-03-07T03:01:02.202637,3,5,0,0.0
pay_demo_004944,cust_0988,42452.37,INR,debit_card,authentication_failed,2,4,5,4427.56,2026-04-27T09:01:02.202654,9,0,0,0.0
pay_demo_004945,cust_0966,33097.57,INR,netbanking,bank_timeout,2,18,3,12285.29,2026-03-14T08:23:02.202670,8,5,1,31030.82
pay_demo_004946,cust_0990,26003.56,INR,netbanking,authentication_failed,1,12,5,17953.68,2026-03-15T14:58:02.202687,14,6,1,22351.25
pay_demo_004947,cust_0357,967.79,INR,netbanking,authentication_failed,1,9,4,18865.63,2026-05-04T18:18:02.202704,18,0,1,887.54
pay_demo_004948,cust_0413,9662.02,INR,netbanking,network_error,1,1,3,3838.88,2026-07-31T04:07:02.202721,4,4,1,8622.4
pay_demo_004949,cust_0322,2576.63,INR,debit_card,authentication_failed,1,1,0,2448.47,2026-04-26T23:16:02.202738,23,6,0,0.0
pay_demo_004950,cust_0289,7290.97,INR,debit_card,network_error,2,7,5,21673.2,2026-07-23T17:14:02.202756,17,3,0,0.0
pay_demo_004951,cust_0566,4468.51,INR,debit_card,insufficient_funds,1,13,0,13225.73,2026-05-16T00:07:02.202772,0,5,0,0.0
pay_demo_004952,cust_0637,44009.2,INR,netbanking,upi_failure,1,13,4,14853.63,2026-04-25T20:55:02.202788,20,5,1,41392.6
pay_demo_004953,cust_0540,40393.12,INR,debit_card,bank_timeout,2,3,2,15075.59,2026-05-03T19:47:02.202808,19,6,0,0.0
pay_demo_004954,cust_0597,3189.43,INR,credit_card,card_declined,1,20,2,28105.55,2026-04-17T12:02:02.202826,12,4,1,2797.98
pay_demo_004955,cust_0309,6685.33,INR,netbanking,insufficient_funds,2,9,2,24011.24,2026-04-12T00:44:02.202843,0,6,0,0.0
pay_demo_004956,cust_0729,18941.08,INR,credit_card,card_declined,1,8,3,19585.06,2026-04-22T12:07:02.202860,12,2,0,0.0
pay_demo_004957,cust_0027,26054.15,INR,upi,upi_failure,1,14,5,2431.6,2026-04-22T07:46:02.202875,7,2,1,24616.48
pay_demo_004958,cust_0286,2644.29,INR,credit_card,authentication_failed,1,8,4,18270.25,2026-07-15T15:43:02.202892,15,2,0,0.0
pay_demo_004959,cust_0960,11706.74,INR,credit_card,card_declined,1,1,2,9631.97,2026-05-18T00:33:02.202908,0,0,0,0.0
pay_demo_004960,cust_0120,6152.54,INR,upi,card_declined,1,5,5,14948.51,2026-05-07T03:48:02.202924,3,3,0,0.0
pay_demo_004961,cust_0303,41216.74,INR,netbanking,upi_failure,1,14,4,22355.21,2026-05-24T01:54:02.202940,1,6,0,0.0
pay_demo_004962,cust_0474,44819.72,INR,credit_card,authentication_failed,1,3,5,15736.33,2026-04-16T20:42:02.202956,20,3,0,0.0
pay_demo_004963,cust_0426,24876.29,INR,debit_card,bank_timeout,2,10,2,19022.16,2026-03-18T12:41:02.202974,12,2,1,23614.6
pay_demo_004964,cust_0612,22947.25,INR,upi,authentication_failed,1,1,3,26856.38,2026-03-16T22:09:02.202992,22,0,0,0.0
pay_demo_004965,cust_0317,31619.45,INR,debit_card,upi_failure,3,0,0,2601.47,2026-07-08T20:13:02.203007,20,2,0,0.0
pay_demo_004966,cust_0951,13257.05,INR,credit_card,card_declined,1,11,4,5674.59,2026-03-17T18:26:02.203023,18,1,0,0.0
pay_demo_004967,cust_0642,27800.24,INR,netbanking,card_declined,1,8,0,11318.49,2026-06-01T03:04:02.203042,3,0,1,26242.64
pay_demo_004968,cust_0335,42593.18,INR,upi,card_declined,1,20,4,10978.92,2026-06-06T19:03:02.203061,19,5,0,0.0
pay_demo_004969,cust_0666,20297.01,INR,credit_card,authentication_failed,1,14,2,5056.39,2026-07-24T20:01:02.203080,20,4,0,0.0
pay_demo_004970,cust_0190,6533.77,INR,debit_card,bank_timeout,1,9,4,12471.61,2026-05-02T18:38:02.203096,18,5,1,5887.37
pay_demo_004971,cust_0732,3272.71,INR,upi,authentication_failed,1,14,3,1889.43,2026-05-14T09:48:02.203114,9,3,1,2997.37
pay_demo_004972,cust_0383,1870.76,INR,credit_card,insufficient_funds,3,18,2,11996.84,2026-03-21T17:12:02.203132,17,5,0,0.0
pay_demo_004973,cust_0184,3148.61,INR,upi,card_declined,2,1,3,26860.79,2026-05-20T03:55:02.203151,3,2,1,2994.18
pay_demo_004974,cust_0787,49050.54,INR,debit_card,upi_failure,1,4,1,12209.14,2026-04-01T15:58:02.203169,15,2,0,0.0
pay_demo_004975,cust_0106,45292.61,INR,upi,bank_timeout,2,5,0,16364.18,2026-05-23T08:37:02.203193,8,5,1,43571.98
pay_demo_004976,cust_0305,3112.12,INR,netbanking,insufficient_funds,1,5,0,25176.96,2026-07-28T01:09:02.203251,1,1,1,2862.95
pay_demo_004977,cust_0128,30194.36,INR,netbanking,network_error,2,18,3,1310.15,2026-04-16T10:40:02.203315,10,3,1,26726.64
pay_demo_004978,cust_0973,13676.44,INR,credit_card,upi_failure,2,5,0,15110.25,2026-08-16T14:49:02.203361,14,6,1,11786.36
pay_demo_004979,cust_0702,2453.46,INR,netbanking,card_declined,1,4,4,14270.09,2026-03-22T04:07:02.203394,4,6,1,2207.8
pay_demo_004980,cust_0519,28407.28,INR,netbanking,card_declined,2,5,4,21964.85,2026-08-19T21:31:02.203427,21,2,0,0.0
pay_demo_004981,cust_0793,19715.65,INR,netbanking,authentication_failed,2,14,1,27213.99,2026-04-17T22:55:02.203458,22,4,0,0.0
pay_demo_004982,cust_0107,3374.25,INR,credit_card,bank_timeout,1,5,5,28060.38,2026-07-20T17:29:02.203490,17,0,0,0.0
pay_demo_004983,cust_0228,18332.67,INR,credit_card,insufficient_funds,1,15,2,1804.96,2026-06-15T07:11:02.203531,7,0,1,15665.19
pay_demo_004984,cust_0669,12259.28,INR,credit_card,upi_failure,1,19,3,16692.21,2026-05-15T22:45:02.203569,22,4,0,0.0
pay_demo_004985,cust_0865,5660.29,INR,credit_card,card_declined,1,11,2,19114.53,2026-07-25T09:25:02.203605,9,5,1,5021.5
pay_demo_004986,cust_0675,29481.2,INR,netbanking,bank_timeout,1,9,5,11735.83,2026-05-21T04:09:02.203640,4,3,0,0.0
pay_demo_004987,cust_0763,37942.18,INR,debit_card,card_declined,1,2,0,4890.07,2026-03-24T10:20:02.203680,10,1,0,0.0
pay_demo_004988,cust_0777,32494.85,INR,debit_card,upi_failure,1,18,5,1812.72,2026-06-21T17:31:02.203717,17,6,0,0.0
pay_demo_004989,cust_0477,43370.26,INR,credit_card,network_error,1,14,0,10239.4,2026-07-06T13:36:02.203752,13,0,1,41929.39
pay_demo_004990,cust_0852,8585.17,INR,netbanking,insufficient_funds,3,8,3,20192.67,2026-06-05T12:02:02.203789,12,4,0,0.0
pay_demo_004991,cust_0302,26957.17,INR,debit_card,bank_timeout,1,18,0,27386.68,2026-06-07T11:16:02.203833,11,6,1,23865.13
pay_demo_004992,cust_0883,9469.55,INR,netbanking,card_declined,1,3,0,24519.7,2026-04-19T13:55:02.203875,13,6,1,8304.38
pay_demo_004993,cust_0618,35628.89,INR,netbanking,insufficient_funds,2,18,0,12459.93,2026-06-14T19:14:02.203924,19,6,1,31063.94
pay_demo_004994,cust_0902,42434.71,INR,credit_card,upi_failure,1,8,0,16782.79,2026-06-04T08:03:02.203964,8,3,1,38553.6
pay_demo_004995,cust_0502,20379.68,INR,netbanking,insufficient_funds,1,8,2,25299.24,2026-04-16T16:35:02.204001,16,3,0,0.0
pay_demo_004996,cust_0444,900.23,INR,credit_card,insufficient_funds,3,9,0,15656.4,2026-07-09T08:30:02.204034,8,3,0,0.0
pay_demo_004997,cust_0224,19739.79,INR,upi,upi_failure,2,18,1,25631.04,2026-05-13T07:37:02.204072,7,2,0,0.0
pay_demo_004998,cust_0392,32293.58,INR,upi,network_error,2,15,4,11391.99,2026-06-03T16:59:02.204108,16,2,1,27571.83
pay_demo_004999,cust_0191,40616.01,INR,netbanking,upi_failure,1,6,5,12570.38,2026-08-23T15:32:02.204144,15,6,1,39846.69
pay_demo_005000,cust_0634,7938.34,INR,upi,insufficient_funds,2,14,0,8313.5,2026-03-06T20:49:02.204181,20,4,1,7705.52
